Copyright 1986-2022 Xilinx, Inc. All Rights Reserved. Copyright 2022-2024 Advanced Micro Devices, Inc. All Rights Reserved.
------------------------------------------------------------------------------------------------------------------------------------------------------------------------------------------------------------------
| Tool Version : Vivado v.2024.2 (win64) Build 5239630 Fri Nov 08 22:35:27 MST 2024
| Date         : Wed Apr  2 20:32:56 2025
| Host         : DarthViktor running 64-bit major release  (build 9200)
| Command      : report_timing_summary -max_paths 10 -report_unconstrained -file Counter_timing_summary_routed.rpt -pb Counter_timing_summary_routed.pb -rpx Counter_timing_summary_routed.rpx -warn_on_violation
| Design       : Counter
| Device       : 7a35t-cpg236
| Speed File   : -1  PRODUCTION 1.23 2018-06-13
| Design State : Routed
------------------------------------------------------------------------------------------------------------------------------------------------------------------------------------------------------------------

Timing Summary Report

------------------------------------------------------------------------------------------------
| Timer Settings
| --------------
------------------------------------------------------------------------------------------------

  Enable Multi Corner Analysis               :  Yes
  Enable Pessimism Removal                   :  Yes
  Pessimism Removal Resolution               :  Nearest Common Node
  Enable Input Delay Default Clock           :  No
  Enable Preset / Clear Arcs                 :  No
  Disable Flight Delays                      :  No
  Ignore I/O Paths                           :  No
  Timing Early Launch at Borrowing Latches   :  No
  Borrow Time for Max Delay Exceptions       :  Yes
  Merge Timing Exceptions                    :  Yes
  Inter-SLR Compensation                     :  Conservative

  Corner  Analyze    Analyze    
  Name    Max Paths  Min Paths  
  ------  ---------  ---------  
  Slow    Yes        Yes        
  Fast    Yes        Yes        


------------------------------------------------------------------------------------------------
| Report Methodology
| ------------------
------------------------------------------------------------------------------------------------

Rule       Severity  Description                    Violations  
---------  --------  -----------------------------  ----------  
TIMING-18  Warning   Missing input or output delay  7           

Note: This report is based on the most recent report_methodology run and may not be up-to-date. Run report_methodology on the current design for the latest report.



check_timing report

Table of Contents
-----------------
1. checking no_clock (0)
2. checking constant_clock (0)
3. checking pulse_width_clock (0)
4. checking unconstrained_internal_endpoints (0)
5. checking no_input_delay (3)
6. checking no_output_delay (2)
7. checking multiple_clock (0)
8. checking generated_clocks (0)
9. checking loops (0)
10. checking partial_input_delay (0)
11. checking partial_output_delay (0)
12. checking latch_loops (0)

1. checking no_clock (0)
------------------------
 There are 0 register/latch pins with no clock.


2. checking constant_clock (0)
------------------------------
 There are 0 register/latch pins with constant_clock.


3. checking pulse_width_clock (0)
---------------------------------
 There are 0 register/latch pins which need pulse_width check


4. checking unconstrained_internal_endpoints (0)
------------------------------------------------
 There are 0 pins that are not constrained for maximum delay.

 There are 0 pins that are not constrained for maximum delay due to constant clock.


5. checking no_input_delay (3)
------------------------------
 There are 3 input ports with no input delay specified. (HIGH)

 There are 0 input ports with no input delay but user has a false path constraint.


6. checking no_output_delay (2)
-------------------------------
 There are 2 ports with no output delay specified. (HIGH)

 There are 0 ports with no output delay but user has a false path constraint

 There are 0 ports with no output delay but with a timing clock defined on it or propagating through it


7. checking multiple_clock (0)
------------------------------
 There are 0 register/latch pins with multiple clocks.


8. checking generated_clocks (0)
--------------------------------
 There are 0 generated clocks that are not connected to a clock source.


9. checking loops (0)
---------------------
 There are 0 combinational loops in the design.


10. checking partial_input_delay (0)
------------------------------------
 There are 0 input ports with partial input delay specified.


11. checking partial_output_delay (0)
-------------------------------------
 There are 0 ports with partial output delay specified.


12. checking latch_loops (0)
----------------------------
 There are 0 combinational latch loops in the design through latch input



------------------------------------------------------------------------------------------------
| Design Timing Summary
| ---------------------
------------------------------------------------------------------------------------------------

    WNS(ns)      TNS(ns)  TNS Failing Endpoints  TNS Total Endpoints      WHS(ns)      THS(ns)  THS Failing Endpoints  THS Total Endpoints     WPWS(ns)     TPWS(ns)  TPWS Failing Endpoints  TPWS Total Endpoints  
    -------      -------  ---------------------  -------------------      -------      -------  ---------------------  -------------------     --------     --------  ----------------------  --------------------  
      7.180        0.000                      0                   60        0.252        0.000                      0                   60        4.500        0.000                       0                    61  


All user specified timing constraints are met.


------------------------------------------------------------------------------------------------
| Clock Summary
| -------------
------------------------------------------------------------------------------------------------

Clock        Waveform(ns)       Period(ns)      Frequency(MHz)
-----        ------------       ----------      --------------
sys_clk_pin  {0.000 5.000}      10.000          100.000         


------------------------------------------------------------------------------------------------
| Intra Clock Table
| -----------------
------------------------------------------------------------------------------------------------

Clock             WNS(ns)      TNS(ns)  TNS Failing Endpoints  TNS Total Endpoints      WHS(ns)      THS(ns)  THS Failing Endpoints  THS Total Endpoints     WPWS(ns)     TPWS(ns)  TPWS Failing Endpoints  TPWS Total Endpoints  
-----             -------      -------  ---------------------  -------------------      -------      -------  ---------------------  -------------------     --------     --------  ----------------------  --------------------  
sys_clk_pin         7.180        0.000                      0                   60        0.252        0.000                      0                   60        4.500        0.000                       0                    61  


------------------------------------------------------------------------------------------------
| Inter Clock Table
| -----------------
------------------------------------------------------------------------------------------------

From Clock    To Clock          WNS(ns)      TNS(ns)  TNS Failing Endpoints  TNS Total Endpoints      WHS(ns)      THS(ns)  THS Failing Endpoints  THS Total Endpoints  
----------    --------          -------      -------  ---------------------  -------------------      -------      -------  ---------------------  -------------------  


------------------------------------------------------------------------------------------------
| Other Path Groups Table
| -----------------------
------------------------------------------------------------------------------------------------

Path Group    From Clock    To Clock          WNS(ns)      TNS(ns)  TNS Failing Endpoints  TNS Total Endpoints      WHS(ns)      THS(ns)  THS Failing Endpoints  THS Total Endpoints  
----------    ----------    --------          -------      -------  ---------------------  -------------------      -------      -------  ---------------------  -------------------  


------------------------------------------------------------------------------------------------
| User Ignored Path Table
| -----------------------
------------------------------------------------------------------------------------------------

Path Group    From Clock    To Clock    
----------    ----------    --------    


------------------------------------------------------------------------------------------------
| Unconstrained Path Table
| ------------------------
------------------------------------------------------------------------------------------------

Path Group    From Clock    To Clock    
----------    ----------    --------    
(none)                                    
(none)        sys_clk_pin                 
(none)                      sys_clk_pin   


------------------------------------------------------------------------------------------------
| Timing Details
| --------------
------------------------------------------------------------------------------------------------


---------------------------------------------------------------------------------------------------
From Clock:  sys_clk_pin
  To Clock:  sys_clk_pin

Setup :            0  Failing Endpoints,  Worst Slack        7.180ns,  Total Violation        0.000ns
Hold  :            0  Failing Endpoints,  Worst Slack        0.252ns,  Total Violation        0.000ns
PW    :            0  Failing Endpoints,  Worst Slack        4.500ns,  Total Violation        0.000ns
---------------------------------------------------------------------------------------------------


Max Delay Paths
--------------------------------------------------------------------------------------
Slack (MET) :             7.180ns  (required time - arrival time)
  Source:                 cnter1_reg_reg[9]/C
                            (rising edge-triggered cell FDCE clocked by sys_clk_pin  {rise@0.000ns fall@5.000ns period=10.000ns})
  Destination:            cnter1_reg_reg[29]/D
                            (rising edge-triggered cell FDCE clocked by sys_clk_pin  {rise@0.000ns fall@5.000ns period=10.000ns})
  Path Group:             sys_clk_pin
  Path Type:              Setup (Max at Slow Process Corner)
  Requirement:            10.000ns  (sys_clk_pin rise@10.000ns - sys_clk_pin rise@0.000ns)
  Data Path Delay:        2.816ns  (logic 1.920ns (68.170%)  route 0.896ns (31.830%))
  Logic Levels:           6  (CARRY4=6)
  Clock Path Skew:        -0.030ns (DCD - SCD + CPR)
    Destination Clock Delay (DCD):    4.850ns = ( 14.850 - 10.000 ) 
    Source Clock Delay      (SCD):    5.154ns
    Clock Pessimism Removal (CPR):    0.274ns
  Clock Uncertainty:      0.035ns  ((TSJ^2 + TIJ^2)^1/2 + DJ) / 2 + PE
    Total System Jitter     (TSJ):    0.071ns
    Total Input Jitter      (TIJ):    0.000ns
    Discrete Jitter          (DJ):    0.000ns
    Phase Error              (PE):    0.000ns

    Location             Delay type                Incr(ns)  Path(ns)    Netlist Resource(s)
  -------------------------------------------------------------------    -------------------
                         (clock sys_clk_pin rise edge)
                                                      0.000     0.000 r  
    W5                                                0.000     0.000 r  clk (IN)
                         net (fo=0)                   0.000     0.000    clk
    W5                   IBUF (Prop_ibuf_I_O)         1.458     1.458 r  clk_IBUF_inst/O
                         net (fo=1, routed)           1.967     3.425    clk_IBUF
    BUFGCTRL_X0Y0        BUFG (Prop_bufg_I_O)         0.096     3.521 r  clk_IBUF_BUFG_inst/O
                         net (fo=60, routed)          1.633     5.154    clk_IBUF_BUFG
    SLICE_X0Y13          FDCE                                         r  cnter1_reg_reg[9]/C
  -------------------------------------------------------------------    -------------------
    SLICE_X0Y13          FDCE (Prop_fdce_C_Q)         0.456     5.610 r  cnter1_reg_reg[9]/Q
                         net (fo=1, routed)           0.896     6.507    cnter1_reg_reg_n_0_[9]
    SLICE_X0Y13          CARRY4 (Prop_carry4_S[1]_CO[3])
                                                      0.674     7.181 r  cnter1_reg_reg[8]_i_1/CO[3]
                         net (fo=1, routed)           0.000     7.181    cnter1_reg_reg[8]_i_1_n_0
    SLICE_X0Y14          CARRY4 (Prop_carry4_CI_CO[3])
                                                      0.114     7.295 r  cnter1_reg_reg[12]_i_1/CO[3]
                         net (fo=1, routed)           0.000     7.295    cnter1_reg_reg[12]_i_1_n_0
    SLICE_X0Y15          CARRY4 (Prop_carry4_CI_CO[3])
                                                      0.114     7.409 r  cnter1_reg_reg[16]_i_1/CO[3]
                         net (fo=1, routed)           0.000     7.409    cnter1_reg_reg[16]_i_1_n_0
    SLICE_X0Y16          CARRY4 (Prop_carry4_CI_CO[3])
                                                      0.114     7.523 r  cnter1_reg_reg[20]_i_1/CO[3]
                         net (fo=1, routed)           0.000     7.523    cnter1_reg_reg[20]_i_1_n_0
    SLICE_X0Y17          CARRY4 (Prop_carry4_CI_CO[3])
                                                      0.114     7.637 r  cnter1_reg_reg[24]_i_1/CO[3]
                         net (fo=1, routed)           0.000     7.637    cnter1_reg_reg[24]_i_1_n_0
    SLICE_X0Y18          CARRY4 (Prop_carry4_CI_O[1])
                                                      0.334     7.971 r  cnter1_reg_reg[28]_i_1/O[1]
                         net (fo=1, routed)           0.000     7.971    cnter1_reg_reg[28]_i_1_n_6
    SLICE_X0Y18          FDCE                                         r  cnter1_reg_reg[29]/D
  -------------------------------------------------------------------    -------------------

                         (clock sys_clk_pin rise edge)
                                                     10.000    10.000 r  
    W5                                                0.000    10.000 r  clk (IN)
                         net (fo=0)                   0.000    10.000    clk
    W5                   IBUF (Prop_ibuf_I_O)         1.388    11.388 r  clk_IBUF_inst/O
                         net (fo=1, routed)           1.862    13.250    clk_IBUF
    BUFGCTRL_X0Y0        BUFG (Prop_bufg_I_O)         0.091    13.341 r  clk_IBUF_BUFG_inst/O
                         net (fo=60, routed)          1.509    14.850    clk_IBUF_BUFG
    SLICE_X0Y18          FDCE                                         r  cnter1_reg_reg[29]/C
                         clock pessimism              0.274    15.124    
                         clock uncertainty           -0.035    15.089    
    SLICE_X0Y18          FDCE (Setup_fdce_C_D)        0.062    15.151    cnter1_reg_reg[29]
  -------------------------------------------------------------------
                         required time                         15.151    
                         arrival time                          -7.971    
  -------------------------------------------------------------------
                         slack                                  7.180    

Slack (MET) :             7.291ns  (required time - arrival time)
  Source:                 cnter1_reg_reg[9]/C
                            (rising edge-triggered cell FDCE clocked by sys_clk_pin  {rise@0.000ns fall@5.000ns period=10.000ns})
  Destination:            cnter1_reg_reg[28]/D
                            (rising edge-triggered cell FDCE clocked by sys_clk_pin  {rise@0.000ns fall@5.000ns period=10.000ns})
  Path Group:             sys_clk_pin
  Path Type:              Setup (Max at Slow Process Corner)
  Requirement:            10.000ns  (sys_clk_pin rise@10.000ns - sys_clk_pin rise@0.000ns)
  Data Path Delay:        2.705ns  (logic 1.809ns (66.864%)  route 0.896ns (33.136%))
  Logic Levels:           6  (CARRY4=6)
  Clock Path Skew:        -0.030ns (DCD - SCD + CPR)
    Destination Clock Delay (DCD):    4.850ns = ( 14.850 - 10.000 ) 
    Source Clock Delay      (SCD):    5.154ns
    Clock Pessimism Removal (CPR):    0.274ns
  Clock Uncertainty:      0.035ns  ((TSJ^2 + TIJ^2)^1/2 + DJ) / 2 + PE
    Total System Jitter     (TSJ):    0.071ns
    Total Input Jitter      (TIJ):    0.000ns
    Discrete Jitter          (DJ):    0.000ns
    Phase Error              (PE):    0.000ns

    Location             Delay type                Incr(ns)  Path(ns)    Netlist Resource(s)
  -------------------------------------------------------------------    -------------------
                         (clock sys_clk_pin rise edge)
                                                      0.000     0.000 r  
    W5                                                0.000     0.000 r  clk (IN)
                         net (fo=0)                   0.000     0.000    clk
    W5                   IBUF (Prop_ibuf_I_O)         1.458     1.458 r  clk_IBUF_inst/O
                         net (fo=1, routed)           1.967     3.425    clk_IBUF
    BUFGCTRL_X0Y0        BUFG (Prop_bufg_I_O)         0.096     3.521 r  clk_IBUF_BUFG_inst/O
                         net (fo=60, routed)          1.633     5.154    clk_IBUF_BUFG
    SLICE_X0Y13          FDCE                                         r  cnter1_reg_reg[9]/C
  -------------------------------------------------------------------    -------------------
    SLICE_X0Y13          FDCE (Prop_fdce_C_Q)         0.456     5.610 r  cnter1_reg_reg[9]/Q
                         net (fo=1, routed)           0.896     6.507    cnter1_reg_reg_n_0_[9]
    SLICE_X0Y13          CARRY4 (Prop_carry4_S[1]_CO[3])
                                                      0.674     7.181 r  cnter1_reg_reg[8]_i_1/CO[3]
                         net (fo=1, routed)           0.000     7.181    cnter1_reg_reg[8]_i_1_n_0
    SLICE_X0Y14          CARRY4 (Prop_carry4_CI_CO[3])
                                                      0.114     7.295 r  cnter1_reg_reg[12]_i_1/CO[3]
                         net (fo=1, routed)           0.000     7.295    cnter1_reg_reg[12]_i_1_n_0
    SLICE_X0Y15          CARRY4 (Prop_carry4_CI_CO[3])
                                                      0.114     7.409 r  cnter1_reg_reg[16]_i_1/CO[3]
                         net (fo=1, routed)           0.000     7.409    cnter1_reg_reg[16]_i_1_n_0
    SLICE_X0Y16          CARRY4 (Prop_carry4_CI_CO[3])
                                                      0.114     7.523 r  cnter1_reg_reg[20]_i_1/CO[3]
                         net (fo=1, routed)           0.000     7.523    cnter1_reg_reg[20]_i_1_n_0
    SLICE_X0Y17          CARRY4 (Prop_carry4_CI_CO[3])
                                                      0.114     7.637 r  cnter1_reg_reg[24]_i_1/CO[3]
                         net (fo=1, routed)           0.000     7.637    cnter1_reg_reg[24]_i_1_n_0
    SLICE_X0Y18          CARRY4 (Prop_carry4_CI_O[0])
                                                      0.223     7.860 r  cnter1_reg_reg[28]_i_1/O[0]
                         net (fo=1, routed)           0.000     7.860    cnter1_reg_reg[28]_i_1_n_7
    SLICE_X0Y18          FDCE                                         r  cnter1_reg_reg[28]/D
  -------------------------------------------------------------------    -------------------

                         (clock sys_clk_pin rise edge)
                                                     10.000    10.000 r  
    W5                                                0.000    10.000 r  clk (IN)
                         net (fo=0)                   0.000    10.000    clk
    W5                   IBUF (Prop_ibuf_I_O)         1.388    11.388 r  clk_IBUF_inst/O
                         net (fo=1, routed)           1.862    13.250    clk_IBUF
    BUFGCTRL_X0Y0        BUFG (Prop_bufg_I_O)         0.091    13.341 r  clk_IBUF_BUFG_inst/O
                         net (fo=60, routed)          1.509    14.850    clk_IBUF_BUFG
    SLICE_X0Y18          FDCE                                         r  cnter1_reg_reg[28]/C
                         clock pessimism              0.274    15.124    
                         clock uncertainty           -0.035    15.089    
    SLICE_X0Y18          FDCE (Setup_fdce_C_D)        0.062    15.151    cnter1_reg_reg[28]
  -------------------------------------------------------------------
                         required time                         15.151    
                         arrival time                          -7.860    
  -------------------------------------------------------------------
                         slack                                  7.291    

Slack (MET) :             7.296ns  (required time - arrival time)
  Source:                 cnter1_reg_reg[9]/C
                            (rising edge-triggered cell FDCE clocked by sys_clk_pin  {rise@0.000ns fall@5.000ns period=10.000ns})
  Destination:            cnter1_reg_reg[25]/D
                            (rising edge-triggered cell FDCE clocked by sys_clk_pin  {rise@0.000ns fall@5.000ns period=10.000ns})
  Path Group:             sys_clk_pin
  Path Type:              Setup (Max at Slow Process Corner)
  Requirement:            10.000ns  (sys_clk_pin rise@10.000ns - sys_clk_pin rise@0.000ns)
  Data Path Delay:        2.702ns  (logic 1.806ns (66.827%)  route 0.896ns (33.173%))
  Logic Levels:           5  (CARRY4=5)
  Clock Path Skew:        -0.028ns (DCD - SCD + CPR)
    Destination Clock Delay (DCD):    4.852ns = ( 14.852 - 10.000 ) 
    Source Clock Delay      (SCD):    5.154ns
    Clock Pessimism Removal (CPR):    0.274ns
  Clock Uncertainty:      0.035ns  ((TSJ^2 + TIJ^2)^1/2 + DJ) / 2 + PE
    Total System Jitter     (TSJ):    0.071ns
    Total Input Jitter      (TIJ):    0.000ns
    Discrete Jitter          (DJ):    0.000ns
    Phase Error              (PE):    0.000ns

    Location             Delay type                Incr(ns)  Path(ns)    Netlist Resource(s)
  -------------------------------------------------------------------    -------------------
                         (clock sys_clk_pin rise edge)
                                                      0.000     0.000 r  
    W5                                                0.000     0.000 r  clk (IN)
                         net (fo=0)                   0.000     0.000    clk
    W5                   IBUF (Prop_ibuf_I_O)         1.458     1.458 r  clk_IBUF_inst/O
                         net (fo=1, routed)           1.967     3.425    clk_IBUF
    BUFGCTRL_X0Y0        BUFG (Prop_bufg_I_O)         0.096     3.521 r  clk_IBUF_BUFG_inst/O
                         net (fo=60, routed)          1.633     5.154    clk_IBUF_BUFG
    SLICE_X0Y13          FDCE                                         r  cnter1_reg_reg[9]/C
  -------------------------------------------------------------------    -------------------
    SLICE_X0Y13          FDCE (Prop_fdce_C_Q)         0.456     5.610 r  cnter1_reg_reg[9]/Q
                         net (fo=1, routed)           0.896     6.507    cnter1_reg_reg_n_0_[9]
    SLICE_X0Y13          CARRY4 (Prop_carry4_S[1]_CO[3])
                                                      0.674     7.181 r  cnter1_reg_reg[8]_i_1/CO[3]
                         net (fo=1, routed)           0.000     7.181    cnter1_reg_reg[8]_i_1_n_0
    SLICE_X0Y14          CARRY4 (Prop_carry4_CI_CO[3])
                                                      0.114     7.295 r  cnter1_reg_reg[12]_i_1/CO[3]
                         net (fo=1, routed)           0.000     7.295    cnter1_reg_reg[12]_i_1_n_0
    SLICE_X0Y15          CARRY4 (Prop_carry4_CI_CO[3])
                                                      0.114     7.409 r  cnter1_reg_reg[16]_i_1/CO[3]
                         net (fo=1, routed)           0.000     7.409    cnter1_reg_reg[16]_i_1_n_0
    SLICE_X0Y16          CARRY4 (Prop_carry4_CI_CO[3])
                                                      0.114     7.523 r  cnter1_reg_reg[20]_i_1/CO[3]
                         net (fo=1, routed)           0.000     7.523    cnter1_reg_reg[20]_i_1_n_0
    SLICE_X0Y17          CARRY4 (Prop_carry4_CI_O[1])
                                                      0.334     7.857 r  cnter1_reg_reg[24]_i_1/O[1]
                         net (fo=1, routed)           0.000     7.857    cnter1_reg_reg[24]_i_1_n_6
    SLICE_X0Y17          FDCE                                         r  cnter1_reg_reg[25]/D
  -------------------------------------------------------------------    -------------------

                         (clock sys_clk_pin rise edge)
                                                     10.000    10.000 r  
    W5                                                0.000    10.000 r  clk (IN)
                         net (fo=0)                   0.000    10.000    clk
    W5                   IBUF (Prop_ibuf_I_O)         1.388    11.388 r  clk_IBUF_inst/O
                         net (fo=1, routed)           1.862    13.250    clk_IBUF
    BUFGCTRL_X0Y0        BUFG (Prop_bufg_I_O)         0.091    13.341 r  clk_IBUF_BUFG_inst/O
                         net (fo=60, routed)          1.511    14.852    clk_IBUF_BUFG
    SLICE_X0Y17          FDCE                                         r  cnter1_reg_reg[25]/C
                         clock pessimism              0.274    15.126    
                         clock uncertainty           -0.035    15.091    
    SLICE_X0Y17          FDCE (Setup_fdce_C_D)        0.062    15.153    cnter1_reg_reg[25]
  -------------------------------------------------------------------
                         required time                         15.153    
                         arrival time                          -7.857    
  -------------------------------------------------------------------
                         slack                                  7.296    

Slack (MET) :             7.317ns  (required time - arrival time)
  Source:                 cnter1_reg_reg[9]/C
                            (rising edge-triggered cell FDCE clocked by sys_clk_pin  {rise@0.000ns fall@5.000ns period=10.000ns})
  Destination:            cnter1_reg_reg[27]/D
                            (rising edge-triggered cell FDCE clocked by sys_clk_pin  {rise@0.000ns fall@5.000ns period=10.000ns})
  Path Group:             sys_clk_pin
  Path Type:              Setup (Max at Slow Process Corner)
  Requirement:            10.000ns  (sys_clk_pin rise@10.000ns - sys_clk_pin rise@0.000ns)
  Data Path Delay:        2.681ns  (logic 1.785ns (66.567%)  route 0.896ns (33.433%))
  Logic Levels:           5  (CARRY4=5)
  Clock Path Skew:        -0.028ns (DCD - SCD + CPR)
    Destination Clock Delay (DCD):    4.852ns = ( 14.852 - 10.000 ) 
    Source Clock Delay      (SCD):    5.154ns
    Clock Pessimism Removal (CPR):    0.274ns
  Clock Uncertainty:      0.035ns  ((TSJ^2 + TIJ^2)^1/2 + DJ) / 2 + PE
    Total System Jitter     (TSJ):    0.071ns
    Total Input Jitter      (TIJ):    0.000ns
    Discrete Jitter          (DJ):    0.000ns
    Phase Error              (PE):    0.000ns

    Location             Delay type                Incr(ns)  Path(ns)    Netlist Resource(s)
  -------------------------------------------------------------------    -------------------
                         (clock sys_clk_pin rise edge)
                                                      0.000     0.000 r  
    W5                                                0.000     0.000 r  clk (IN)
                         net (fo=0)                   0.000     0.000    clk
    W5                   IBUF (Prop_ibuf_I_O)         1.458     1.458 r  clk_IBUF_inst/O
                         net (fo=1, routed)           1.967     3.425    clk_IBUF
    BUFGCTRL_X0Y0        BUFG (Prop_bufg_I_O)         0.096     3.521 r  clk_IBUF_BUFG_inst/O
                         net (fo=60, routed)          1.633     5.154    clk_IBUF_BUFG
    SLICE_X0Y13          FDCE                                         r  cnter1_reg_reg[9]/C
  -------------------------------------------------------------------    -------------------
    SLICE_X0Y13          FDCE (Prop_fdce_C_Q)         0.456     5.610 r  cnter1_reg_reg[9]/Q
                         net (fo=1, routed)           0.896     6.507    cnter1_reg_reg_n_0_[9]
    SLICE_X0Y13          CARRY4 (Prop_carry4_S[1]_CO[3])
                                                      0.674     7.181 r  cnter1_reg_reg[8]_i_1/CO[3]
                         net (fo=1, routed)           0.000     7.181    cnter1_reg_reg[8]_i_1_n_0
    SLICE_X0Y14          CARRY4 (Prop_carry4_CI_CO[3])
                                                      0.114     7.295 r  cnter1_reg_reg[12]_i_1/CO[3]
                         net (fo=1, routed)           0.000     7.295    cnter1_reg_reg[12]_i_1_n_0
    SLICE_X0Y15          CARRY4 (Prop_carry4_CI_CO[3])
                                                      0.114     7.409 r  cnter1_reg_reg[16]_i_1/CO[3]
                         net (fo=1, routed)           0.000     7.409    cnter1_reg_reg[16]_i_1_n_0
    SLICE_X0Y16          CARRY4 (Prop_carry4_CI_CO[3])
                                                      0.114     7.523 r  cnter1_reg_reg[20]_i_1/CO[3]
                         net (fo=1, routed)           0.000     7.523    cnter1_reg_reg[20]_i_1_n_0
    SLICE_X0Y17          CARRY4 (Prop_carry4_CI_O[3])
                                                      0.313     7.836 r  cnter1_reg_reg[24]_i_1/O[3]
                         net (fo=1, routed)           0.000     7.836    cnter1_reg_reg[24]_i_1_n_4
    SLICE_X0Y17          FDCE                                         r  cnter1_reg_reg[27]/D
  -------------------------------------------------------------------    -------------------

                         (clock sys_clk_pin rise edge)
                                                     10.000    10.000 r  
    W5                                                0.000    10.000 r  clk (IN)
                         net (fo=0)                   0.000    10.000    clk
    W5                   IBUF (Prop_ibuf_I_O)         1.388    11.388 r  clk_IBUF_inst/O
                         net (fo=1, routed)           1.862    13.250    clk_IBUF
    BUFGCTRL_X0Y0        BUFG (Prop_bufg_I_O)         0.091    13.341 r  clk_IBUF_BUFG_inst/O
                         net (fo=60, routed)          1.511    14.852    clk_IBUF_BUFG
    SLICE_X0Y17          FDCE                                         r  cnter1_reg_reg[27]/C
                         clock pessimism              0.274    15.126    
                         clock uncertainty           -0.035    15.091    
    SLICE_X0Y17          FDCE (Setup_fdce_C_D)        0.062    15.153    cnter1_reg_reg[27]
  -------------------------------------------------------------------
                         required time                         15.153    
                         arrival time                          -7.836    
  -------------------------------------------------------------------
                         slack                                  7.317    

Slack (MET) :             7.367ns  (required time - arrival time)
  Source:                 cnter2_reg_reg[1]/C
                            (rising edge-triggered cell FDCE clocked by sys_clk_pin  {rise@0.000ns fall@5.000ns period=10.000ns})
  Destination:            cnter2_reg_reg[29]/D
                            (rising edge-triggered cell FDCE clocked by sys_clk_pin  {rise@0.000ns fall@5.000ns period=10.000ns})
  Path Group:             sys_clk_pin
  Path Type:              Setup (Max at Slow Process Corner)
  Requirement:            10.000ns  (sys_clk_pin rise@10.000ns - sys_clk_pin rise@0.000ns)
  Data Path Delay:        2.628ns  (logic 2.148ns (81.720%)  route 0.480ns (18.280%))
  Logic Levels:           8  (CARRY4=8)
  Clock Path Skew:        -0.031ns (DCD - SCD + CPR)
    Destination Clock Delay (DCD):    4.849ns = ( 14.849 - 10.000 ) 
    Source Clock Delay      (SCD):    5.154ns
    Clock Pessimism Removal (CPR):    0.274ns
  Clock Uncertainty:      0.035ns  ((TSJ^2 + TIJ^2)^1/2 + DJ) / 2 + PE
    Total System Jitter     (TSJ):    0.071ns
    Total Input Jitter      (TIJ):    0.000ns
    Discrete Jitter          (DJ):    0.000ns
    Phase Error              (PE):    0.000ns

    Location             Delay type                Incr(ns)  Path(ns)    Netlist Resource(s)
  -------------------------------------------------------------------    -------------------
                         (clock sys_clk_pin rise edge)
                                                      0.000     0.000 r  
    W5                                                0.000     0.000 r  clk (IN)
                         net (fo=0)                   0.000     0.000    clk
    W5                   IBUF (Prop_ibuf_I_O)         1.458     1.458 r  clk_IBUF_inst/O
                         net (fo=1, routed)           1.967     3.425    clk_IBUF
    BUFGCTRL_X0Y0        BUFG (Prop_bufg_I_O)         0.096     3.521 r  clk_IBUF_BUFG_inst/O
                         net (fo=60, routed)          1.633     5.154    clk_IBUF_BUFG
    SLICE_X1Y13          FDCE                                         r  cnter2_reg_reg[1]/C
  -------------------------------------------------------------------    -------------------
    SLICE_X1Y13          FDCE (Prop_fdce_C_Q)         0.456     5.610 r  cnter2_reg_reg[1]/Q
                         net (fo=1, routed)           0.480     6.091    cnter2_reg_reg_n_0_[1]
    SLICE_X1Y13          CARRY4 (Prop_carry4_S[1]_CO[3])
                                                      0.674     6.765 r  cnter2_reg_reg[0]_i_1/CO[3]
                         net (fo=1, routed)           0.000     6.765    cnter2_reg_reg[0]_i_1_n_0
    SLICE_X1Y14          CARRY4 (Prop_carry4_CI_CO[3])
                                                      0.114     6.879 r  cnter2_reg_reg[4]_i_1/CO[3]
                         net (fo=1, routed)           0.000     6.879    cnter2_reg_reg[4]_i_1_n_0
    SLICE_X1Y15          CARRY4 (Prop_carry4_CI_CO[3])
                                                      0.114     6.993 r  cnter2_reg_reg[8]_i_1/CO[3]
                         net (fo=1, routed)           0.000     6.993    cnter2_reg_reg[8]_i_1_n_0
    SLICE_X1Y16          CARRY4 (Prop_carry4_CI_CO[3])
                                                      0.114     7.107 r  cnter2_reg_reg[12]_i_1/CO[3]
                         net (fo=1, routed)           0.000     7.107    cnter2_reg_reg[12]_i_1_n_0
    SLICE_X1Y17          CARRY4 (Prop_carry4_CI_CO[3])
                                                      0.114     7.221 r  cnter2_reg_reg[16]_i_1/CO[3]
                         net (fo=1, routed)           0.000     7.221    cnter2_reg_reg[16]_i_1_n_0
    SLICE_X1Y18          CARRY4 (Prop_carry4_CI_CO[3])
                                                      0.114     7.335 r  cnter2_reg_reg[20]_i_1/CO[3]
                         net (fo=1, routed)           0.000     7.335    cnter2_reg_reg[20]_i_1_n_0
    SLICE_X1Y19          CARRY4 (Prop_carry4_CI_CO[3])
                                                      0.114     7.449 r  cnter2_reg_reg[24]_i_1/CO[3]
                         net (fo=1, routed)           0.000     7.449    cnter2_reg_reg[24]_i_1_n_0
    SLICE_X1Y20          CARRY4 (Prop_carry4_CI_O[1])
                                                      0.334     7.783 r  cnter2_reg_reg[28]_i_1/O[1]
                         net (fo=1, routed)           0.000     7.783    cnter2_reg_reg[28]_i_1_n_6
    SLICE_X1Y20          FDCE                                         r  cnter2_reg_reg[29]/D
  -------------------------------------------------------------------    -------------------

                         (clock sys_clk_pin rise edge)
                                                     10.000    10.000 r  
    W5                                                0.000    10.000 r  clk (IN)
                         net (fo=0)                   0.000    10.000    clk
    W5                   IBUF (Prop_ibuf_I_O)         1.388    11.388 r  clk_IBUF_inst/O
                         net (fo=1, routed)           1.862    13.250    clk_IBUF
    BUFGCTRL_X0Y0        BUFG (Prop_bufg_I_O)         0.091    13.341 r  clk_IBUF_BUFG_inst/O
                         net (fo=60, routed)          1.508    14.849    clk_IBUF_BUFG
    SLICE_X1Y20          FDCE                                         r  cnter2_reg_reg[29]/C
                         clock pessimism              0.274    15.123    
                         clock uncertainty           -0.035    15.088    
    SLICE_X1Y20          FDCE (Setup_fdce_C_D)        0.062    15.150    cnter2_reg_reg[29]
  -------------------------------------------------------------------
                         required time                         15.150    
                         arrival time                          -7.783    
  -------------------------------------------------------------------
                         slack                                  7.367    

Slack (MET) :             7.391ns  (required time - arrival time)
  Source:                 cnter1_reg_reg[9]/C
                            (rising edge-triggered cell FDCE clocked by sys_clk_pin  {rise@0.000ns fall@5.000ns period=10.000ns})
  Destination:            cnter1_reg_reg[26]/D
                            (rising edge-triggered cell FDCE clocked by sys_clk_pin  {rise@0.000ns fall@5.000ns period=10.000ns})
  Path Group:             sys_clk_pin
  Path Type:              Setup (Max at Slow Process Corner)
  Requirement:            10.000ns  (sys_clk_pin rise@10.000ns - sys_clk_pin rise@0.000ns)
  Data Path Delay:        2.607ns  (logic 1.711ns (65.619%)  route 0.896ns (34.381%))
  Logic Levels:           5  (CARRY4=5)
  Clock Path Skew:        -0.028ns (DCD - SCD + CPR)
    Destination Clock Delay (DCD):    4.852ns = ( 14.852 - 10.000 ) 
    Source Clock Delay      (SCD):    5.154ns
    Clock Pessimism Removal (CPR):    0.274ns
  Clock Uncertainty:      0.035ns  ((TSJ^2 + TIJ^2)^1/2 + DJ) / 2 + PE
    Total System Jitter     (TSJ):    0.071ns
    Total Input Jitter      (TIJ):    0.000ns
    Discrete Jitter          (DJ):    0.000ns
    Phase Error              (PE):    0.000ns

    Location             Delay type                Incr(ns)  Path(ns)    Netlist Resource(s)
  -------------------------------------------------------------------    -------------------
                         (clock sys_clk_pin rise edge)
                                                      0.000     0.000 r  
    W5                                                0.000     0.000 r  clk (IN)
                         net (fo=0)                   0.000     0.000    clk
    W5                   IBUF (Prop_ibuf_I_O)         1.458     1.458 r  clk_IBUF_inst/O
                         net (fo=1, routed)           1.967     3.425    clk_IBUF
    BUFGCTRL_X0Y0        BUFG (Prop_bufg_I_O)         0.096     3.521 r  clk_IBUF_BUFG_inst/O
                         net (fo=60, routed)          1.633     5.154    clk_IBUF_BUFG
    SLICE_X0Y13          FDCE                                         r  cnter1_reg_reg[9]/C
  -------------------------------------------------------------------    -------------------
    SLICE_X0Y13          FDCE (Prop_fdce_C_Q)         0.456     5.610 r  cnter1_reg_reg[9]/Q
                         net (fo=1, routed)           0.896     6.507    cnter1_reg_reg_n_0_[9]
    SLICE_X0Y13          CARRY4 (Prop_carry4_S[1]_CO[3])
                                                      0.674     7.181 r  cnter1_reg_reg[8]_i_1/CO[3]
                         net (fo=1, routed)           0.000     7.181    cnter1_reg_reg[8]_i_1_n_0
    SLICE_X0Y14          CARRY4 (Prop_carry4_CI_CO[3])
                                                      0.114     7.295 r  cnter1_reg_reg[12]_i_1/CO[3]
                         net (fo=1, routed)           0.000     7.295    cnter1_reg_reg[12]_i_1_n_0
    SLICE_X0Y15          CARRY4 (Prop_carry4_CI_CO[3])
                                                      0.114     7.409 r  cnter1_reg_reg[16]_i_1/CO[3]
                         net (fo=1, routed)           0.000     7.409    cnter1_reg_reg[16]_i_1_n_0
    SLICE_X0Y16          CARRY4 (Prop_carry4_CI_CO[3])
                                                      0.114     7.523 r  cnter1_reg_reg[20]_i_1/CO[3]
                         net (fo=1, routed)           0.000     7.523    cnter1_reg_reg[20]_i_1_n_0
    SLICE_X0Y17          CARRY4 (Prop_carry4_CI_O[2])
                                                      0.239     7.762 r  cnter1_reg_reg[24]_i_1/O[2]
                         net (fo=1, routed)           0.000     7.762    cnter1_reg_reg[24]_i_1_n_5
    SLICE_X0Y17          FDCE                                         r  cnter1_reg_reg[26]/D
  -------------------------------------------------------------------    -------------------

                         (clock sys_clk_pin rise edge)
                                                     10.000    10.000 r  
    W5                                                0.000    10.000 r  clk (IN)
                         net (fo=0)                   0.000    10.000    clk
    W5                   IBUF (Prop_ibuf_I_O)         1.388    11.388 r  clk_IBUF_inst/O
                         net (fo=1, routed)           1.862    13.250    clk_IBUF
    BUFGCTRL_X0Y0        BUFG (Prop_bufg_I_O)         0.091    13.341 r  clk_IBUF_BUFG_inst/O
                         net (fo=60, routed)          1.511    14.852    clk_IBUF_BUFG
    SLICE_X0Y17          FDCE                                         r  cnter1_reg_reg[26]/C
                         clock pessimism              0.274    15.126    
                         clock uncertainty           -0.035    15.091    
    SLICE_X0Y17          FDCE (Setup_fdce_C_D)        0.062    15.153    cnter1_reg_reg[26]
  -------------------------------------------------------------------
                         required time                         15.153    
                         arrival time                          -7.762    
  -------------------------------------------------------------------
                         slack                                  7.391    

Slack (MET) :             7.407ns  (required time - arrival time)
  Source:                 cnter1_reg_reg[9]/C
                            (rising edge-triggered cell FDCE clocked by sys_clk_pin  {rise@0.000ns fall@5.000ns period=10.000ns})
  Destination:            cnter1_reg_reg[24]/D
                            (rising edge-triggered cell FDCE clocked by sys_clk_pin  {rise@0.000ns fall@5.000ns period=10.000ns})
  Path Group:             sys_clk_pin
  Path Type:              Setup (Max at Slow Process Corner)
  Requirement:            10.000ns  (sys_clk_pin rise@10.000ns - sys_clk_pin rise@0.000ns)
  Data Path Delay:        2.591ns  (logic 1.695ns (65.406%)  route 0.896ns (34.594%))
  Logic Levels:           5  (CARRY4=5)
  Clock Path Skew:        -0.028ns (DCD - SCD + CPR)
    Destination Clock Delay (DCD):    4.852ns = ( 14.852 - 10.000 ) 
    Source Clock Delay      (SCD):    5.154ns
    Clock Pessimism Removal (CPR):    0.274ns
  Clock Uncertainty:      0.035ns  ((TSJ^2 + TIJ^2)^1/2 + DJ) / 2 + PE
    Total System Jitter     (TSJ):    0.071ns
    Total Input Jitter      (TIJ):    0.000ns
    Discrete Jitter          (DJ):    0.000ns
    Phase Error              (PE):    0.000ns

    Location             Delay type                Incr(ns)  Path(ns)    Netlist Resource(s)
  -------------------------------------------------------------------    -------------------
                         (clock sys_clk_pin rise edge)
                                                      0.000     0.000 r  
    W5                                                0.000     0.000 r  clk (IN)
                         net (fo=0)                   0.000     0.000    clk
    W5                   IBUF (Prop_ibuf_I_O)         1.458     1.458 r  clk_IBUF_inst/O
                         net (fo=1, routed)           1.967     3.425    clk_IBUF
    BUFGCTRL_X0Y0        BUFG (Prop_bufg_I_O)         0.096     3.521 r  clk_IBUF_BUFG_inst/O
                         net (fo=60, routed)          1.633     5.154    clk_IBUF_BUFG
    SLICE_X0Y13          FDCE                                         r  cnter1_reg_reg[9]/C
  -------------------------------------------------------------------    -------------------
    SLICE_X0Y13          FDCE (Prop_fdce_C_Q)         0.456     5.610 r  cnter1_reg_reg[9]/Q
                         net (fo=1, routed)           0.896     6.507    cnter1_reg_reg_n_0_[9]
    SLICE_X0Y13          CARRY4 (Prop_carry4_S[1]_CO[3])
                                                      0.674     7.181 r  cnter1_reg_reg[8]_i_1/CO[3]
                         net (fo=1, routed)           0.000     7.181    cnter1_reg_reg[8]_i_1_n_0
    SLICE_X0Y14          CARRY4 (Prop_carry4_CI_CO[3])
                                                      0.114     7.295 r  cnter1_reg_reg[12]_i_1/CO[3]
                         net (fo=1, routed)           0.000     7.295    cnter1_reg_reg[12]_i_1_n_0
    SLICE_X0Y15          CARRY4 (Prop_carry4_CI_CO[3])
                                                      0.114     7.409 r  cnter1_reg_reg[16]_i_1/CO[3]
                         net (fo=1, routed)           0.000     7.409    cnter1_reg_reg[16]_i_1_n_0
    SLICE_X0Y16          CARRY4 (Prop_carry4_CI_CO[3])
                                                      0.114     7.523 r  cnter1_reg_reg[20]_i_1/CO[3]
                         net (fo=1, routed)           0.000     7.523    cnter1_reg_reg[20]_i_1_n_0
    SLICE_X0Y17          CARRY4 (Prop_carry4_CI_O[0])
                                                      0.223     7.746 r  cnter1_reg_reg[24]_i_1/O[0]
                         net (fo=1, routed)           0.000     7.746    cnter1_reg_reg[24]_i_1_n_7
    SLICE_X0Y17          FDCE                                         r  cnter1_reg_reg[24]/D
  -------------------------------------------------------------------    -------------------

                         (clock sys_clk_pin rise edge)
                                                     10.000    10.000 r  
    W5                                                0.000    10.000 r  clk (IN)
                         net (fo=0)                   0.000    10.000    clk
    W5                   IBUF (Prop_ibuf_I_O)         1.388    11.388 r  clk_IBUF_inst/O
                         net (fo=1, routed)           1.862    13.250    clk_IBUF
    BUFGCTRL_X0Y0        BUFG (Prop_bufg_I_O)         0.091    13.341 r  clk_IBUF_BUFG_inst/O
                         net (fo=60, routed)          1.511    14.852    clk_IBUF_BUFG
    SLICE_X0Y17          FDCE                                         r  cnter1_reg_reg[24]/C
                         clock pessimism              0.274    15.126    
                         clock uncertainty           -0.035    15.091    
    SLICE_X0Y17          FDCE (Setup_fdce_C_D)        0.062    15.153    cnter1_reg_reg[24]
  -------------------------------------------------------------------
                         required time                         15.153    
                         arrival time                          -7.746    
  -------------------------------------------------------------------
                         slack                                  7.407    

Slack (MET) :             7.411ns  (required time - arrival time)
  Source:                 cnter1_reg_reg[9]/C
                            (rising edge-triggered cell FDCE clocked by sys_clk_pin  {rise@0.000ns fall@5.000ns period=10.000ns})
  Destination:            cnter1_reg_reg[21]/D
                            (rising edge-triggered cell FDCE clocked by sys_clk_pin  {rise@0.000ns fall@5.000ns period=10.000ns})
  Path Group:             sys_clk_pin
  Path Type:              Setup (Max at Slow Process Corner)
  Requirement:            10.000ns  (sys_clk_pin rise@10.000ns - sys_clk_pin rise@0.000ns)
  Data Path Delay:        2.588ns  (logic 1.692ns (65.366%)  route 0.896ns (34.634%))
  Logic Levels:           4  (CARRY4=4)
  Clock Path Skew:        -0.027ns (DCD - SCD + CPR)
    Destination Clock Delay (DCD):    4.853ns = ( 14.853 - 10.000 ) 
    Source Clock Delay      (SCD):    5.154ns
    Clock Pessimism Removal (CPR):    0.274ns
  Clock Uncertainty:      0.035ns  ((TSJ^2 + TIJ^2)^1/2 + DJ) / 2 + PE
    Total System Jitter     (TSJ):    0.071ns
    Total Input Jitter      (TIJ):    0.000ns
    Discrete Jitter          (DJ):    0.000ns
    Phase Error              (PE):    0.000ns

    Location             Delay type                Incr(ns)  Path(ns)    Netlist Resource(s)
  -------------------------------------------------------------------    -------------------
                         (clock sys_clk_pin rise edge)
                                                      0.000     0.000 r  
    W5                                                0.000     0.000 r  clk (IN)
                         net (fo=0)                   0.000     0.000    clk
    W5                   IBUF (Prop_ibuf_I_O)         1.458     1.458 r  clk_IBUF_inst/O
                         net (fo=1, routed)           1.967     3.425    clk_IBUF
    BUFGCTRL_X0Y0        BUFG (Prop_bufg_I_O)         0.096     3.521 r  clk_IBUF_BUFG_inst/O
                         net (fo=60, routed)          1.633     5.154    clk_IBUF_BUFG
    SLICE_X0Y13          FDCE                                         r  cnter1_reg_reg[9]/C
  -------------------------------------------------------------------    -------------------
    SLICE_X0Y13          FDCE (Prop_fdce_C_Q)         0.456     5.610 r  cnter1_reg_reg[9]/Q
                         net (fo=1, routed)           0.896     6.507    cnter1_reg_reg_n_0_[9]
    SLICE_X0Y13          CARRY4 (Prop_carry4_S[1]_CO[3])
                                                      0.674     7.181 r  cnter1_reg_reg[8]_i_1/CO[3]
                         net (fo=1, routed)           0.000     7.181    cnter1_reg_reg[8]_i_1_n_0
    SLICE_X0Y14          CARRY4 (Prop_carry4_CI_CO[3])
                                                      0.114     7.295 r  cnter1_reg_reg[12]_i_1/CO[3]
                         net (fo=1, routed)           0.000     7.295    cnter1_reg_reg[12]_i_1_n_0
    SLICE_X0Y15          CARRY4 (Prop_carry4_CI_CO[3])
                                                      0.114     7.409 r  cnter1_reg_reg[16]_i_1/CO[3]
                         net (fo=1, routed)           0.000     7.409    cnter1_reg_reg[16]_i_1_n_0
    SLICE_X0Y16          CARRY4 (Prop_carry4_CI_O[1])
                                                      0.334     7.743 r  cnter1_reg_reg[20]_i_1/O[1]
                         net (fo=1, routed)           0.000     7.743    cnter1_reg_reg[20]_i_1_n_6
    SLICE_X0Y16          FDCE                                         r  cnter1_reg_reg[21]/D
  -------------------------------------------------------------------    -------------------

                         (clock sys_clk_pin rise edge)
                                                     10.000    10.000 r  
    W5                                                0.000    10.000 r  clk (IN)
                         net (fo=0)                   0.000    10.000    clk
    W5                   IBUF (Prop_ibuf_I_O)         1.388    11.388 r  clk_IBUF_inst/O
                         net (fo=1, routed)           1.862    13.250    clk_IBUF
    BUFGCTRL_X0Y0        BUFG (Prop_bufg_I_O)         0.091    13.341 r  clk_IBUF_BUFG_inst/O
                         net (fo=60, routed)          1.512    14.853    clk_IBUF_BUFG
    SLICE_X0Y16          FDCE                                         r  cnter1_reg_reg[21]/C
                         clock pessimism              0.274    15.127    
                         clock uncertainty           -0.035    15.092    
    SLICE_X0Y16          FDCE (Setup_fdce_C_D)        0.062    15.154    cnter1_reg_reg[21]
  -------------------------------------------------------------------
                         required time                         15.154    
                         arrival time                          -7.743    
  -------------------------------------------------------------------
                         slack                                  7.411    

Slack (MET) :             7.432ns  (required time - arrival time)
  Source:                 cnter1_reg_reg[9]/C
                            (rising edge-triggered cell FDCE clocked by sys_clk_pin  {rise@0.000ns fall@5.000ns period=10.000ns})
  Destination:            cnter1_reg_reg[23]/D
                            (rising edge-triggered cell FDCE clocked by sys_clk_pin  {rise@0.000ns fall@5.000ns period=10.000ns})
  Path Group:             sys_clk_pin
  Path Type:              Setup (Max at Slow Process Corner)
  Requirement:            10.000ns  (sys_clk_pin rise@10.000ns - sys_clk_pin rise@0.000ns)
  Data Path Delay:        2.567ns  (logic 1.671ns (65.083%)  route 0.896ns (34.917%))
  Logic Levels:           4  (CARRY4=4)
  Clock Path Skew:        -0.027ns (DCD - SCD + CPR)
    Destination Clock Delay (DCD):    4.853ns = ( 14.853 - 10.000 ) 
    Source Clock Delay      (SCD):    5.154ns
    Clock Pessimism Removal (CPR):    0.274ns
  Clock Uncertainty:      0.035ns  ((TSJ^2 + TIJ^2)^1/2 + DJ) / 2 + PE
    Total System Jitter     (TSJ):    0.071ns
    Total Input Jitter      (TIJ):    0.000ns
    Discrete Jitter          (DJ):    0.000ns
    Phase Error              (PE):    0.000ns

    Location             Delay type                Incr(ns)  Path(ns)    Netlist Resource(s)
  -------------------------------------------------------------------    -------------------
                         (clock sys_clk_pin rise edge)
                                                      0.000     0.000 r  
    W5                                                0.000     0.000 r  clk (IN)
                         net (fo=0)                   0.000     0.000    clk
    W5                   IBUF (Prop_ibuf_I_O)         1.458     1.458 r  clk_IBUF_inst/O
                         net (fo=1, routed)           1.967     3.425    clk_IBUF
    BUFGCTRL_X0Y0        BUFG (Prop_bufg_I_O)         0.096     3.521 r  clk_IBUF_BUFG_inst/O
                         net (fo=60, routed)          1.633     5.154    clk_IBUF_BUFG
    SLICE_X0Y13          FDCE                                         r  cnter1_reg_reg[9]/C
  -------------------------------------------------------------------    -------------------
    SLICE_X0Y13          FDCE (Prop_fdce_C_Q)         0.456     5.610 r  cnter1_reg_reg[9]/Q
                         net (fo=1, routed)           0.896     6.507    cnter1_reg_reg_n_0_[9]
    SLICE_X0Y13          CARRY4 (Prop_carry4_S[1]_CO[3])
                                                      0.674     7.181 r  cnter1_reg_reg[8]_i_1/CO[3]
                         net (fo=1, routed)           0.000     7.181    cnter1_reg_reg[8]_i_1_n_0
    SLICE_X0Y14          CARRY4 (Prop_carry4_CI_CO[3])
                                                      0.114     7.295 r  cnter1_reg_reg[12]_i_1/CO[3]
                         net (fo=1, routed)           0.000     7.295    cnter1_reg_reg[12]_i_1_n_0
    SLICE_X0Y15          CARRY4 (Prop_carry4_CI_CO[3])
                                                      0.114     7.409 r  cnter1_reg_reg[16]_i_1/CO[3]
                         net (fo=1, routed)           0.000     7.409    cnter1_reg_reg[16]_i_1_n_0
    SLICE_X0Y16          CARRY4 (Prop_carry4_CI_O[3])
                                                      0.313     7.722 r  cnter1_reg_reg[20]_i_1/O[3]
                         net (fo=1, routed)           0.000     7.722    cnter1_reg_reg[20]_i_1_n_4
    SLICE_X0Y16          FDCE                                         r  cnter1_reg_reg[23]/D
  -------------------------------------------------------------------    -------------------

                         (clock sys_clk_pin rise edge)
                                                     10.000    10.000 r  
    W5                                                0.000    10.000 r  clk (IN)
                         net (fo=0)                   0.000    10.000    clk
    W5                   IBUF (Prop_ibuf_I_O)         1.388    11.388 r  clk_IBUF_inst/O
                         net (fo=1, routed)           1.862    13.250    clk_IBUF
    BUFGCTRL_X0Y0        BUFG (Prop_bufg_I_O)         0.091    13.341 r  clk_IBUF_BUFG_inst/O
                         net (fo=60, routed)          1.512    14.853    clk_IBUF_BUFG
    SLICE_X0Y16          FDCE                                         r  cnter1_reg_reg[23]/C
                         clock pessimism              0.274    15.127    
                         clock uncertainty           -0.035    15.092    
    SLICE_X0Y16          FDCE (Setup_fdce_C_D)        0.062    15.154    cnter1_reg_reg[23]
  -------------------------------------------------------------------
                         required time                         15.154    
                         arrival time                          -7.722    
  -------------------------------------------------------------------
                         slack                                  7.432    

Slack (MET) :             7.478ns  (required time - arrival time)
  Source:                 cnter2_reg_reg[1]/C
                            (rising edge-triggered cell FDCE clocked by sys_clk_pin  {rise@0.000ns fall@5.000ns period=10.000ns})
  Destination:            cnter2_reg_reg[28]/D
                            (rising edge-triggered cell FDCE clocked by sys_clk_pin  {rise@0.000ns fall@5.000ns period=10.000ns})
  Path Group:             sys_clk_pin
  Path Type:              Setup (Max at Slow Process Corner)
  Requirement:            10.000ns  (sys_clk_pin rise@10.000ns - sys_clk_pin rise@0.000ns)
  Data Path Delay:        2.517ns  (logic 2.037ns (80.914%)  route 0.480ns (19.086%))
  Logic Levels:           8  (CARRY4=8)
  Clock Path Skew:        -0.031ns (DCD - SCD + CPR)
    Destination Clock Delay (DCD):    4.849ns = ( 14.849 - 10.000 ) 
    Source Clock Delay      (SCD):    5.154ns
    Clock Pessimism Removal (CPR):    0.274ns
  Clock Uncertainty:      0.035ns  ((TSJ^2 + TIJ^2)^1/2 + DJ) / 2 + PE
    Total System Jitter     (TSJ):    0.071ns
    Total Input Jitter      (TIJ):    0.000ns
    Discrete Jitter          (DJ):    0.000ns
    Phase Error              (PE):    0.000ns

    Location             Delay type                Incr(ns)  Path(ns)    Netlist Resource(s)
  -------------------------------------------------------------------    -------------------
                         (clock sys_clk_pin rise edge)
                                                      0.000     0.000 r  
    W5                                                0.000     0.000 r  clk (IN)
                         net (fo=0)                   0.000     0.000    clk
    W5                   IBUF (Prop_ibuf_I_O)         1.458     1.458 r  clk_IBUF_inst/O
                         net (fo=1, routed)           1.967     3.425    clk_IBUF
    BUFGCTRL_X0Y0        BUFG (Prop_bufg_I_O)         0.096     3.521 r  clk_IBUF_BUFG_inst/O
                         net (fo=60, routed)          1.633     5.154    clk_IBUF_BUFG
    SLICE_X1Y13          FDCE                                         r  cnter2_reg_reg[1]/C
  -------------------------------------------------------------------    -------------------
    SLICE_X1Y13          FDCE (Prop_fdce_C_Q)         0.456     5.610 r  cnter2_reg_reg[1]/Q
                         net (fo=1, routed)           0.480     6.091    cnter2_reg_reg_n_0_[1]
    SLICE_X1Y13          CARRY4 (Prop_carry4_S[1]_CO[3])
                                                      0.674     6.765 r  cnter2_reg_reg[0]_i_1/CO[3]
                         net (fo=1, routed)           0.000     6.765    cnter2_reg_reg[0]_i_1_n_0
    SLICE_X1Y14          CARRY4 (Prop_carry4_CI_CO[3])
                                                      0.114     6.879 r  cnter2_reg_reg[4]_i_1/CO[3]
                         net (fo=1, routed)           0.000     6.879    cnter2_reg_reg[4]_i_1_n_0
    SLICE_X1Y15          CARRY4 (Prop_carry4_CI_CO[3])
                                                      0.114     6.993 r  cnter2_reg_reg[8]_i_1/CO[3]
                         net (fo=1, routed)           0.000     6.993    cnter2_reg_reg[8]_i_1_n_0
    SLICE_X1Y16          CARRY4 (Prop_carry4_CI_CO[3])
                                                      0.114     7.107 r  cnter2_reg_reg[12]_i_1/CO[3]
                         net (fo=1, routed)           0.000     7.107    cnter2_reg_reg[12]_i_1_n_0
    SLICE_X1Y17          CARRY4 (Prop_carry4_CI_CO[3])
                                                      0.114     7.221 r  cnter2_reg_reg[16]_i_1/CO[3]
                         net (fo=1, routed)           0.000     7.221    cnter2_reg_reg[16]_i_1_n_0
    SLICE_X1Y18          CARRY4 (Prop_carry4_CI_CO[3])
                                                      0.114     7.335 r  cnter2_reg_reg[20]_i_1/CO[3]
                         net (fo=1, routed)           0.000     7.335    cnter2_reg_reg[20]_i_1_n_0
    SLICE_X1Y19          CARRY4 (Prop_carry4_CI_CO[3])
                                                      0.114     7.449 r  cnter2_reg_reg[24]_i_1/CO[3]
                         net (fo=1, routed)           0.000     7.449    cnter2_reg_reg[24]_i_1_n_0
    SLICE_X1Y20          CARRY4 (Prop_carry4_CI_O[0])
                                                      0.223     7.672 r  cnter2_reg_reg[28]_i_1/O[0]
                         net (fo=1, routed)           0.000     7.672    cnter2_reg_reg[28]_i_1_n_7
    SLICE_X1Y20          FDCE                                         r  cnter2_reg_reg[28]/D
  -------------------------------------------------------------------    -------------------

                         (clock sys_clk_pin rise edge)
                                                     10.000    10.000 r  
    W5                                                0.000    10.000 r  clk (IN)
                         net (fo=0)                   0.000    10.000    clk
    W5                   IBUF (Prop_ibuf_I_O)         1.388    11.388 r  clk_IBUF_inst/O
                         net (fo=1, routed)           1.862    13.250    clk_IBUF
    BUFGCTRL_X0Y0        BUFG (Prop_bufg_I_O)         0.091    13.341 r  clk_IBUF_BUFG_inst/O
                         net (fo=60, routed)          1.508    14.849    clk_IBUF_BUFG
    SLICE_X1Y20          FDCE                                         r  cnter2_reg_reg[28]/C
                         clock pessimism              0.274    15.123    
                         clock uncertainty           -0.035    15.088    
    SLICE_X1Y20          FDCE (Setup_fdce_C_D)        0.062    15.150    cnter2_reg_reg[28]
  -------------------------------------------------------------------
                         required time                         15.150    
                         arrival time                          -7.672    
  -------------------------------------------------------------------
                         slack                                  7.478    





Min Delay Paths
--------------------------------------------------------------------------------------
Slack (MET) :             0.252ns  (arrival time - required time)
  Source:                 cnter2_reg_reg[15]/C
                            (rising edge-triggered cell FDCE clocked by sys_clk_pin  {rise@0.000ns fall@5.000ns period=10.000ns})
  Destination:            cnter2_reg_reg[15]/D
                            (rising edge-triggered cell FDCE clocked by sys_clk_pin  {rise@0.000ns fall@5.000ns period=10.000ns})
  Path Group:             sys_clk_pin
  Path Type:              Hold (Min at Fast Process Corner)
  Requirement:            0.000ns  (sys_clk_pin rise@0.000ns - sys_clk_pin rise@0.000ns)
  Data Path Delay:        0.357ns  (logic 0.249ns (69.714%)  route 0.108ns (30.286%))
  Logic Levels:           1  (CARRY4=1)
  Clock Path Skew:        0.000ns (DCD - SCD - CPR)
    Destination Clock Delay (DCD):    1.986ns
    Source Clock Delay      (SCD):    1.473ns
    Clock Pessimism Removal (CPR):    0.513ns

    Location             Delay type                Incr(ns)  Path(ns)    Netlist Resource(s)
  -------------------------------------------------------------------    -------------------
                         (clock sys_clk_pin rise edge)
                                                      0.000     0.000 r  
    W5                                                0.000     0.000 r  clk (IN)
                         net (fo=0)                   0.000     0.000    clk
    W5                   IBUF (Prop_ibuf_I_O)         0.226     0.226 r  clk_IBUF_inst/O
                         net (fo=1, routed)           0.631     0.858    clk_IBUF
    BUFGCTRL_X0Y0        BUFG (Prop_bufg_I_O)         0.026     0.884 r  clk_IBUF_BUFG_inst/O
                         net (fo=60, routed)          0.590     1.473    clk_IBUF_BUFG
    SLICE_X1Y16          FDCE                                         r  cnter2_reg_reg[15]/C
  -------------------------------------------------------------------    -------------------
    SLICE_X1Y16          FDCE (Prop_fdce_C_Q)         0.141     1.614 r  cnter2_reg_reg[15]/Q
                         net (fo=1, routed)           0.108     1.722    cnter2_reg_reg_n_0_[15]
    SLICE_X1Y16          CARRY4 (Prop_carry4_S[3]_O[3])
                                                      0.108     1.830 r  cnter2_reg_reg[12]_i_1/O[3]
                         net (fo=1, routed)           0.000     1.830    cnter2_reg_reg[12]_i_1_n_4
    SLICE_X1Y16          FDCE                                         r  cnter2_reg_reg[15]/D
  -------------------------------------------------------------------    -------------------

                         (clock sys_clk_pin rise edge)
                                                      0.000     0.000 r  
    W5                                                0.000     0.000 r  clk (IN)
                         net (fo=0)                   0.000     0.000    clk
    W5                   IBUF (Prop_ibuf_I_O)         0.414     0.414 r  clk_IBUF_inst/O
                         net (fo=1, routed)           0.685     1.099    clk_IBUF
    BUFGCTRL_X0Y0        BUFG (Prop_bufg_I_O)         0.029     1.128 r  clk_IBUF_BUFG_inst/O
                         net (fo=60, routed)          0.859     1.986    clk_IBUF_BUFG
    SLICE_X1Y16          FDCE                                         r  cnter2_reg_reg[15]/C
                         clock pessimism             -0.513     1.473    
    SLICE_X1Y16          FDCE (Hold_fdce_C_D)         0.105     1.578    cnter2_reg_reg[15]
  -------------------------------------------------------------------
                         required time                         -1.578    
                         arrival time                           1.830    
  -------------------------------------------------------------------
                         slack                                  0.252    

Slack (MET) :             0.252ns  (arrival time - required time)
  Source:                 cnter2_reg_reg[19]/C
                            (rising edge-triggered cell FDCE clocked by sys_clk_pin  {rise@0.000ns fall@5.000ns period=10.000ns})
  Destination:            cnter2_reg_reg[19]/D
                            (rising edge-triggered cell FDCE clocked by sys_clk_pin  {rise@0.000ns fall@5.000ns period=10.000ns})
  Path Group:             sys_clk_pin
  Path Type:              Hold (Min at Fast Process Corner)
  Requirement:            0.000ns  (sys_clk_pin rise@0.000ns - sys_clk_pin rise@0.000ns)
  Data Path Delay:        0.357ns  (logic 0.249ns (69.714%)  route 0.108ns (30.286%))
  Logic Levels:           1  (CARRY4=1)
  Clock Path Skew:        0.000ns (DCD - SCD - CPR)
    Destination Clock Delay (DCD):    1.985ns
    Source Clock Delay      (SCD):    1.472ns
    Clock Pessimism Removal (CPR):    0.513ns

    Location             Delay type                Incr(ns)  Path(ns)    Netlist Resource(s)
  -------------------------------------------------------------------    -------------------
                         (clock sys_clk_pin rise edge)
                                                      0.000     0.000 r  
    W5                                                0.000     0.000 r  clk (IN)
                         net (fo=0)                   0.000     0.000    clk
    W5                   IBUF (Prop_ibuf_I_O)         0.226     0.226 r  clk_IBUF_inst/O
                         net (fo=1, routed)           0.631     0.858    clk_IBUF
    BUFGCTRL_X0Y0        BUFG (Prop_bufg_I_O)         0.026     0.884 r  clk_IBUF_BUFG_inst/O
                         net (fo=60, routed)          0.589     1.472    clk_IBUF_BUFG
    SLICE_X1Y17          FDCE                                         r  cnter2_reg_reg[19]/C
  -------------------------------------------------------------------    -------------------
    SLICE_X1Y17          FDCE (Prop_fdce_C_Q)         0.141     1.613 r  cnter2_reg_reg[19]/Q
                         net (fo=1, routed)           0.108     1.721    cnter2_reg_reg_n_0_[19]
    SLICE_X1Y17          CARRY4 (Prop_carry4_S[3]_O[3])
                                                      0.108     1.829 r  cnter2_reg_reg[16]_i_1/O[3]
                         net (fo=1, routed)           0.000     1.829    cnter2_reg_reg[16]_i_1_n_4
    SLICE_X1Y17          FDCE                                         r  cnter2_reg_reg[19]/D
  -------------------------------------------------------------------    -------------------

                         (clock sys_clk_pin rise edge)
                                                      0.000     0.000 r  
    W5                                                0.000     0.000 r  clk (IN)
                         net (fo=0)                   0.000     0.000    clk
    W5                   IBUF (Prop_ibuf_I_O)         0.414     0.414 r  clk_IBUF_inst/O
                         net (fo=1, routed)           0.685     1.099    clk_IBUF
    BUFGCTRL_X0Y0        BUFG (Prop_bufg_I_O)         0.029     1.128 r  clk_IBUF_BUFG_inst/O
                         net (fo=60, routed)          0.858     1.985    clk_IBUF_BUFG
    SLICE_X1Y17          FDCE                                         r  cnter2_reg_reg[19]/C
                         clock pessimism             -0.513     1.472    
    SLICE_X1Y17          FDCE (Hold_fdce_C_D)         0.105     1.577    cnter2_reg_reg[19]
  -------------------------------------------------------------------
                         required time                         -1.577    
                         arrival time                           1.829    
  -------------------------------------------------------------------
                         slack                                  0.252    

Slack (MET) :             0.252ns  (arrival time - required time)
  Source:                 cnter2_reg_reg[23]/C
                            (rising edge-triggered cell FDCE clocked by sys_clk_pin  {rise@0.000ns fall@5.000ns period=10.000ns})
  Destination:            cnter2_reg_reg[23]/D
                            (rising edge-triggered cell FDCE clocked by sys_clk_pin  {rise@0.000ns fall@5.000ns period=10.000ns})
  Path Group:             sys_clk_pin
  Path Type:              Hold (Min at Fast Process Corner)
  Requirement:            0.000ns  (sys_clk_pin rise@0.000ns - sys_clk_pin rise@0.000ns)
  Data Path Delay:        0.357ns  (logic 0.249ns (69.714%)  route 0.108ns (30.286%))
  Logic Levels:           1  (CARRY4=1)
  Clock Path Skew:        0.000ns (DCD - SCD - CPR)
    Destination Clock Delay (DCD):    1.984ns
    Source Clock Delay      (SCD):    1.471ns
    Clock Pessimism Removal (CPR):    0.513ns

    Location             Delay type                Incr(ns)  Path(ns)    Netlist Resource(s)
  -------------------------------------------------------------------    -------------------
                         (clock sys_clk_pin rise edge)
                                                      0.000     0.000 r  
    W5                                                0.000     0.000 r  clk (IN)
                         net (fo=0)                   0.000     0.000    clk
    W5                   IBUF (Prop_ibuf_I_O)         0.226     0.226 r  clk_IBUF_inst/O
                         net (fo=1, routed)           0.631     0.858    clk_IBUF
    BUFGCTRL_X0Y0        BUFG (Prop_bufg_I_O)         0.026     0.884 r  clk_IBUF_BUFG_inst/O
                         net (fo=60, routed)          0.588     1.471    clk_IBUF_BUFG
    SLICE_X1Y18          FDCE                                         r  cnter2_reg_reg[23]/C
  -------------------------------------------------------------------    -------------------
    SLICE_X1Y18          FDCE (Prop_fdce_C_Q)         0.141     1.612 r  cnter2_reg_reg[23]/Q
                         net (fo=1, routed)           0.108     1.720    cnter2_reg_reg_n_0_[23]
    SLICE_X1Y18          CARRY4 (Prop_carry4_S[3]_O[3])
                                                      0.108     1.828 r  cnter2_reg_reg[20]_i_1/O[3]
                         net (fo=1, routed)           0.000     1.828    cnter2_reg_reg[20]_i_1_n_4
    SLICE_X1Y18          FDCE                                         r  cnter2_reg_reg[23]/D
  -------------------------------------------------------------------    -------------------

                         (clock sys_clk_pin rise edge)
                                                      0.000     0.000 r  
    W5                                                0.000     0.000 r  clk (IN)
                         net (fo=0)                   0.000     0.000    clk
    W5                   IBUF (Prop_ibuf_I_O)         0.414     0.414 r  clk_IBUF_inst/O
                         net (fo=1, routed)           0.685     1.099    clk_IBUF
    BUFGCTRL_X0Y0        BUFG (Prop_bufg_I_O)         0.029     1.128 r  clk_IBUF_BUFG_inst/O
                         net (fo=60, routed)          0.857     1.984    clk_IBUF_BUFG
    SLICE_X1Y18          FDCE                                         r  cnter2_reg_reg[23]/C
                         clock pessimism             -0.513     1.471    
    SLICE_X1Y18          FDCE (Hold_fdce_C_D)         0.105     1.576    cnter2_reg_reg[23]
  -------------------------------------------------------------------
                         required time                         -1.576    
                         arrival time                           1.828    
  -------------------------------------------------------------------
                         slack                                  0.252    

Slack (MET) :             0.252ns  (arrival time - required time)
  Source:                 cnter2_reg_reg[27]/C
                            (rising edge-triggered cell FDCE clocked by sys_clk_pin  {rise@0.000ns fall@5.000ns period=10.000ns})
  Destination:            cnter2_reg_reg[27]/D
                            (rising edge-triggered cell FDCE clocked by sys_clk_pin  {rise@0.000ns fall@5.000ns period=10.000ns})
  Path Group:             sys_clk_pin
  Path Type:              Hold (Min at Fast Process Corner)
  Requirement:            0.000ns  (sys_clk_pin rise@0.000ns - sys_clk_pin rise@0.000ns)
  Data Path Delay:        0.357ns  (logic 0.249ns (69.714%)  route 0.108ns (30.286%))
  Logic Levels:           1  (CARRY4=1)
  Clock Path Skew:        0.000ns (DCD - SCD - CPR)
    Destination Clock Delay (DCD):    1.983ns
    Source Clock Delay      (SCD):    1.470ns
    Clock Pessimism Removal (CPR):    0.513ns

    Location             Delay type                Incr(ns)  Path(ns)    Netlist Resource(s)
  -------------------------------------------------------------------    -------------------
                         (clock sys_clk_pin rise edge)
                                                      0.000     0.000 r  
    W5                                                0.000     0.000 r  clk (IN)
                         net (fo=0)                   0.000     0.000    clk
    W5                   IBUF (Prop_ibuf_I_O)         0.226     0.226 r  clk_IBUF_inst/O
                         net (fo=1, routed)           0.631     0.858    clk_IBUF
    BUFGCTRL_X0Y0        BUFG (Prop_bufg_I_O)         0.026     0.884 r  clk_IBUF_BUFG_inst/O
                         net (fo=60, routed)          0.587     1.470    clk_IBUF_BUFG
    SLICE_X1Y19          FDCE                                         r  cnter2_reg_reg[27]/C
  -------------------------------------------------------------------    -------------------
    SLICE_X1Y19          FDCE (Prop_fdce_C_Q)         0.141     1.611 r  cnter2_reg_reg[27]/Q
                         net (fo=1, routed)           0.108     1.719    cnter2_reg_reg_n_0_[27]
    SLICE_X1Y19          CARRY4 (Prop_carry4_S[3]_O[3])
                                                      0.108     1.827 r  cnter2_reg_reg[24]_i_1/O[3]
                         net (fo=1, routed)           0.000     1.827    cnter2_reg_reg[24]_i_1_n_4
    SLICE_X1Y19          FDCE                                         r  cnter2_reg_reg[27]/D
  -------------------------------------------------------------------    -------------------

                         (clock sys_clk_pin rise edge)
                                                      0.000     0.000 r  
    W5                                                0.000     0.000 r  clk (IN)
                         net (fo=0)                   0.000     0.000    clk
    W5                   IBUF (Prop_ibuf_I_O)         0.414     0.414 r  clk_IBUF_inst/O
                         net (fo=1, routed)           0.685     1.099    clk_IBUF
    BUFGCTRL_X0Y0        BUFG (Prop_bufg_I_O)         0.029     1.128 r  clk_IBUF_BUFG_inst/O
                         net (fo=60, routed)          0.856     1.983    clk_IBUF_BUFG
    SLICE_X1Y19          FDCE                                         r  cnter2_reg_reg[27]/C
                         clock pessimism             -0.513     1.470    
    SLICE_X1Y19          FDCE (Hold_fdce_C_D)         0.105     1.575    cnter2_reg_reg[27]
  -------------------------------------------------------------------
                         required time                         -1.575    
                         arrival time                           1.827    
  -------------------------------------------------------------------
                         slack                                  0.252    

Slack (MET) :             0.252ns  (arrival time - required time)
  Source:                 cnter2_reg_reg[3]/C
                            (rising edge-triggered cell FDCE clocked by sys_clk_pin  {rise@0.000ns fall@5.000ns period=10.000ns})
  Destination:            cnter2_reg_reg[3]/D
                            (rising edge-triggered cell FDCE clocked by sys_clk_pin  {rise@0.000ns fall@5.000ns period=10.000ns})
  Path Group:             sys_clk_pin
  Path Type:              Hold (Min at Fast Process Corner)
  Requirement:            0.000ns  (sys_clk_pin rise@0.000ns - sys_clk_pin rise@0.000ns)
  Data Path Delay:        0.357ns  (logic 0.249ns (69.714%)  route 0.108ns (30.286%))
  Logic Levels:           1  (CARRY4=1)
  Clock Path Skew:        0.000ns (DCD - SCD - CPR)
    Destination Clock Delay (DCD):    1.988ns
    Source Clock Delay      (SCD):    1.474ns
    Clock Pessimism Removal (CPR):    0.514ns

    Location             Delay type                Incr(ns)  Path(ns)    Netlist Resource(s)
  -------------------------------------------------------------------    -------------------
                         (clock sys_clk_pin rise edge)
                                                      0.000     0.000 r  
    W5                                                0.000     0.000 r  clk (IN)
                         net (fo=0)                   0.000     0.000    clk
    W5                   IBUF (Prop_ibuf_I_O)         0.226     0.226 r  clk_IBUF_inst/O
                         net (fo=1, routed)           0.631     0.858    clk_IBUF
    BUFGCTRL_X0Y0        BUFG (Prop_bufg_I_O)         0.026     0.884 r  clk_IBUF_BUFG_inst/O
                         net (fo=60, routed)          0.591     1.474    clk_IBUF_BUFG
    SLICE_X1Y13          FDCE                                         r  cnter2_reg_reg[3]/C
  -------------------------------------------------------------------    -------------------
    SLICE_X1Y13          FDCE (Prop_fdce_C_Q)         0.141     1.615 r  cnter2_reg_reg[3]/Q
                         net (fo=1, routed)           0.108     1.723    cnter2_reg_reg_n_0_[3]
    SLICE_X1Y13          CARRY4 (Prop_carry4_S[3]_O[3])
                                                      0.108     1.831 r  cnter2_reg_reg[0]_i_1/O[3]
                         net (fo=1, routed)           0.000     1.831    cnter2_reg_reg[0]_i_1_n_4
    SLICE_X1Y13          FDCE                                         r  cnter2_reg_reg[3]/D
  -------------------------------------------------------------------    -------------------

                         (clock sys_clk_pin rise edge)
                                                      0.000     0.000 r  
    W5                                                0.000     0.000 r  clk (IN)
                         net (fo=0)                   0.000     0.000    clk
    W5                   IBUF (Prop_ibuf_I_O)         0.414     0.414 r  clk_IBUF_inst/O
                         net (fo=1, routed)           0.685     1.099    clk_IBUF
    BUFGCTRL_X0Y0        BUFG (Prop_bufg_I_O)         0.029     1.128 r  clk_IBUF_BUFG_inst/O
                         net (fo=60, routed)          0.861     1.988    clk_IBUF_BUFG
    SLICE_X1Y13          FDCE                                         r  cnter2_reg_reg[3]/C
                         clock pessimism             -0.514     1.474    
    SLICE_X1Y13          FDCE (Hold_fdce_C_D)         0.105     1.579    cnter2_reg_reg[3]
  -------------------------------------------------------------------
                         required time                         -1.579    
                         arrival time                           1.831    
  -------------------------------------------------------------------
                         slack                                  0.252    

Slack (MET) :             0.252ns  (arrival time - required time)
  Source:                 cnter2_reg_reg[7]/C
                            (rising edge-triggered cell FDCE clocked by sys_clk_pin  {rise@0.000ns fall@5.000ns period=10.000ns})
  Destination:            cnter2_reg_reg[7]/D
                            (rising edge-triggered cell FDCE clocked by sys_clk_pin  {rise@0.000ns fall@5.000ns period=10.000ns})
  Path Group:             sys_clk_pin
  Path Type:              Hold (Min at Fast Process Corner)
  Requirement:            0.000ns  (sys_clk_pin rise@0.000ns - sys_clk_pin rise@0.000ns)
  Data Path Delay:        0.357ns  (logic 0.249ns (69.714%)  route 0.108ns (30.286%))
  Logic Levels:           1  (CARRY4=1)
  Clock Path Skew:        0.000ns (DCD - SCD - CPR)
    Destination Clock Delay (DCD):    1.988ns
    Source Clock Delay      (SCD):    1.474ns
    Clock Pessimism Removal (CPR):    0.514ns

    Location             Delay type                Incr(ns)  Path(ns)    Netlist Resource(s)
  -------------------------------------------------------------------    -------------------
                         (clock sys_clk_pin rise edge)
                                                      0.000     0.000 r  
    W5                                                0.000     0.000 r  clk (IN)
                         net (fo=0)                   0.000     0.000    clk
    W5                   IBUF (Prop_ibuf_I_O)         0.226     0.226 r  clk_IBUF_inst/O
                         net (fo=1, routed)           0.631     0.858    clk_IBUF
    BUFGCTRL_X0Y0        BUFG (Prop_bufg_I_O)         0.026     0.884 r  clk_IBUF_BUFG_inst/O
                         net (fo=60, routed)          0.591     1.474    clk_IBUF_BUFG
    SLICE_X1Y14          FDCE                                         r  cnter2_reg_reg[7]/C
  -------------------------------------------------------------------    -------------------
    SLICE_X1Y14          FDCE (Prop_fdce_C_Q)         0.141     1.615 r  cnter2_reg_reg[7]/Q
                         net (fo=1, routed)           0.108     1.723    cnter2_reg_reg_n_0_[7]
    SLICE_X1Y14          CARRY4 (Prop_carry4_S[3]_O[3])
                                                      0.108     1.831 r  cnter2_reg_reg[4]_i_1/O[3]
                         net (fo=1, routed)           0.000     1.831    cnter2_reg_reg[4]_i_1_n_4
    SLICE_X1Y14          FDCE                                         r  cnter2_reg_reg[7]/D
  -------------------------------------------------------------------    -------------------

                         (clock sys_clk_pin rise edge)
                                                      0.000     0.000 r  
    W5                                                0.000     0.000 r  clk (IN)
                         net (fo=0)                   0.000     0.000    clk
    W5                   IBUF (Prop_ibuf_I_O)         0.414     0.414 r  clk_IBUF_inst/O
                         net (fo=1, routed)           0.685     1.099    clk_IBUF
    BUFGCTRL_X0Y0        BUFG (Prop_bufg_I_O)         0.029     1.128 r  clk_IBUF_BUFG_inst/O
                         net (fo=60, routed)          0.861     1.988    clk_IBUF_BUFG
    SLICE_X1Y14          FDCE                                         r  cnter2_reg_reg[7]/C
                         clock pessimism             -0.514     1.474    
    SLICE_X1Y14          FDCE (Hold_fdce_C_D)         0.105     1.579    cnter2_reg_reg[7]
  -------------------------------------------------------------------
                         required time                         -1.579    
                         arrival time                           1.831    
  -------------------------------------------------------------------
                         slack                                  0.252    

Slack (MET) :             0.252ns  (arrival time - required time)
  Source:                 cnter2_reg_reg[11]/C
                            (rising edge-triggered cell FDCE clocked by sys_clk_pin  {rise@0.000ns fall@5.000ns period=10.000ns})
  Destination:            cnter2_reg_reg[11]/D
                            (rising edge-triggered cell FDCE clocked by sys_clk_pin  {rise@0.000ns fall@5.000ns period=10.000ns})
  Path Group:             sys_clk_pin
  Path Type:              Hold (Min at Fast Process Corner)
  Requirement:            0.000ns  (sys_clk_pin rise@0.000ns - sys_clk_pin rise@0.000ns)
  Data Path Delay:        0.357ns  (logic 0.249ns (69.714%)  route 0.108ns (30.286%))
  Logic Levels:           1  (CARRY4=1)
  Clock Path Skew:        0.000ns (DCD - SCD - CPR)
    Destination Clock Delay (DCD):    1.987ns
    Source Clock Delay      (SCD):    1.474ns
    Clock Pessimism Removal (CPR):    0.513ns

    Location             Delay type                Incr(ns)  Path(ns)    Netlist Resource(s)
  -------------------------------------------------------------------    -------------------
                         (clock sys_clk_pin rise edge)
                                                      0.000     0.000 r  
    W5                                                0.000     0.000 r  clk (IN)
                         net (fo=0)                   0.000     0.000    clk
    W5                   IBUF (Prop_ibuf_I_O)         0.226     0.226 r  clk_IBUF_inst/O
                         net (fo=1, routed)           0.631     0.858    clk_IBUF
    BUFGCTRL_X0Y0        BUFG (Prop_bufg_I_O)         0.026     0.884 r  clk_IBUF_BUFG_inst/O
                         net (fo=60, routed)          0.591     1.474    clk_IBUF_BUFG
    SLICE_X1Y15          FDCE                                         r  cnter2_reg_reg[11]/C
  -------------------------------------------------------------------    -------------------
    SLICE_X1Y15          FDCE (Prop_fdce_C_Q)         0.141     1.615 r  cnter2_reg_reg[11]/Q
                         net (fo=1, routed)           0.108     1.723    cnter2_reg_reg_n_0_[11]
    SLICE_X1Y15          CARRY4 (Prop_carry4_S[3]_O[3])
                                                      0.108     1.831 r  cnter2_reg_reg[8]_i_1/O[3]
                         net (fo=1, routed)           0.000     1.831    cnter2_reg_reg[8]_i_1_n_4
    SLICE_X1Y15          FDCE                                         r  cnter2_reg_reg[11]/D
  -------------------------------------------------------------------    -------------------

                         (clock sys_clk_pin rise edge)
                                                      0.000     0.000 r  
    W5                                                0.000     0.000 r  clk (IN)
                         net (fo=0)                   0.000     0.000    clk
    W5                   IBUF (Prop_ibuf_I_O)         0.414     0.414 r  clk_IBUF_inst/O
                         net (fo=1, routed)           0.685     1.099    clk_IBUF
    BUFGCTRL_X0Y0        BUFG (Prop_bufg_I_O)         0.029     1.128 r  clk_IBUF_BUFG_inst/O
                         net (fo=60, routed)          0.860     1.987    clk_IBUF_BUFG
    SLICE_X1Y15          FDCE                                         r  cnter2_reg_reg[11]/C
                         clock pessimism             -0.513     1.474    
    SLICE_X1Y15          FDCE (Hold_fdce_C_D)         0.105     1.579    cnter2_reg_reg[11]
  -------------------------------------------------------------------
                         required time                         -1.579    
                         arrival time                           1.831    
  -------------------------------------------------------------------
                         slack                                  0.252    

Slack (MET) :             0.256ns  (arrival time - required time)
  Source:                 cnter2_reg_reg[12]/C
                            (rising edge-triggered cell FDCE clocked by sys_clk_pin  {rise@0.000ns fall@5.000ns period=10.000ns})
  Destination:            cnter2_reg_reg[12]/D
                            (rising edge-triggered cell FDCE clocked by sys_clk_pin  {rise@0.000ns fall@5.000ns period=10.000ns})
  Path Group:             sys_clk_pin
  Path Type:              Hold (Min at Fast Process Corner)
  Requirement:            0.000ns  (sys_clk_pin rise@0.000ns - sys_clk_pin rise@0.000ns)
  Data Path Delay:        0.361ns  (logic 0.256ns (70.880%)  route 0.105ns (29.120%))
  Logic Levels:           1  (CARRY4=1)
  Clock Path Skew:        0.000ns (DCD - SCD - CPR)
    Destination Clock Delay (DCD):    1.986ns
    Source Clock Delay      (SCD):    1.473ns
    Clock Pessimism Removal (CPR):    0.513ns

    Location             Delay type                Incr(ns)  Path(ns)    Netlist Resource(s)
  -------------------------------------------------------------------    -------------------
                         (clock sys_clk_pin rise edge)
                                                      0.000     0.000 r  
    W5                                                0.000     0.000 r  clk (IN)
                         net (fo=0)                   0.000     0.000    clk
    W5                   IBUF (Prop_ibuf_I_O)         0.226     0.226 r  clk_IBUF_inst/O
                         net (fo=1, routed)           0.631     0.858    clk_IBUF
    BUFGCTRL_X0Y0        BUFG (Prop_bufg_I_O)         0.026     0.884 r  clk_IBUF_BUFG_inst/O
                         net (fo=60, routed)          0.590     1.473    clk_IBUF_BUFG
    SLICE_X1Y16          FDCE                                         r  cnter2_reg_reg[12]/C
  -------------------------------------------------------------------    -------------------
    SLICE_X1Y16          FDCE (Prop_fdce_C_Q)         0.141     1.614 r  cnter2_reg_reg[12]/Q
                         net (fo=1, routed)           0.105     1.719    cnter2_reg_reg_n_0_[12]
    SLICE_X1Y16          CARRY4 (Prop_carry4_S[0]_O[0])
                                                      0.115     1.834 r  cnter2_reg_reg[12]_i_1/O[0]
                         net (fo=1, routed)           0.000     1.834    cnter2_reg_reg[12]_i_1_n_7
    SLICE_X1Y16          FDCE                                         r  cnter2_reg_reg[12]/D
  -------------------------------------------------------------------    -------------------

                         (clock sys_clk_pin rise edge)
                                                      0.000     0.000 r  
    W5                                                0.000     0.000 r  clk (IN)
                         net (fo=0)                   0.000     0.000    clk
    W5                   IBUF (Prop_ibuf_I_O)         0.414     0.414 r  clk_IBUF_inst/O
                         net (fo=1, routed)           0.685     1.099    clk_IBUF
    BUFGCTRL_X0Y0        BUFG (Prop_bufg_I_O)         0.029     1.128 r  clk_IBUF_BUFG_inst/O
                         net (fo=60, routed)          0.859     1.986    clk_IBUF_BUFG
    SLICE_X1Y16          FDCE                                         r  cnter2_reg_reg[12]/C
                         clock pessimism             -0.513     1.473    
    SLICE_X1Y16          FDCE (Hold_fdce_C_D)         0.105     1.578    cnter2_reg_reg[12]
  -------------------------------------------------------------------
                         required time                         -1.578    
                         arrival time                           1.834    
  -------------------------------------------------------------------
                         slack                                  0.256    

Slack (MET) :             0.256ns  (arrival time - required time)
  Source:                 cnter2_reg_reg[20]/C
                            (rising edge-triggered cell FDCE clocked by sys_clk_pin  {rise@0.000ns fall@5.000ns period=10.000ns})
  Destination:            cnter2_reg_reg[20]/D
                            (rising edge-triggered cell FDCE clocked by sys_clk_pin  {rise@0.000ns fall@5.000ns period=10.000ns})
  Path Group:             sys_clk_pin
  Path Type:              Hold (Min at Fast Process Corner)
  Requirement:            0.000ns  (sys_clk_pin rise@0.000ns - sys_clk_pin rise@0.000ns)
  Data Path Delay:        0.361ns  (logic 0.256ns (70.880%)  route 0.105ns (29.120%))
  Logic Levels:           1  (CARRY4=1)
  Clock Path Skew:        0.000ns (DCD - SCD - CPR)
    Destination Clock Delay (DCD):    1.984ns
    Source Clock Delay      (SCD):    1.471ns
    Clock Pessimism Removal (CPR):    0.513ns

    Location             Delay type                Incr(ns)  Path(ns)    Netlist Resource(s)
  -------------------------------------------------------------------    -------------------
                         (clock sys_clk_pin rise edge)
                                                      0.000     0.000 r  
    W5                                                0.000     0.000 r  clk (IN)
                         net (fo=0)                   0.000     0.000    clk
    W5                   IBUF (Prop_ibuf_I_O)         0.226     0.226 r  clk_IBUF_inst/O
                         net (fo=1, routed)           0.631     0.858    clk_IBUF
    BUFGCTRL_X0Y0        BUFG (Prop_bufg_I_O)         0.026     0.884 r  clk_IBUF_BUFG_inst/O
                         net (fo=60, routed)          0.588     1.471    clk_IBUF_BUFG
    SLICE_X1Y18          FDCE                                         r  cnter2_reg_reg[20]/C
  -------------------------------------------------------------------    -------------------
    SLICE_X1Y18          FDCE (Prop_fdce_C_Q)         0.141     1.612 r  cnter2_reg_reg[20]/Q
                         net (fo=1, routed)           0.105     1.717    cnter2_reg_reg_n_0_[20]
    SLICE_X1Y18          CARRY4 (Prop_carry4_S[0]_O[0])
                                                      0.115     1.832 r  cnter2_reg_reg[20]_i_1/O[0]
                         net (fo=1, routed)           0.000     1.832    cnter2_reg_reg[20]_i_1_n_7
    SLICE_X1Y18          FDCE                                         r  cnter2_reg_reg[20]/D
  -------------------------------------------------------------------    -------------------

                         (clock sys_clk_pin rise edge)
                                                      0.000     0.000 r  
    W5                                                0.000     0.000 r  clk (IN)
                         net (fo=0)                   0.000     0.000    clk
    W5                   IBUF (Prop_ibuf_I_O)         0.414     0.414 r  clk_IBUF_inst/O
                         net (fo=1, routed)           0.685     1.099    clk_IBUF
    BUFGCTRL_X0Y0        BUFG (Prop_bufg_I_O)         0.029     1.128 r  clk_IBUF_BUFG_inst/O
                         net (fo=60, routed)          0.857     1.984    clk_IBUF_BUFG
    SLICE_X1Y18          FDCE                                         r  cnter2_reg_reg[20]/C
                         clock pessimism             -0.513     1.471    
    SLICE_X1Y18          FDCE (Hold_fdce_C_D)         0.105     1.576    cnter2_reg_reg[20]
  -------------------------------------------------------------------
                         required time                         -1.576    
                         arrival time                           1.832    
  -------------------------------------------------------------------
                         slack                                  0.256    

Slack (MET) :             0.256ns  (arrival time - required time)
  Source:                 cnter2_reg_reg[24]/C
                            (rising edge-triggered cell FDCE clocked by sys_clk_pin  {rise@0.000ns fall@5.000ns period=10.000ns})
  Destination:            cnter2_reg_reg[24]/D
                            (rising edge-triggered cell FDCE clocked by sys_clk_pin  {rise@0.000ns fall@5.000ns period=10.000ns})
  Path Group:             sys_clk_pin
  Path Type:              Hold (Min at Fast Process Corner)
  Requirement:            0.000ns  (sys_clk_pin rise@0.000ns - sys_clk_pin rise@0.000ns)
  Data Path Delay:        0.361ns  (logic 0.256ns (70.880%)  route 0.105ns (29.120%))
  Logic Levels:           1  (CARRY4=1)
  Clock Path Skew:        0.000ns (DCD - SCD - CPR)
    Destination Clock Delay (DCD):    1.983ns
    Source Clock Delay      (SCD):    1.470ns
    Clock Pessimism Removal (CPR):    0.513ns

    Location             Delay type                Incr(ns)  Path(ns)    Netlist Resource(s)
  -------------------------------------------------------------------    -------------------
                         (clock sys_clk_pin rise edge)
                                                      0.000     0.000 r  
    W5                                                0.000     0.000 r  clk (IN)
                         net (fo=0)                   0.000     0.000    clk
    W5                   IBUF (Prop_ibuf_I_O)         0.226     0.226 r  clk_IBUF_inst/O
                         net (fo=1, routed)           0.631     0.858    clk_IBUF
    BUFGCTRL_X0Y0        BUFG (Prop_bufg_I_O)         0.026     0.884 r  clk_IBUF_BUFG_inst/O
                         net (fo=60, routed)          0.587     1.470    clk_IBUF_BUFG
    SLICE_X1Y19          FDCE                                         r  cnter2_reg_reg[24]/C
  -------------------------------------------------------------------    -------------------
    SLICE_X1Y19          FDCE (Prop_fdce_C_Q)         0.141     1.611 r  cnter2_reg_reg[24]/Q
                         net (fo=1, routed)           0.105     1.716    cnter2_reg_reg_n_0_[24]
    SLICE_X1Y19          CARRY4 (Prop_carry4_S[0]_O[0])
                                                      0.115     1.831 r  cnter2_reg_reg[24]_i_1/O[0]
                         net (fo=1, routed)           0.000     1.831    cnter2_reg_reg[24]_i_1_n_7
    SLICE_X1Y19          FDCE                                         r  cnter2_reg_reg[24]/D
  -------------------------------------------------------------------    -------------------

                         (clock sys_clk_pin rise edge)
                                                      0.000     0.000 r  
    W5                                                0.000     0.000 r  clk (IN)
                         net (fo=0)                   0.000     0.000    clk
    W5                   IBUF (Prop_ibuf_I_O)         0.414     0.414 r  clk_IBUF_inst/O
                         net (fo=1, routed)           0.685     1.099    clk_IBUF
    BUFGCTRL_X0Y0        BUFG (Prop_bufg_I_O)         0.029     1.128 r  clk_IBUF_BUFG_inst/O
                         net (fo=60, routed)          0.856     1.983    clk_IBUF_BUFG
    SLICE_X1Y19          FDCE                                         r  cnter2_reg_reg[24]/C
                         clock pessimism             -0.513     1.470    
    SLICE_X1Y19          FDCE (Hold_fdce_C_D)         0.105     1.575    cnter2_reg_reg[24]
  -------------------------------------------------------------------
                         required time                         -1.575    
                         arrival time                           1.831    
  -------------------------------------------------------------------
                         slack                                  0.256    





Pulse Width Checks
--------------------------------------------------------------------------------------
Clock Name:         sys_clk_pin
Waveform(ns):       { 0.000 5.000 }
Period(ns):         10.000
Sources:            { clk }

Check Type        Corner  Lib Pin  Reference Pin  Required(ns)  Actual(ns)  Slack(ns)  Location       Pin
Min Period        n/a     BUFG/I   n/a            2.155         10.000      7.845      BUFGCTRL_X0Y0  clk_IBUF_BUFG_inst/I
Min Period        n/a     FDCE/C   n/a            1.000         10.000      9.000      SLICE_X0Y11    cnter1_reg_reg[0]/C
Min Period        n/a     FDCE/C   n/a            1.000         10.000      9.000      SLICE_X0Y13    cnter1_reg_reg[10]/C
Min Period        n/a     FDCE/C   n/a            1.000         10.000      9.000      SLICE_X0Y13    cnter1_reg_reg[11]/C
Min Period        n/a     FDCE/C   n/a            1.000         10.000      9.000      SLICE_X0Y14    cnter1_reg_reg[12]/C
Min Period        n/a     FDCE/C   n/a            1.000         10.000      9.000      SLICE_X0Y14    cnter1_reg_reg[13]/C
Min Period        n/a     FDCE/C   n/a            1.000         10.000      9.000      SLICE_X0Y14    cnter1_reg_reg[14]/C
Min Period        n/a     FDCE/C   n/a            1.000         10.000      9.000      SLICE_X0Y14    cnter1_reg_reg[15]/C
Min Period        n/a     FDCE/C   n/a            1.000         10.000      9.000      SLICE_X0Y15    cnter1_reg_reg[16]/C
Min Period        n/a     FDCE/C   n/a            1.000         10.000      9.000      SLICE_X0Y15    cnter1_reg_reg[17]/C
Low Pulse Width   Slow    FDCE/C   n/a            0.500         5.000       4.500      SLICE_X0Y11    cnter1_reg_reg[0]/C
Low Pulse Width   Fast    FDCE/C   n/a            0.500         5.000       4.500      SLICE_X0Y11    cnter1_reg_reg[0]/C
Low Pulse Width   Slow    FDCE/C   n/a            0.500         5.000       4.500      SLICE_X0Y13    cnter1_reg_reg[10]/C
Low Pulse Width   Fast    FDCE/C   n/a            0.500         5.000       4.500      SLICE_X0Y13    cnter1_reg_reg[10]/C
Low Pulse Width   Slow    FDCE/C   n/a            0.500         5.000       4.500      SLICE_X0Y13    cnter1_reg_reg[11]/C
Low Pulse Width   Fast    FDCE/C   n/a            0.500         5.000       4.500      SLICE_X0Y13    cnter1_reg_reg[11]/C
Low Pulse Width   Slow    FDCE/C   n/a            0.500         5.000       4.500      SLICE_X0Y14    cnter1_reg_reg[12]/C
Low Pulse Width   Fast    FDCE/C   n/a            0.500         5.000       4.500      SLICE_X0Y14    cnter1_reg_reg[12]/C
Low Pulse Width   Slow    FDCE/C   n/a            0.500         5.000       4.500      SLICE_X0Y14    cnter1_reg_reg[13]/C
Low Pulse Width   Fast    FDCE/C   n/a            0.500         5.000       4.500      SLICE_X0Y14    cnter1_reg_reg[13]/C
High Pulse Width  Slow    FDCE/C   n/a            0.500         5.000       4.500      SLICE_X0Y11    cnter1_reg_reg[0]/C
High Pulse Width  Fast    FDCE/C   n/a            0.500         5.000       4.500      SLICE_X0Y11    cnter1_reg_reg[0]/C
High Pulse Width  Slow    FDCE/C   n/a            0.500         5.000       4.500      SLICE_X0Y13    cnter1_reg_reg[10]/C
High Pulse Width  Fast    FDCE/C   n/a            0.500         5.000       4.500      SLICE_X0Y13    cnter1_reg_reg[10]/C
High Pulse Width  Slow    FDCE/C   n/a            0.500         5.000       4.500      SLICE_X0Y13    cnter1_reg_reg[11]/C
High Pulse Width  Fast    FDCE/C   n/a            0.500         5.000       4.500      SLICE_X0Y13    cnter1_reg_reg[11]/C
High Pulse Width  Slow    FDCE/C   n/a            0.500         5.000       4.500      SLICE_X0Y14    cnter1_reg_reg[12]/C
High Pulse Width  Fast    FDCE/C   n/a            0.500         5.000       4.500      SLICE_X0Y14    cnter1_reg_reg[12]/C
High Pulse Width  Slow    FDCE/C   n/a            0.500         5.000       4.500      SLICE_X0Y14    cnter1_reg_reg[13]/C
High Pulse Width  Fast    FDCE/C   n/a            0.500         5.000       4.500      SLICE_X0Y14    cnter1_reg_reg[13]/C



--------------------------------------------------------------------------------------
Path Group:  (none)
From Clock:  
  To Clock:  

Max Delay             2 Endpoints
Min Delay             2 Endpoints
--------------------------------------------------------------------------------------


Max Delay Paths
--------------------------------------------------------------------------------------
Slack:                    inf
  Source:                 ctrl[3]
                            (input port)
  Destination:            leds[1]
                            (output port)
  Path Group:             (none)
  Path Type:              Max at Slow Process Corner
  Data Path Delay:        9.177ns  (logic 5.104ns (55.623%)  route 4.072ns (44.377%))
  Logic Levels:           3  (IBUF=1 LUT2=1 OBUF=1)

    Location             Delay type                Incr(ns)  Path(ns)    Netlist Resource(s)
  -------------------------------------------------------------------    -------------------
    W15                                               0.000     0.000 r  ctrl[3] (IN)
                         net (fo=0)                   0.000     0.000    ctrl[3]
    W15                  IBUF (Prop_ibuf_I_O)         1.451     1.451 r  ctrl_IBUF[3]_inst/O
                         net (fo=1, routed)           1.604     3.055    ctrl_IBUF[3]
    SLICE_X0Y20          LUT2 (Prop_lut2_I1_O)        0.124     3.179 r  leds_OBUF[1]_inst_i_1/O
                         net (fo=1, routed)           2.468     5.647    leds_OBUF[1]
    E19                  OBUF (Prop_obuf_I_O)         3.530     9.177 r  leds_OBUF[1]_inst/O
                         net (fo=0)                   0.000     9.177    leds[1]
    E19                                                               r  leds[1] (OUT)
  -------------------------------------------------------------------    -------------------

Slack:                    inf
  Source:                 ctrl[1]
                            (input port)
  Destination:            leds[0]
                            (output port)
  Path Group:             (none)
  Path Type:              Max at Slow Process Corner
  Data Path Delay:        8.037ns  (logic 5.093ns (63.368%)  route 2.944ns (36.632%))
  Logic Levels:           3  (IBUF=1 LUT2=1 OBUF=1)

    Location             Delay type                Incr(ns)  Path(ns)    Netlist Resource(s)
  -------------------------------------------------------------------    -------------------
    W16                                               0.000     0.000 r  ctrl[1] (IN)
                         net (fo=0)                   0.000     0.000    ctrl[1]
    W16                  IBUF (Prop_ibuf_I_O)         1.464     1.464 r  ctrl_IBUF[1]_inst/O
                         net (fo=1, routed)           1.070     2.534    ctrl_IBUF[1]
    SLICE_X0Y10          LUT2 (Prop_lut2_I0_O)        0.124     2.658 r  leds_OBUF[0]_inst_i_1/O
                         net (fo=1, routed)           1.874     4.532    leds_OBUF[0]
    U16                  OBUF (Prop_obuf_I_O)         3.505     8.037 r  leds_OBUF[0]_inst/O
                         net (fo=0)                   0.000     8.037    leds[0]
    U16                                                               r  leds[0] (OUT)
  -------------------------------------------------------------------    -------------------





Min Delay Paths
--------------------------------------------------------------------------------------
Slack:                    inf
  Source:                 ctrl[1]
                            (input port)
  Destination:            leds[0]
                            (output port)
  Path Group:             (none)
  Path Type:              Min at Fast Process Corner
  Data Path Delay:        2.311ns  (logic 1.483ns (64.168%)  route 0.828ns (35.832%))
  Logic Levels:           3  (IBUF=1 LUT2=1 OBUF=1)

    Location             Delay type                Incr(ns)  Path(ns)    Netlist Resource(s)
  -------------------------------------------------------------------    -------------------
    W16                                               0.000     0.000 r  ctrl[1] (IN)
                         net (fo=0)                   0.000     0.000    ctrl[1]
    W16                  IBUF (Prop_ibuf_I_O)         0.232     0.232 r  ctrl_IBUF[1]_inst/O
                         net (fo=1, routed)           0.407     0.639    ctrl_IBUF[1]
    SLICE_X0Y10          LUT2 (Prop_lut2_I0_O)        0.045     0.684 r  leds_OBUF[0]_inst_i_1/O
                         net (fo=1, routed)           0.421     1.105    leds_OBUF[0]
    U16                  OBUF (Prop_obuf_I_O)         1.206     2.311 r  leds_OBUF[0]_inst/O
                         net (fo=0)                   0.000     2.311    leds[0]
    U16                                                               r  leds[0] (OUT)
  -------------------------------------------------------------------    -------------------

Slack:                    inf
  Source:                 ctrl[3]
                            (input port)
  Destination:            leds[1]
                            (output port)
  Path Group:             (none)
  Path Type:              Min at Fast Process Corner
  Data Path Delay:        2.809ns  (logic 1.494ns (53.207%)  route 1.314ns (46.793%))
  Logic Levels:           3  (IBUF=1 LUT2=1 OBUF=1)

    Location             Delay type                Incr(ns)  Path(ns)    Netlist Resource(s)
  -------------------------------------------------------------------    -------------------
    W15                                               0.000     0.000 r  ctrl[3] (IN)
                         net (fo=0)                   0.000     0.000    ctrl[3]
    W15                  IBUF (Prop_ibuf_I_O)         0.219     0.219 r  ctrl_IBUF[3]_inst/O
                         net (fo=1, routed)           0.629     0.848    ctrl_IBUF[3]
    SLICE_X0Y20          LUT2 (Prop_lut2_I1_O)        0.045     0.893 r  leds_OBUF[1]_inst_i_1/O
                         net (fo=1, routed)           0.685     1.578    leds_OBUF[1]
    E19                  OBUF (Prop_obuf_I_O)         1.231     2.809 r  leds_OBUF[1]_inst/O
                         net (fo=0)                   0.000     2.809    leds[1]
    E19                                                               r  leds[1] (OUT)
  -------------------------------------------------------------------    -------------------





--------------------------------------------------------------------------------------
Path Group:  (none)
From Clock:  sys_clk_pin
  To Clock:  

Max Delay             2 Endpoints
Min Delay             2 Endpoints
--------------------------------------------------------------------------------------


Max Delay Paths
--------------------------------------------------------------------------------------
Slack:                    inf
  Source:                 cnter2_reg_reg[29]/C
                            (rising edge-triggered cell FDCE clocked by sys_clk_pin  {rise@0.000ns fall@5.000ns period=10.000ns})
  Destination:            leds[1]
                            (output port)
  Path Group:             (none)
  Path Type:              Max at Slow Process Corner
  Data Path Delay:        7.034ns  (logic 4.110ns (58.424%)  route 2.925ns (41.576%))
  Logic Levels:           2  (LUT2=1 OBUF=1)
  Clock Uncertainty:      0.025ns  ((TSJ^2 + TIJ^2)^1/2 + DJ) / 2 + PE
    Total System Jitter     (TSJ):    0.050ns
    Total Input Jitter      (TIJ):    0.000ns
    Discrete Jitter          (DJ):    0.000ns
    Phase Error              (PE):    0.000ns

    Location             Delay type                Incr(ns)  Path(ns)    Netlist Resource(s)
  -------------------------------------------------------------------    -------------------
                         (clock sys_clk_pin rise edge)
                                                      0.000     0.000 r  
    W5                                                0.000     0.000 r  clk (IN)
                         net (fo=0)                   0.000     0.000    clk
    W5                   IBUF (Prop_ibuf_I_O)         1.458     1.458 r  clk_IBUF_inst/O
                         net (fo=1, routed)           1.967     3.425    clk_IBUF
    BUFGCTRL_X0Y0        BUFG (Prop_bufg_I_O)         0.096     3.521 r  clk_IBUF_BUFG_inst/O
                         net (fo=60, routed)          1.625     5.146    clk_IBUF_BUFG
    SLICE_X1Y20          FDCE                                         r  cnter2_reg_reg[29]/C
  -------------------------------------------------------------------    -------------------
    SLICE_X1Y20          FDCE (Prop_fdce_C_Q)         0.456     5.602 r  cnter2_reg_reg[29]/Q
                         net (fo=2, routed)           0.456     6.059    cnter2_reg_reg[29]
    SLICE_X0Y20          LUT2 (Prop_lut2_I0_O)        0.124     6.183 r  leds_OBUF[1]_inst_i_1/O
                         net (fo=1, routed)           2.468     8.651    leds_OBUF[1]
    E19                  OBUF (Prop_obuf_I_O)         3.530    12.181 r  leds_OBUF[1]_inst/O
                         net (fo=0)                   0.000    12.181    leds[1]
    E19                                                               r  leds[1] (OUT)
  -------------------------------------------------------------------    -------------------

Slack:                    inf
  Source:                 cnter1_reg_reg[29]/C
                            (rising edge-triggered cell FDCE clocked by sys_clk_pin  {rise@0.000ns fall@5.000ns period=10.000ns})
  Destination:            leds[0]
                            (output port)
  Path Group:             (none)
  Path Type:              Max at Slow Process Corner
  Data Path Delay:        6.766ns  (logic 4.085ns (60.371%)  route 2.681ns (39.629%))
  Logic Levels:           2  (LUT2=1 OBUF=1)
  Clock Uncertainty:      0.025ns  ((TSJ^2 + TIJ^2)^1/2 + DJ) / 2 + PE
    Total System Jitter     (TSJ):    0.050ns
    Total Input Jitter      (TIJ):    0.000ns
    Discrete Jitter          (DJ):    0.000ns
    Phase Error              (PE):    0.000ns

    Location             Delay type                Incr(ns)  Path(ns)    Netlist Resource(s)
  -------------------------------------------------------------------    -------------------
                         (clock sys_clk_pin rise edge)
                                                      0.000     0.000 r  
    W5                                                0.000     0.000 r  clk (IN)
                         net (fo=0)                   0.000     0.000    clk
    W5                   IBUF (Prop_ibuf_I_O)         1.458     1.458 r  clk_IBUF_inst/O
                         net (fo=1, routed)           1.967     3.425    clk_IBUF
    BUFGCTRL_X0Y0        BUFG (Prop_bufg_I_O)         0.096     3.521 r  clk_IBUF_BUFG_inst/O
                         net (fo=60, routed)          1.627     5.148    clk_IBUF_BUFG
    SLICE_X0Y18          FDCE                                         r  cnter1_reg_reg[29]/C
  -------------------------------------------------------------------    -------------------
    SLICE_X0Y18          FDCE (Prop_fdce_C_Q)         0.456     5.604 r  cnter1_reg_reg[29]/Q
                         net (fo=2, routed)           0.807     6.411    cnter1_reg_reg[29]
    SLICE_X0Y10          LUT2 (Prop_lut2_I1_O)        0.124     6.535 r  leds_OBUF[0]_inst_i_1/O
                         net (fo=1, routed)           1.874     8.410    leds_OBUF[0]
    U16                  OBUF (Prop_obuf_I_O)         3.505    11.914 r  leds_OBUF[0]_inst/O
                         net (fo=0)                   0.000    11.914    leds[0]
    U16                                                               r  leds[0] (OUT)
  -------------------------------------------------------------------    -------------------





Min Delay Paths
--------------------------------------------------------------------------------------
Slack:                    inf
  Source:                 cnter1_reg_reg[29]/C
                            (rising edge-triggered cell FDCE clocked by sys_clk_pin  {rise@0.000ns fall@5.000ns period=10.000ns})
  Destination:            leds[0]
                            (output port)
  Path Group:             (none)
  Path Type:              Min at Fast Process Corner
  Data Path Delay:        2.119ns  (logic 1.392ns (65.681%)  route 0.727ns (34.319%))
  Logic Levels:           2  (LUT2=1 OBUF=1)
  Clock Uncertainty:      0.025ns  ((TSJ^2 + TIJ^2)^1/2 + DJ) / 2 + PE
    Total System Jitter     (TSJ):    0.050ns
    Total Input Jitter      (TIJ):    0.000ns
    Discrete Jitter          (DJ):    0.000ns
    Phase Error              (PE):    0.000ns

    Location             Delay type                Incr(ns)  Path(ns)    Netlist Resource(s)
  -------------------------------------------------------------------    -------------------
                         (clock sys_clk_pin rise edge)
                                                      0.000     0.000 r  
    W5                                                0.000     0.000 r  clk (IN)
                         net (fo=0)                   0.000     0.000    clk
    W5                   IBUF (Prop_ibuf_I_O)         0.226     0.226 r  clk_IBUF_inst/O
                         net (fo=1, routed)           0.631     0.858    clk_IBUF
    BUFGCTRL_X0Y0        BUFG (Prop_bufg_I_O)         0.026     0.884 r  clk_IBUF_BUFG_inst/O
                         net (fo=60, routed)          0.588     1.471    clk_IBUF_BUFG
    SLICE_X0Y18          FDCE                                         r  cnter1_reg_reg[29]/C
  -------------------------------------------------------------------    -------------------
    SLICE_X0Y18          FDCE (Prop_fdce_C_Q)         0.141     1.612 r  cnter1_reg_reg[29]/Q
                         net (fo=2, routed)           0.306     1.918    cnter1_reg_reg[29]
    SLICE_X0Y10          LUT2 (Prop_lut2_I1_O)        0.045     1.963 r  leds_OBUF[0]_inst_i_1/O
                         net (fo=1, routed)           0.421     2.384    leds_OBUF[0]
    U16                  OBUF (Prop_obuf_I_O)         1.206     3.590 r  leds_OBUF[0]_inst/O
                         net (fo=0)                   0.000     3.590    leds[0]
    U16                                                               r  leds[0] (OUT)
  -------------------------------------------------------------------    -------------------

Slack:                    inf
  Source:                 cnter2_reg_reg[29]/C
                            (rising edge-triggered cell FDCE clocked by sys_clk_pin  {rise@0.000ns fall@5.000ns period=10.000ns})
  Destination:            leds[1]
                            (output port)
  Path Group:             (none)
  Path Type:              Min at Fast Process Corner
  Data Path Delay:        2.260ns  (logic 1.417ns (62.675%)  route 0.844ns (37.325%))
  Logic Levels:           2  (LUT2=1 OBUF=1)
  Clock Uncertainty:      0.025ns  ((TSJ^2 + TIJ^2)^1/2 + DJ) / 2 + PE
    Total System Jitter     (TSJ):    0.050ns
    Total Input Jitter      (TIJ):    0.000ns
    Discrete Jitter          (DJ):    0.000ns
    Phase Error              (PE):    0.000ns

    Location             Delay type                Incr(ns)  Path(ns)    Netlist Resource(s)
  -------------------------------------------------------------------    -------------------
                         (clock sys_clk_pin rise edge)
                                                      0.000     0.000 r  
    W5                                                0.000     0.000 r  clk (IN)
                         net (fo=0)                   0.000     0.000    clk
    W5                   IBUF (Prop_ibuf_I_O)         0.226     0.226 r  clk_IBUF_inst/O
                         net (fo=1, routed)           0.631     0.858    clk_IBUF
    BUFGCTRL_X0Y0        BUFG (Prop_bufg_I_O)         0.026     0.884 r  clk_IBUF_BUFG_inst/O
                         net (fo=60, routed)          0.586     1.469    clk_IBUF_BUFG
    SLICE_X1Y20          FDCE                                         r  cnter2_reg_reg[29]/C
  -------------------------------------------------------------------    -------------------
    SLICE_X1Y20          FDCE (Prop_fdce_C_Q)         0.141     1.610 r  cnter2_reg_reg[29]/Q
                         net (fo=2, routed)           0.158     1.768    cnter2_reg_reg[29]
    SLICE_X0Y20          LUT2 (Prop_lut2_I0_O)        0.045     1.813 r  leds_OBUF[1]_inst_i_1/O
                         net (fo=1, routed)           0.685     2.499    leds_OBUF[1]
    E19                  OBUF (Prop_obuf_I_O)         1.231     3.729 r  leds_OBUF[1]_inst/O
                         net (fo=0)                   0.000     3.729    leds[1]
    E19                                                               r  leds[1] (OUT)
  -------------------------------------------------------------------    -------------------





--------------------------------------------------------------------------------------
Path Group:  (none)
From Clock:  
  To Clock:  sys_clk_pin

Max Delay           120 Endpoints
Min Delay           120 Endpoints
--------------------------------------------------------------------------------------


Max Delay Paths
--------------------------------------------------------------------------------------
Slack:                    inf
  Source:                 reset
                            (input port)
  Destination:            cnter2_reg_reg[28]/CLR
                            (recovery check against rising-edge clock sys_clk_pin  {rise@0.000ns fall@5.000ns period=10.000ns})
  Path Group:             (none)
  Path Type:              Recovery (Max at Slow Process Corner)
  Data Path Delay:        3.732ns  (logic 1.453ns (38.931%)  route 2.279ns (61.069%))
  Logic Levels:           1  (IBUF=1)
  Clock Path Skew:        4.849ns (DCD - SCD + CPR)
    Destination Clock Delay (DCD):    4.849ns
    Source Clock Delay      (SCD):    0.000ns
    Clock Pessimism Removal (CPR):    0.000ns
  Clock Uncertainty:      0.025ns  ((TSJ^2 + TIJ^2)^1/2 + DJ) / 2 + PE
    Total System Jitter     (TSJ):    0.050ns
    Total Input Jitter      (TIJ):    0.000ns
    Discrete Jitter          (DJ):    0.000ns
    Phase Error              (PE):    0.000ns

    Location             Delay type                Incr(ns)  Path(ns)    Netlist Resource(s)
  -------------------------------------------------------------------    -------------------
    V17                                               0.000     0.000 f  reset (IN)
                         net (fo=0)                   0.000     0.000    reset
    V17                  IBUF (Prop_ibuf_I_O)         1.453     1.453 f  reset_IBUF_inst/O
                         net (fo=60, routed)          2.279     3.732    reset_IBUF
    SLICE_X1Y20          FDCE                                         f  cnter2_reg_reg[28]/CLR
  -------------------------------------------------------------------    -------------------

                         (clock sys_clk_pin rise edge)
                                                      0.000     0.000 r  
    W5                                                0.000     0.000 r  clk (IN)
                         net (fo=0)                   0.000     0.000    clk
    W5                   IBUF (Prop_ibuf_I_O)         1.388     1.388 r  clk_IBUF_inst/O
                         net (fo=1, routed)           1.862     3.250    clk_IBUF
    BUFGCTRL_X0Y0        BUFG (Prop_bufg_I_O)         0.091     3.341 r  clk_IBUF_BUFG_inst/O
                         net (fo=60, routed)          1.508     4.849    clk_IBUF_BUFG
    SLICE_X1Y20          FDCE                                         r  cnter2_reg_reg[28]/C

Slack:                    inf
  Source:                 reset
                            (input port)
  Destination:            cnter2_reg_reg[29]/CLR
                            (recovery check against rising-edge clock sys_clk_pin  {rise@0.000ns fall@5.000ns period=10.000ns})
  Path Group:             (none)
  Path Type:              Recovery (Max at Slow Process Corner)
  Data Path Delay:        3.732ns  (logic 1.453ns (38.931%)  route 2.279ns (61.069%))
  Logic Levels:           1  (IBUF=1)
  Clock Path Skew:        4.849ns (DCD - SCD + CPR)
    Destination Clock Delay (DCD):    4.849ns
    Source Clock Delay      (SCD):    0.000ns
    Clock Pessimism Removal (CPR):    0.000ns
  Clock Uncertainty:      0.025ns  ((TSJ^2 + TIJ^2)^1/2 + DJ) / 2 + PE
    Total System Jitter     (TSJ):    0.050ns
    Total Input Jitter      (TIJ):    0.000ns
    Discrete Jitter          (DJ):    0.000ns
    Phase Error              (PE):    0.000ns

    Location             Delay type                Incr(ns)  Path(ns)    Netlist Resource(s)
  -------------------------------------------------------------------    -------------------
    V17                                               0.000     0.000 f  reset (IN)
                         net (fo=0)                   0.000     0.000    reset
    V17                  IBUF (Prop_ibuf_I_O)         1.453     1.453 f  reset_IBUF_inst/O
                         net (fo=60, routed)          2.279     3.732    reset_IBUF
    SLICE_X1Y20          FDCE                                         f  cnter2_reg_reg[29]/CLR
  -------------------------------------------------------------------    -------------------

                         (clock sys_clk_pin rise edge)
                                                      0.000     0.000 r  
    W5                                                0.000     0.000 r  clk (IN)
                         net (fo=0)                   0.000     0.000    clk
    W5                   IBUF (Prop_ibuf_I_O)         1.388     1.388 r  clk_IBUF_inst/O
                         net (fo=1, routed)           1.862     3.250    clk_IBUF
    BUFGCTRL_X0Y0        BUFG (Prop_bufg_I_O)         0.091     3.341 r  clk_IBUF_BUFG_inst/O
                         net (fo=60, routed)          1.508     4.849    clk_IBUF_BUFG
    SLICE_X1Y20          FDCE                                         r  cnter2_reg_reg[29]/C

Slack:                    inf
  Source:                 reset
                            (input port)
  Destination:            cnter2_reg_reg[24]/CLR
                            (recovery check against rising-edge clock sys_clk_pin  {rise@0.000ns fall@5.000ns period=10.000ns})
  Path Group:             (none)
  Path Type:              Recovery (Max at Slow Process Corner)
  Data Path Delay:        3.593ns  (logic 1.453ns (40.431%)  route 2.141ns (59.569%))
  Logic Levels:           1  (IBUF=1)
  Clock Path Skew:        4.849ns (DCD - SCD + CPR)
    Destination Clock Delay (DCD):    4.849ns
    Source Clock Delay      (SCD):    0.000ns
    Clock Pessimism Removal (CPR):    0.000ns
  Clock Uncertainty:      0.025ns  ((TSJ^2 + TIJ^2)^1/2 + DJ) / 2 + PE
    Total System Jitter     (TSJ):    0.050ns
    Total Input Jitter      (TIJ):    0.000ns
    Discrete Jitter          (DJ):    0.000ns
    Phase Error              (PE):    0.000ns

    Location             Delay type                Incr(ns)  Path(ns)    Netlist Resource(s)
  -------------------------------------------------------------------    -------------------
    V17                                               0.000     0.000 f  reset (IN)
                         net (fo=0)                   0.000     0.000    reset
    V17                  IBUF (Prop_ibuf_I_O)         1.453     1.453 f  reset_IBUF_inst/O
                         net (fo=60, routed)          2.141     3.593    reset_IBUF
    SLICE_X1Y19          FDCE                                         f  cnter2_reg_reg[24]/CLR
  -------------------------------------------------------------------    -------------------

                         (clock sys_clk_pin rise edge)
                                                      0.000     0.000 r  
    W5                                                0.000     0.000 r  clk (IN)
                         net (fo=0)                   0.000     0.000    clk
    W5                   IBUF (Prop_ibuf_I_O)         1.388     1.388 r  clk_IBUF_inst/O
                         net (fo=1, routed)           1.862     3.250    clk_IBUF
    BUFGCTRL_X0Y0        BUFG (Prop_bufg_I_O)         0.091     3.341 r  clk_IBUF_BUFG_inst/O
                         net (fo=60, routed)          1.508     4.849    clk_IBUF_BUFG
    SLICE_X1Y19          FDCE                                         r  cnter2_reg_reg[24]/C

Slack:                    inf
  Source:                 reset
                            (input port)
  Destination:            cnter2_reg_reg[25]/CLR
                            (recovery check against rising-edge clock sys_clk_pin  {rise@0.000ns fall@5.000ns period=10.000ns})
  Path Group:             (none)
  Path Type:              Recovery (Max at Slow Process Corner)
  Data Path Delay:        3.593ns  (logic 1.453ns (40.431%)  route 2.141ns (59.569%))
  Logic Levels:           1  (IBUF=1)
  Clock Path Skew:        4.849ns (DCD - SCD + CPR)
    Destination Clock Delay (DCD):    4.849ns
    Source Clock Delay      (SCD):    0.000ns
    Clock Pessimism Removal (CPR):    0.000ns
  Clock Uncertainty:      0.025ns  ((TSJ^2 + TIJ^2)^1/2 + DJ) / 2 + PE
    Total System Jitter     (TSJ):    0.050ns
    Total Input Jitter      (TIJ):    0.000ns
    Discrete Jitter          (DJ):    0.000ns
    Phase Error              (PE):    0.000ns

    Location             Delay type                Incr(ns)  Path(ns)    Netlist Resource(s)
  -------------------------------------------------------------------    -------------------
    V17                                               0.000     0.000 f  reset (IN)
                         net (fo=0)                   0.000     0.000    reset
    V17                  IBUF (Prop_ibuf_I_O)         1.453     1.453 f  reset_IBUF_inst/O
                         net (fo=60, routed)          2.141     3.593    reset_IBUF
    SLICE_X1Y19          FDCE                                         f  cnter2_reg_reg[25]/CLR
  -------------------------------------------------------------------    -------------------

                         (clock sys_clk_pin rise edge)
                                                      0.000     0.000 r  
    W5                                                0.000     0.000 r  clk (IN)
                         net (fo=0)                   0.000     0.000    clk
    W5                   IBUF (Prop_ibuf_I_O)         1.388     1.388 r  clk_IBUF_inst/O
                         net (fo=1, routed)           1.862     3.250    clk_IBUF
    BUFGCTRL_X0Y0        BUFG (Prop_bufg_I_O)         0.091     3.341 r  clk_IBUF_BUFG_inst/O
                         net (fo=60, routed)          1.508     4.849    clk_IBUF_BUFG
    SLICE_X1Y19          FDCE                                         r  cnter2_reg_reg[25]/C

Slack:                    inf
  Source:                 reset
                            (input port)
  Destination:            cnter2_reg_reg[26]/CLR
                            (recovery check against rising-edge clock sys_clk_pin  {rise@0.000ns fall@5.000ns period=10.000ns})
  Path Group:             (none)
  Path Type:              Recovery (Max at Slow Process Corner)
  Data Path Delay:        3.593ns  (logic 1.453ns (40.431%)  route 2.141ns (59.569%))
  Logic Levels:           1  (IBUF=1)
  Clock Path Skew:        4.849ns (DCD - SCD + CPR)
    Destination Clock Delay (DCD):    4.849ns
    Source Clock Delay      (SCD):    0.000ns
    Clock Pessimism Removal (CPR):    0.000ns
  Clock Uncertainty:      0.025ns  ((TSJ^2 + TIJ^2)^1/2 + DJ) / 2 + PE
    Total System Jitter     (TSJ):    0.050ns
    Total Input Jitter      (TIJ):    0.000ns
    Discrete Jitter          (DJ):    0.000ns
    Phase Error              (PE):    0.000ns

    Location             Delay type                Incr(ns)  Path(ns)    Netlist Resource(s)
  -------------------------------------------------------------------    -------------------
    V17                                               0.000     0.000 f  reset (IN)
                         net (fo=0)                   0.000     0.000    reset
    V17                  IBUF (Prop_ibuf_I_O)         1.453     1.453 f  reset_IBUF_inst/O
                         net (fo=60, routed)          2.141     3.593    reset_IBUF
    SLICE_X1Y19          FDCE                                         f  cnter2_reg_reg[26]/CLR
  -------------------------------------------------------------------    -------------------

                         (clock sys_clk_pin rise edge)
                                                      0.000     0.000 r  
    W5                                                0.000     0.000 r  clk (IN)
                         net (fo=0)                   0.000     0.000    clk
    W5                   IBUF (Prop_ibuf_I_O)         1.388     1.388 r  clk_IBUF_inst/O
                         net (fo=1, routed)           1.862     3.250    clk_IBUF
    BUFGCTRL_X0Y0        BUFG (Prop_bufg_I_O)         0.091     3.341 r  clk_IBUF_BUFG_inst/O
                         net (fo=60, routed)          1.508     4.849    clk_IBUF_BUFG
    SLICE_X1Y19          FDCE                                         r  cnter2_reg_reg[26]/C

Slack:                    inf
  Source:                 reset
                            (input port)
  Destination:            cnter2_reg_reg[27]/CLR
                            (recovery check against rising-edge clock sys_clk_pin  {rise@0.000ns fall@5.000ns period=10.000ns})
  Path Group:             (none)
  Path Type:              Recovery (Max at Slow Process Corner)
  Data Path Delay:        3.593ns  (logic 1.453ns (40.431%)  route 2.141ns (59.569%))
  Logic Levels:           1  (IBUF=1)
  Clock Path Skew:        4.849ns (DCD - SCD + CPR)
    Destination Clock Delay (DCD):    4.849ns
    Source Clock Delay      (SCD):    0.000ns
    Clock Pessimism Removal (CPR):    0.000ns
  Clock Uncertainty:      0.025ns  ((TSJ^2 + TIJ^2)^1/2 + DJ) / 2 + PE
    Total System Jitter     (TSJ):    0.050ns
    Total Input Jitter      (TIJ):    0.000ns
    Discrete Jitter          (DJ):    0.000ns
    Phase Error              (PE):    0.000ns

    Location             Delay type                Incr(ns)  Path(ns)    Netlist Resource(s)
  -------------------------------------------------------------------    -------------------
    V17                                               0.000     0.000 f  reset (IN)
                         net (fo=0)                   0.000     0.000    reset
    V17                  IBUF (Prop_ibuf_I_O)         1.453     1.453 f  reset_IBUF_inst/O
                         net (fo=60, routed)          2.141     3.593    reset_IBUF
    SLICE_X1Y19          FDCE                                         f  cnter2_reg_reg[27]/CLR
  -------------------------------------------------------------------    -------------------

                         (clock sys_clk_pin rise edge)
                                                      0.000     0.000 r  
    W5                                                0.000     0.000 r  clk (IN)
                         net (fo=0)                   0.000     0.000    clk
    W5                   IBUF (Prop_ibuf_I_O)         1.388     1.388 r  clk_IBUF_inst/O
                         net (fo=1, routed)           1.862     3.250    clk_IBUF
    BUFGCTRL_X0Y0        BUFG (Prop_bufg_I_O)         0.091     3.341 r  clk_IBUF_BUFG_inst/O
                         net (fo=60, routed)          1.508     4.849    clk_IBUF_BUFG
    SLICE_X1Y19          FDCE                                         r  cnter2_reg_reg[27]/C

Slack:                    inf
  Source:                 ctrl[2]
                            (input port)
  Destination:            cnter2_reg_reg[28]/CE
                            (rising edge-triggered cell FDCE clocked by sys_clk_pin  {rise@0.000ns fall@5.000ns period=10.000ns})
  Path Group:             (none)
  Path Type:              Setup (Max at Slow Process Corner)
  Data Path Delay:        3.453ns  (logic 1.448ns (41.947%)  route 2.005ns (58.053%))
  Logic Levels:           1  (IBUF=1)
  Clock Path Skew:        4.849ns (DCD - SCD + CPR)
    Destination Clock Delay (DCD):    4.849ns
    Source Clock Delay      (SCD):    0.000ns
    Clock Pessimism Removal (CPR):    0.000ns
  Clock Uncertainty:      0.025ns  ((TSJ^2 + TIJ^2)^1/2 + DJ) / 2 + PE
    Total System Jitter     (TSJ):    0.050ns
    Total Input Jitter      (TIJ):    0.000ns
    Discrete Jitter          (DJ):    0.000ns
    Phase Error              (PE):    0.000ns

    Location             Delay type                Incr(ns)  Path(ns)    Netlist Resource(s)
  -------------------------------------------------------------------    -------------------
    W17                                               0.000     0.000 r  ctrl[2] (IN)
                         net (fo=0)                   0.000     0.000    ctrl[2]
    W17                  IBUF (Prop_ibuf_I_O)         1.448     1.448 r  ctrl_IBUF[2]_inst/O
                         net (fo=30, routed)          2.005     3.453    ctrl_IBUF[2]
    SLICE_X1Y20          FDCE                                         r  cnter2_reg_reg[28]/CE
  -------------------------------------------------------------------    -------------------

                         (clock sys_clk_pin rise edge)
                                                      0.000     0.000 r  
    W5                                                0.000     0.000 r  clk (IN)
                         net (fo=0)                   0.000     0.000    clk
    W5                   IBUF (Prop_ibuf_I_O)         1.388     1.388 r  clk_IBUF_inst/O
                         net (fo=1, routed)           1.862     3.250    clk_IBUF
    BUFGCTRL_X0Y0        BUFG (Prop_bufg_I_O)         0.091     3.341 r  clk_IBUF_BUFG_inst/O
                         net (fo=60, routed)          1.508     4.849    clk_IBUF_BUFG
    SLICE_X1Y20          FDCE                                         r  cnter2_reg_reg[28]/C

Slack:                    inf
  Source:                 ctrl[2]
                            (input port)
  Destination:            cnter2_reg_reg[29]/CE
                            (rising edge-triggered cell FDCE clocked by sys_clk_pin  {rise@0.000ns fall@5.000ns period=10.000ns})
  Path Group:             (none)
  Path Type:              Setup (Max at Slow Process Corner)
  Data Path Delay:        3.453ns  (logic 1.448ns (41.947%)  route 2.005ns (58.053%))
  Logic Levels:           1  (IBUF=1)
  Clock Path Skew:        4.849ns (DCD - SCD + CPR)
    Destination Clock Delay (DCD):    4.849ns
    Source Clock Delay      (SCD):    0.000ns
    Clock Pessimism Removal (CPR):    0.000ns
  Clock Uncertainty:      0.025ns  ((TSJ^2 + TIJ^2)^1/2 + DJ) / 2 + PE
    Total System Jitter     (TSJ):    0.050ns
    Total Input Jitter      (TIJ):    0.000ns
    Discrete Jitter          (DJ):    0.000ns
    Phase Error              (PE):    0.000ns

    Location             Delay type                Incr(ns)  Path(ns)    Netlist Resource(s)
  -------------------------------------------------------------------    -------------------
    W17                                               0.000     0.000 r  ctrl[2] (IN)
                         net (fo=0)                   0.000     0.000    ctrl[2]
    W17                  IBUF (Prop_ibuf_I_O)         1.448     1.448 r  ctrl_IBUF[2]_inst/O
                         net (fo=30, routed)          2.005     3.453    ctrl_IBUF[2]
    SLICE_X1Y20          FDCE                                         r  cnter2_reg_reg[29]/CE
  -------------------------------------------------------------------    -------------------

                         (clock sys_clk_pin rise edge)
                                                      0.000     0.000 r  
    W5                                                0.000     0.000 r  clk (IN)
                         net (fo=0)                   0.000     0.000    clk
    W5                   IBUF (Prop_ibuf_I_O)         1.388     1.388 r  clk_IBUF_inst/O
                         net (fo=1, routed)           1.862     3.250    clk_IBUF
    BUFGCTRL_X0Y0        BUFG (Prop_bufg_I_O)         0.091     3.341 r  clk_IBUF_BUFG_inst/O
                         net (fo=60, routed)          1.508     4.849    clk_IBUF_BUFG
    SLICE_X1Y20          FDCE                                         r  cnter2_reg_reg[29]/C

Slack:                    inf
  Source:                 reset
                            (input port)
  Destination:            cnter1_reg_reg[28]/CLR
                            (recovery check against rising-edge clock sys_clk_pin  {rise@0.000ns fall@5.000ns period=10.000ns})
  Path Group:             (none)
  Path Type:              Recovery (Max at Slow Process Corner)
  Data Path Delay:        3.449ns  (logic 1.453ns (42.118%)  route 1.997ns (57.882%))
  Logic Levels:           1  (IBUF=1)
  Clock Path Skew:        4.850ns (DCD - SCD + CPR)
    Destination Clock Delay (DCD):    4.850ns
    Source Clock Delay      (SCD):    0.000ns
    Clock Pessimism Removal (CPR):    0.000ns
  Clock Uncertainty:      0.025ns  ((TSJ^2 + TIJ^2)^1/2 + DJ) / 2 + PE
    Total System Jitter     (TSJ):    0.050ns
    Total Input Jitter      (TIJ):    0.000ns
    Discrete Jitter          (DJ):    0.000ns
    Phase Error              (PE):    0.000ns

    Location             Delay type                Incr(ns)  Path(ns)    Netlist Resource(s)
  -------------------------------------------------------------------    -------------------
    V17                                               0.000     0.000 f  reset (IN)
                         net (fo=0)                   0.000     0.000    reset
    V17                  IBUF (Prop_ibuf_I_O)         1.453     1.453 f  reset_IBUF_inst/O
                         net (fo=60, routed)          1.997     3.449    reset_IBUF
    SLICE_X0Y18          FDCE                                         f  cnter1_reg_reg[28]/CLR
  -------------------------------------------------------------------    -------------------

                         (clock sys_clk_pin rise edge)
                                                      0.000     0.000 r  
    W5                                                0.000     0.000 r  clk (IN)
                         net (fo=0)                   0.000     0.000    clk
    W5                   IBUF (Prop_ibuf_I_O)         1.388     1.388 r  clk_IBUF_inst/O
                         net (fo=1, routed)           1.862     3.250    clk_IBUF
    BUFGCTRL_X0Y0        BUFG (Prop_bufg_I_O)         0.091     3.341 r  clk_IBUF_BUFG_inst/O
                         net (fo=60, routed)          1.509     4.850    clk_IBUF_BUFG
    SLICE_X0Y18          FDCE                                         r  cnter1_reg_reg[28]/C

Slack:                    inf
  Source:                 reset
                            (input port)
  Destination:            cnter1_reg_reg[29]/CLR
                            (recovery check against rising-edge clock sys_clk_pin  {rise@0.000ns fall@5.000ns period=10.000ns})
  Path Group:             (none)
  Path Type:              Recovery (Max at Slow Process Corner)
  Data Path Delay:        3.449ns  (logic 1.453ns (42.118%)  route 1.997ns (57.882%))
  Logic Levels:           1  (IBUF=1)
  Clock Path Skew:        4.850ns (DCD - SCD + CPR)
    Destination Clock Delay (DCD):    4.850ns
    Source Clock Delay      (SCD):    0.000ns
    Clock Pessimism Removal (CPR):    0.000ns
  Clock Uncertainty:      0.025ns  ((TSJ^2 + TIJ^2)^1/2 + DJ) / 2 + PE
    Total System Jitter     (TSJ):    0.050ns
    Total Input Jitter      (TIJ):    0.000ns
    Discrete Jitter          (DJ):    0.000ns
    Phase Error              (PE):    0.000ns

    Location             Delay type                Incr(ns)  Path(ns)    Netlist Resource(s)
  -------------------------------------------------------------------    -------------------
    V17                                               0.000     0.000 f  reset (IN)
                         net (fo=0)                   0.000     0.000    reset
    V17                  IBUF (Prop_ibuf_I_O)         1.453     1.453 f  reset_IBUF_inst/O
                         net (fo=60, routed)          1.997     3.449    reset_IBUF
    SLICE_X0Y18          FDCE                                         f  cnter1_reg_reg[29]/CLR
  -------------------------------------------------------------------    -------------------

                         (clock sys_clk_pin rise edge)
                                                      0.000     0.000 r  
    W5                                                0.000     0.000 r  clk (IN)
                         net (fo=0)                   0.000     0.000    clk
    W5                   IBUF (Prop_ibuf_I_O)         1.388     1.388 r  clk_IBUF_inst/O
                         net (fo=1, routed)           1.862     3.250    clk_IBUF
    BUFGCTRL_X0Y0        BUFG (Prop_bufg_I_O)         0.091     3.341 r  clk_IBUF_BUFG_inst/O
                         net (fo=60, routed)          1.509     4.850    clk_IBUF_BUFG
    SLICE_X0Y18          FDCE                                         r  cnter1_reg_reg[29]/C





Min Delay Paths
--------------------------------------------------------------------------------------
Slack:                    inf
  Source:                 ctrl[0]
                            (input port)
  Destination:            cnter1_reg_reg[0]/CE
                            (rising edge-triggered cell FDCE clocked by sys_clk_pin  {rise@0.000ns fall@5.000ns period=10.000ns})
  Path Group:             (none)
  Path Type:              Hold (Min at Fast Process Corner)
  Data Path Delay:        0.584ns  (logic 0.229ns (39.301%)  route 0.354ns (60.699%))
  Logic Levels:           1  (IBUF=1)
  Clock Path Skew:        1.991ns (DCD - SCD - CPR)
    Destination Clock Delay (DCD):    1.991ns
    Source Clock Delay      (SCD):    0.000ns
    Clock Pessimism Removal (CPR):    -0.000ns

    Location             Delay type                Incr(ns)  Path(ns)    Netlist Resource(s)
  -------------------------------------------------------------------    -------------------
    V16                                               0.000     0.000 r  ctrl[0] (IN)
                         net (fo=0)                   0.000     0.000    ctrl[0]
    V16                  IBUF (Prop_ibuf_I_O)         0.229     0.229 r  ctrl_IBUF[0]_inst/O
                         net (fo=30, routed)          0.354     0.584    ctrl_IBUF[0]
    SLICE_X0Y11          FDCE                                         r  cnter1_reg_reg[0]/CE
  -------------------------------------------------------------------    -------------------

                         (clock sys_clk_pin rise edge)
                                                      0.000     0.000 r  
    W5                                                0.000     0.000 r  clk (IN)
                         net (fo=0)                   0.000     0.000    clk
    W5                   IBUF (Prop_ibuf_I_O)         0.414     0.414 r  clk_IBUF_inst/O
                         net (fo=1, routed)           0.685     1.099    clk_IBUF
    BUFGCTRL_X0Y0        BUFG (Prop_bufg_I_O)         0.029     1.128 r  clk_IBUF_BUFG_inst/O
                         net (fo=60, routed)          0.864     1.991    clk_IBUF_BUFG
    SLICE_X0Y11          FDCE                                         r  cnter1_reg_reg[0]/C

Slack:                    inf
  Source:                 ctrl[0]
                            (input port)
  Destination:            cnter1_reg_reg[1]/CE
                            (rising edge-triggered cell FDCE clocked by sys_clk_pin  {rise@0.000ns fall@5.000ns period=10.000ns})
  Path Group:             (none)
  Path Type:              Hold (Min at Fast Process Corner)
  Data Path Delay:        0.584ns  (logic 0.229ns (39.301%)  route 0.354ns (60.699%))
  Logic Levels:           1  (IBUF=1)
  Clock Path Skew:        1.991ns (DCD - SCD - CPR)
    Destination Clock Delay (DCD):    1.991ns
    Source Clock Delay      (SCD):    0.000ns
    Clock Pessimism Removal (CPR):    -0.000ns

    Location             Delay type                Incr(ns)  Path(ns)    Netlist Resource(s)
  -------------------------------------------------------------------    -------------------
    V16                                               0.000     0.000 r  ctrl[0] (IN)
                         net (fo=0)                   0.000     0.000    ctrl[0]
    V16                  IBUF (Prop_ibuf_I_O)         0.229     0.229 r  ctrl_IBUF[0]_inst/O
                         net (fo=30, routed)          0.354     0.584    ctrl_IBUF[0]
    SLICE_X0Y11          FDCE                                         r  cnter1_reg_reg[1]/CE
  -------------------------------------------------------------------    -------------------

                         (clock sys_clk_pin rise edge)
                                                      0.000     0.000 r  
    W5                                                0.000     0.000 r  clk (IN)
                         net (fo=0)                   0.000     0.000    clk
    W5                   IBUF (Prop_ibuf_I_O)         0.414     0.414 r  clk_IBUF_inst/O
                         net (fo=1, routed)           0.685     1.099    clk_IBUF
    BUFGCTRL_X0Y0        BUFG (Prop_bufg_I_O)         0.029     1.128 r  clk_IBUF_BUFG_inst/O
                         net (fo=60, routed)          0.864     1.991    clk_IBUF_BUFG
    SLICE_X0Y11          FDCE                                         r  cnter1_reg_reg[1]/C

Slack:                    inf
  Source:                 ctrl[0]
                            (input port)
  Destination:            cnter1_reg_reg[2]/CE
                            (rising edge-triggered cell FDCE clocked by sys_clk_pin  {rise@0.000ns fall@5.000ns period=10.000ns})
  Path Group:             (none)
  Path Type:              Hold (Min at Fast Process Corner)
  Data Path Delay:        0.584ns  (logic 0.229ns (39.301%)  route 0.354ns (60.699%))
  Logic Levels:           1  (IBUF=1)
  Clock Path Skew:        1.991ns (DCD - SCD - CPR)
    Destination Clock Delay (DCD):    1.991ns
    Source Clock Delay      (SCD):    0.000ns
    Clock Pessimism Removal (CPR):    -0.000ns

    Location             Delay type                Incr(ns)  Path(ns)    Netlist Resource(s)
  -------------------------------------------------------------------    -------------------
    V16                                               0.000     0.000 r  ctrl[0] (IN)
                         net (fo=0)                   0.000     0.000    ctrl[0]
    V16                  IBUF (Prop_ibuf_I_O)         0.229     0.229 r  ctrl_IBUF[0]_inst/O
                         net (fo=30, routed)          0.354     0.584    ctrl_IBUF[0]
    SLICE_X0Y11          FDCE                                         r  cnter1_reg_reg[2]/CE
  -------------------------------------------------------------------    -------------------

                         (clock sys_clk_pin rise edge)
                                                      0.000     0.000 r  
    W5                                                0.000     0.000 r  clk (IN)
                         net (fo=0)                   0.000     0.000    clk
    W5                   IBUF (Prop_ibuf_I_O)         0.414     0.414 r  clk_IBUF_inst/O
                         net (fo=1, routed)           0.685     1.099    clk_IBUF
    BUFGCTRL_X0Y0        BUFG (Prop_bufg_I_O)         0.029     1.128 r  clk_IBUF_BUFG_inst/O
                         net (fo=60, routed)          0.864     1.991    clk_IBUF_BUFG
    SLICE_X0Y11          FDCE                                         r  cnter1_reg_reg[2]/C

Slack:                    inf
  Source:                 ctrl[0]
                            (input port)
  Destination:            cnter1_reg_reg[3]/CE
                            (rising edge-triggered cell FDCE clocked by sys_clk_pin  {rise@0.000ns fall@5.000ns period=10.000ns})
  Path Group:             (none)
  Path Type:              Hold (Min at Fast Process Corner)
  Data Path Delay:        0.584ns  (logic 0.229ns (39.301%)  route 0.354ns (60.699%))
  Logic Levels:           1  (IBUF=1)
  Clock Path Skew:        1.991ns (DCD - SCD - CPR)
    Destination Clock Delay (DCD):    1.991ns
    Source Clock Delay      (SCD):    0.000ns
    Clock Pessimism Removal (CPR):    -0.000ns

    Location             Delay type                Incr(ns)  Path(ns)    Netlist Resource(s)
  -------------------------------------------------------------------    -------------------
    V16                                               0.000     0.000 r  ctrl[0] (IN)
                         net (fo=0)                   0.000     0.000    ctrl[0]
    V16                  IBUF (Prop_ibuf_I_O)         0.229     0.229 r  ctrl_IBUF[0]_inst/O
                         net (fo=30, routed)          0.354     0.584    ctrl_IBUF[0]
    SLICE_X0Y11          FDCE                                         r  cnter1_reg_reg[3]/CE
  -------------------------------------------------------------------    -------------------

                         (clock sys_clk_pin rise edge)
                                                      0.000     0.000 r  
    W5                                                0.000     0.000 r  clk (IN)
                         net (fo=0)                   0.000     0.000    clk
    W5                   IBUF (Prop_ibuf_I_O)         0.414     0.414 r  clk_IBUF_inst/O
                         net (fo=1, routed)           0.685     1.099    clk_IBUF
    BUFGCTRL_X0Y0        BUFG (Prop_bufg_I_O)         0.029     1.128 r  clk_IBUF_BUFG_inst/O
                         net (fo=60, routed)          0.864     1.991    clk_IBUF_BUFG
    SLICE_X0Y11          FDCE                                         r  cnter1_reg_reg[3]/C

Slack:                    inf
  Source:                 reset
                            (input port)
  Destination:            cnter1_reg_reg[0]/CLR
                            (removal check against rising-edge clock sys_clk_pin  {rise@0.000ns fall@5.000ns period=10.000ns})
  Path Group:             (none)
  Path Type:              Removal (Min at Fast Process Corner)
  Data Path Delay:        0.585ns  (logic 0.221ns (37.763%)  route 0.364ns (62.237%))
  Logic Levels:           1  (IBUF=1)
  Clock Path Skew:        1.991ns (DCD - SCD - CPR)
    Destination Clock Delay (DCD):    1.991ns
    Source Clock Delay      (SCD):    0.000ns
    Clock Pessimism Removal (CPR):    -0.000ns

    Location             Delay type                Incr(ns)  Path(ns)    Netlist Resource(s)
  -------------------------------------------------------------------    -------------------
    V17                                               0.000     0.000 f  reset (IN)
                         net (fo=0)                   0.000     0.000    reset
    V17                  IBUF (Prop_ibuf_I_O)         0.221     0.221 f  reset_IBUF_inst/O
                         net (fo=60, routed)          0.364     0.585    reset_IBUF
    SLICE_X0Y11          FDCE                                         f  cnter1_reg_reg[0]/CLR
  -------------------------------------------------------------------    -------------------

                         (clock sys_clk_pin rise edge)
                                                      0.000     0.000 r  
    W5                                                0.000     0.000 r  clk (IN)
                         net (fo=0)                   0.000     0.000    clk
    W5                   IBUF (Prop_ibuf_I_O)         0.414     0.414 r  clk_IBUF_inst/O
                         net (fo=1, routed)           0.685     1.099    clk_IBUF
    BUFGCTRL_X0Y0        BUFG (Prop_bufg_I_O)         0.029     1.128 r  clk_IBUF_BUFG_inst/O
                         net (fo=60, routed)          0.864     1.991    clk_IBUF_BUFG
    SLICE_X0Y11          FDCE                                         r  cnter1_reg_reg[0]/C

Slack:                    inf
  Source:                 reset
                            (input port)
  Destination:            cnter1_reg_reg[1]/CLR
                            (removal check against rising-edge clock sys_clk_pin  {rise@0.000ns fall@5.000ns period=10.000ns})
  Path Group:             (none)
  Path Type:              Removal (Min at Fast Process Corner)
  Data Path Delay:        0.585ns  (logic 0.221ns (37.763%)  route 0.364ns (62.237%))
  Logic Levels:           1  (IBUF=1)
  Clock Path Skew:        1.991ns (DCD - SCD - CPR)
    Destination Clock Delay (DCD):    1.991ns
    Source Clock Delay      (SCD):    0.000ns
    Clock Pessimism Removal (CPR):    -0.000ns

    Location             Delay type                Incr(ns)  Path(ns)    Netlist Resource(s)
  -------------------------------------------------------------------    -------------------
    V17                                               0.000     0.000 f  reset (IN)
                         net (fo=0)                   0.000     0.000    reset
    V17                  IBUF (Prop_ibuf_I_O)         0.221     0.221 f  reset_IBUF_inst/O
                         net (fo=60, routed)          0.364     0.585    reset_IBUF
    SLICE_X0Y11          FDCE                                         f  cnter1_reg_reg[1]/CLR
  -------------------------------------------------------------------    -------------------

                         (clock sys_clk_pin rise edge)
                                                      0.000     0.000 r  
    W5                                                0.000     0.000 r  clk (IN)
                         net (fo=0)                   0.000     0.000    clk
    W5                   IBUF (Prop_ibuf_I_O)         0.414     0.414 r  clk_IBUF_inst/O
                         net (fo=1, routed)           0.685     1.099    clk_IBUF
    BUFGCTRL_X0Y0        BUFG (Prop_bufg_I_O)         0.029     1.128 r  clk_IBUF_BUFG_inst/O
                         net (fo=60, routed)          0.864     1.991    clk_IBUF_BUFG
    SLICE_X0Y11          FDCE                                         r  cnter1_reg_reg[1]/C

Slack:                    inf
  Source:                 reset
                            (input port)
  Destination:            cnter1_reg_reg[2]/CLR
                            (removal check against rising-edge clock sys_clk_pin  {rise@0.000ns fall@5.000ns period=10.000ns})
  Path Group:             (none)
  Path Type:              Removal (Min at Fast Process Corner)
  Data Path Delay:        0.585ns  (logic 0.221ns (37.763%)  route 0.364ns (62.237%))
  Logic Levels:           1  (IBUF=1)
  Clock Path Skew:        1.991ns (DCD - SCD - CPR)
    Destination Clock Delay (DCD):    1.991ns
    Source Clock Delay      (SCD):    0.000ns
    Clock Pessimism Removal (CPR):    -0.000ns

    Location             Delay type                Incr(ns)  Path(ns)    Netlist Resource(s)
  -------------------------------------------------------------------    -------------------
    V17                                               0.000     0.000 f  reset (IN)
                         net (fo=0)                   0.000     0.000    reset
    V17                  IBUF (Prop_ibuf_I_O)         0.221     0.221 f  reset_IBUF_inst/O
                         net (fo=60, routed)          0.364     0.585    reset_IBUF
    SLICE_X0Y11          FDCE                                         f  cnter1_reg_reg[2]/CLR
  -------------------------------------------------------------------    -------------------

                         (clock sys_clk_pin rise edge)
                                                      0.000     0.000 r  
    W5                                                0.000     0.000 r  clk (IN)
                         net (fo=0)                   0.000     0.000    clk
    W5                   IBUF (Prop_ibuf_I_O)         0.414     0.414 r  clk_IBUF_inst/O
                         net (fo=1, routed)           0.685     1.099    clk_IBUF
    BUFGCTRL_X0Y0        BUFG (Prop_bufg_I_O)         0.029     1.128 r  clk_IBUF_BUFG_inst/O
                         net (fo=60, routed)          0.864     1.991    clk_IBUF_BUFG
    SLICE_X0Y11          FDCE                                         r  cnter1_reg_reg[2]/C

Slack:                    inf
  Source:                 reset
                            (input port)
  Destination:            cnter1_reg_reg[3]/CLR
                            (removal check against rising-edge clock sys_clk_pin  {rise@0.000ns fall@5.000ns period=10.000ns})
  Path Group:             (none)
  Path Type:              Removal (Min at Fast Process Corner)
  Data Path Delay:        0.585ns  (logic 0.221ns (37.763%)  route 0.364ns (62.237%))
  Logic Levels:           1  (IBUF=1)
  Clock Path Skew:        1.991ns (DCD - SCD - CPR)
    Destination Clock Delay (DCD):    1.991ns
    Source Clock Delay      (SCD):    0.000ns
    Clock Pessimism Removal (CPR):    -0.000ns

    Location             Delay type                Incr(ns)  Path(ns)    Netlist Resource(s)
  -------------------------------------------------------------------    -------------------
    V17                                               0.000     0.000 f  reset (IN)
                         net (fo=0)                   0.000     0.000    reset
    V17                  IBUF (Prop_ibuf_I_O)         0.221     0.221 f  reset_IBUF_inst/O
                         net (fo=60, routed)          0.364     0.585    reset_IBUF
    SLICE_X0Y11          FDCE                                         f  cnter1_reg_reg[3]/CLR
  -------------------------------------------------------------------    -------------------

                         (clock sys_clk_pin rise edge)
                                                      0.000     0.000 r  
    W5                                                0.000     0.000 r  clk (IN)
                         net (fo=0)                   0.000     0.000    clk
    W5                   IBUF (Prop_ibuf_I_O)         0.414     0.414 r  clk_IBUF_inst/O
                         net (fo=1, routed)           0.685     1.099    clk_IBUF
    BUFGCTRL_X0Y0        BUFG (Prop_bufg_I_O)         0.029     1.128 r  clk_IBUF_BUFG_inst/O
                         net (fo=60, routed)          0.864     1.991    clk_IBUF_BUFG
    SLICE_X0Y11          FDCE                                         r  cnter1_reg_reg[3]/C

Slack:                    inf
  Source:                 reset
                            (input port)
  Destination:            cnter1_reg_reg[4]/CLR
                            (removal check against rising-edge clock sys_clk_pin  {rise@0.000ns fall@5.000ns period=10.000ns})
  Path Group:             (none)
  Path Type:              Removal (Min at Fast Process Corner)
  Data Path Delay:        0.648ns  (logic 0.221ns (34.077%)  route 0.427ns (65.923%))
  Logic Levels:           1  (IBUF=1)
  Clock Path Skew:        1.989ns (DCD - SCD - CPR)
    Destination Clock Delay (DCD):    1.989ns
    Source Clock Delay      (SCD):    0.000ns
    Clock Pessimism Removal (CPR):    -0.000ns

    Location             Delay type                Incr(ns)  Path(ns)    Netlist Resource(s)
  -------------------------------------------------------------------    -------------------
    V17                                               0.000     0.000 f  reset (IN)
                         net (fo=0)                   0.000     0.000    reset
    V17                  IBUF (Prop_ibuf_I_O)         0.221     0.221 f  reset_IBUF_inst/O
                         net (fo=60, routed)          0.427     0.648    reset_IBUF
    SLICE_X0Y12          FDCE                                         f  cnter1_reg_reg[4]/CLR
  -------------------------------------------------------------------    -------------------

                         (clock sys_clk_pin rise edge)
                                                      0.000     0.000 r  
    W5                                                0.000     0.000 r  clk (IN)
                         net (fo=0)                   0.000     0.000    clk
    W5                   IBUF (Prop_ibuf_I_O)         0.414     0.414 r  clk_IBUF_inst/O
                         net (fo=1, routed)           0.685     1.099    clk_IBUF
    BUFGCTRL_X0Y0        BUFG (Prop_bufg_I_O)         0.029     1.128 r  clk_IBUF_BUFG_inst/O
                         net (fo=60, routed)          0.862     1.989    clk_IBUF_BUFG
    SLICE_X0Y12          FDCE                                         r  cnter1_reg_reg[4]/C

Slack:                    inf
  Source:                 reset
                            (input port)
  Destination:            cnter1_reg_reg[5]/CLR
                            (removal check against rising-edge clock sys_clk_pin  {rise@0.000ns fall@5.000ns period=10.000ns})
  Path Group:             (none)
  Path Type:              Removal (Min at Fast Process Corner)
  Data Path Delay:        0.648ns  (logic 0.221ns (34.077%)  route 0.427ns (65.923%))
  Logic Levels:           1  (IBUF=1)
  Clock Path Skew:        1.989ns (DCD - SCD - CPR)
    Destination Clock Delay (DCD):    1.989ns
    Source Clock Delay      (SCD):    0.000ns
    Clock Pessimism Removal (CPR):    -0.000ns

    Location             Delay type                Incr(ns)  Path(ns)    Netlist Resource(s)
  -------------------------------------------------------------------    -------------------
    V17                                               0.000     0.000 f  reset (IN)
                         net (fo=0)                   0.000     0.000    reset
    V17                  IBUF (Prop_ibuf_I_O)         0.221     0.221 f  reset_IBUF_inst/O
                         net (fo=60, routed)          0.427     0.648    reset_IBUF
    SLICE_X0Y12          FDCE                                         f  cnter1_reg_reg[5]/CLR
  -------------------------------------------------------------------    -------------------

                         (clock sys_clk_pin rise edge)
                                                      0.000     0.000 r  
    W5                                                0.000     0.000 r  clk (IN)
                         net (fo=0)                   0.000     0.000    clk
    W5                   IBUF (Prop_ibuf_I_O)         0.414     0.414 r  clk_IBUF_inst/O
                         net (fo=1, routed)           0.685     1.099    clk_IBUF
    BUFGCTRL_X0Y0        BUFG (Prop_bufg_I_O)         0.029     1.128 r  clk_IBUF_BUFG_inst/O
                         net (fo=60, routed)          0.862     1.989    clk_IBUF_BUFG
    SLICE_X0Y12          FDCE                                         r  cnter1_reg_reg[5]/C





