Copyright 1986-2022 Xilinx, Inc. All Rights Reserved. Copyright 2022-2024 Advanced Micro Devices, Inc. All Rights Reserved.
---------------------------------------------------------------------------------------------------------------------------------------------------------------------------------------------------------------------------------------
| Tool Version : Vivado v.2024.2 (win64) Build 5239630 Fri Nov 08 22:35:27 MST 2024
| Date         : Thu Apr 24 18:16:38 2025
| Host         : DarthViktor running 64-bit major release  (build 9200)
| Command      : report_timing_summary -max_paths 10 -report_unconstrained -file space_invaders_timing_summary_routed.rpt -pb space_invaders_timing_summary_routed.pb -rpx space_invaders_timing_summary_routed.rpx -warn_on_violation
| Design       : space_invaders
| Device       : 7a100t-csg324
| Speed File   : -1  PRODUCTION 1.23 2018-06-13
| Design State : Routed
---------------------------------------------------------------------------------------------------------------------------------------------------------------------------------------------------------------------------------------

Timing Summary Report

------------------------------------------------------------------------------------------------
| Timer Settings
| --------------
------------------------------------------------------------------------------------------------

  Enable Multi Corner Analysis               :  Yes
  Enable Pessimism Removal                   :  Yes
  Pessimism Removal Resolution               :  Nearest Common Node
  Enable Input Delay Default Clock           :  No
  Enable Preset / Clear Arcs                 :  No
  Disable Flight Delays                      :  No
  Ignore I/O Paths                           :  No
  Timing Early Launch at Borrowing Latches   :  No
  Borrow Time for Max Delay Exceptions       :  Yes
  Merge Timing Exceptions                    :  Yes
  Inter-SLR Compensation                     :  Conservative

  Corner  Analyze    Analyze    
  Name    Max Paths  Min Paths  
  ------  ---------  ---------  
  Slow    Yes        Yes        
  Fast    Yes        Yes        


------------------------------------------------------------------------------------------------
| Report Methodology
| ------------------
------------------------------------------------------------------------------------------------

Rule       Severity          Description                     Violations  
---------  ----------------  ------------------------------  ----------  
TIMING-17  Critical Warning  Non-clocked sequential cell     233         
SYNTH-10   Warning           Wide multiplier                 54          
TIMING-16  Warning           Large setup violation           2           
TIMING-18  Warning           Missing input or output delay   17          
TIMING-20  Warning           Non-clocked latch               23          
LATCH-1    Advisory          Existing latches in the design  1           

Note: This report is based on the most recent report_methodology run and may not be up-to-date. Run report_methodology on the current design for the latest report.



check_timing report

Table of Contents
-----------------
1. checking no_clock (256)
2. checking constant_clock (0)
3. checking pulse_width_clock (0)
4. checking unconstrained_internal_endpoints (601)
5. checking no_input_delay (5)
6. checking no_output_delay (16)
7. checking multiple_clock (0)
8. checking generated_clocks (0)
9. checking loops (0)
10. checking partial_input_delay (0)
11. checking partial_output_delay (0)
12. checking latch_loops (0)

1. checking no_clock (256)
--------------------------
 There is 1 register/latch pin with no clock driven by root clock pin: add_sl/alien_on_screen_reg[0]/Q (HIGH)

 There is 1 register/latch pin with no clock driven by root clock pin: add_sl/alien_on_screen_reg[10]/Q (HIGH)

 There is 1 register/latch pin with no clock driven by root clock pin: add_sl/alien_on_screen_reg[11]/Q (HIGH)

 There is 1 register/latch pin with no clock driven by root clock pin: add_sl/alien_on_screen_reg[12]/Q (HIGH)

 There is 1 register/latch pin with no clock driven by root clock pin: add_sl/alien_on_screen_reg[13]/Q (HIGH)

 There is 1 register/latch pin with no clock driven by root clock pin: add_sl/alien_on_screen_reg[14]/Q (HIGH)

 There is 1 register/latch pin with no clock driven by root clock pin: add_sl/alien_on_screen_reg[15]/Q (HIGH)

 There is 1 register/latch pin with no clock driven by root clock pin: add_sl/alien_on_screen_reg[16]/Q (HIGH)

 There is 1 register/latch pin with no clock driven by root clock pin: add_sl/alien_on_screen_reg[17]/Q (HIGH)

 There is 1 register/latch pin with no clock driven by root clock pin: add_sl/alien_on_screen_reg[18]/Q (HIGH)

 There is 1 register/latch pin with no clock driven by root clock pin: add_sl/alien_on_screen_reg[19]/Q (HIGH)

 There is 1 register/latch pin with no clock driven by root clock pin: add_sl/alien_on_screen_reg[1]/Q (HIGH)

 There is 1 register/latch pin with no clock driven by root clock pin: add_sl/alien_on_screen_reg[20]/Q (HIGH)

 There is 1 register/latch pin with no clock driven by root clock pin: add_sl/alien_on_screen_reg[21]/Q (HIGH)

 There is 1 register/latch pin with no clock driven by root clock pin: add_sl/alien_on_screen_reg[22]/Q (HIGH)

 There is 1 register/latch pin with no clock driven by root clock pin: add_sl/alien_on_screen_reg[2]/Q (HIGH)

 There is 1 register/latch pin with no clock driven by root clock pin: add_sl/alien_on_screen_reg[3]/Q (HIGH)

 There is 1 register/latch pin with no clock driven by root clock pin: add_sl/alien_on_screen_reg[4]/Q (HIGH)

 There is 1 register/latch pin with no clock driven by root clock pin: add_sl/alien_on_screen_reg[5]/Q (HIGH)

 There is 1 register/latch pin with no clock driven by root clock pin: add_sl/alien_on_screen_reg[6]/Q (HIGH)

 There is 1 register/latch pin with no clock driven by root clock pin: add_sl/alien_on_screen_reg[7]/Q (HIGH)

 There is 1 register/latch pin with no clock driven by root clock pin: add_sl/alien_on_screen_reg[8]/Q (HIGH)

 There is 1 register/latch pin with no clock driven by root clock pin: add_sl/alien_on_screen_reg[9]/Q (HIGH)

 There are 233 register/latch pins with no clock driven by root clock pin: vga_driver/vsync_reg/Q (HIGH)


2. checking constant_clock (0)
------------------------------
 There are 0 register/latch pins with constant_clock.


3. checking pulse_width_clock (0)
---------------------------------
 There are 0 register/latch pins which need pulse_width check


4. checking unconstrained_internal_endpoints (601)
--------------------------------------------------
 There are 601 pins that are not constrained for maximum delay. (HIGH)

 There are 0 pins that are not constrained for maximum delay due to constant clock.


5. checking no_input_delay (5)
------------------------------
 There are 5 input ports with no input delay specified. (HIGH)

 There are 0 input ports with no input delay but user has a false path constraint.


6. checking no_output_delay (16)
--------------------------------
 There are 16 ports with no output delay specified. (HIGH)

 There are 0 ports with no output delay but user has a false path constraint

 There are 0 ports with no output delay but with a timing clock defined on it or propagating through it


7. checking multiple_clock (0)
------------------------------
 There are 0 register/latch pins with multiple clocks.


8. checking generated_clocks (0)
--------------------------------
 There are 0 generated clocks that are not connected to a clock source.


9. checking loops (0)
---------------------
 There are 0 combinational loops in the design.


10. checking partial_input_delay (0)
------------------------------------
 There are 0 input ports with partial input delay specified.


11. checking partial_output_delay (0)
-------------------------------------
 There are 0 ports with partial output delay specified.


12. checking latch_loops (0)
----------------------------
 There are 0 combinational latch loops in the design through latch input



------------------------------------------------------------------------------------------------
| Design Timing Summary
| ---------------------
------------------------------------------------------------------------------------------------

    WNS(ns)      TNS(ns)  TNS Failing Endpoints  TNS Total Endpoints      WHS(ns)      THS(ns)  THS Failing Endpoints  THS Total Endpoints     WPWS(ns)     TPWS(ns)  TPWS Failing Endpoints  TPWS Total Endpoints  
    -------      -------  ---------------------  -------------------      -------      -------  ---------------------  -------------------     --------     --------  ----------------------  --------------------  
     -6.047      -12.087                      2                  157        0.122        0.000                      0                  157        3.000        0.000                       0                   116  


Timing constraints are not met.


------------------------------------------------------------------------------------------------
| Clock Summary
| -------------
------------------------------------------------------------------------------------------------

Clock                 Waveform(ns)       Period(ns)      Frequency(MHz)
-----                 ------------       ----------      --------------
sys_clk_pin           {0.000 5.000}      10.000          100.000         
  clk_out1_clk_wiz_0  {0.000 12.469}     24.938          40.099          
  clkfbout_clk_wiz_0  {0.000 5.000}      10.000          100.000         


------------------------------------------------------------------------------------------------
| Intra Clock Table
| -----------------
------------------------------------------------------------------------------------------------

Clock                     WNS(ns)      TNS(ns)  TNS Failing Endpoints  TNS Total Endpoints      WHS(ns)      THS(ns)  THS Failing Endpoints  THS Total Endpoints     WPWS(ns)     TPWS(ns)  TPWS Failing Endpoints  TPWS Total Endpoints  
-----                     -------      -------  ---------------------  -------------------      -------      -------  ---------------------  -------------------     --------     --------  ----------------------  --------------------  
sys_clk_pin                 4.148        0.000                      0                   53        0.281        0.000                      0                   53        3.000        0.000                       0                    39  
  clk_out1_clk_wiz_0        9.916        0.000                      0                  104        0.122        0.000                      0                  104       11.969        0.000                       0                    74  
  clkfbout_clk_wiz_0                                                                                                                                                    7.845        0.000                       0                     3  


------------------------------------------------------------------------------------------------
| Inter Clock Table
| -----------------
------------------------------------------------------------------------------------------------

From Clock          To Clock                WNS(ns)      TNS(ns)  TNS Failing Endpoints  TNS Total Endpoints      WHS(ns)      THS(ns)  THS Failing Endpoints  THS Total Endpoints  
----------          --------                -------      -------  ---------------------  -------------------      -------      -------  ---------------------  -------------------  
sys_clk_pin         clk_out1_clk_wiz_0       -6.047      -12.087                      2                    2        0.482        0.000                      0                    2  


------------------------------------------------------------------------------------------------
| Other Path Groups Table
| -----------------------
------------------------------------------------------------------------------------------------

Path Group    From Clock    To Clock          WNS(ns)      TNS(ns)  TNS Failing Endpoints  TNS Total Endpoints      WHS(ns)      THS(ns)  THS Failing Endpoints  THS Total Endpoints  
----------    ----------    --------          -------      -------  ---------------------  -------------------      -------      -------  ---------------------  -------------------  


------------------------------------------------------------------------------------------------
| User Ignored Path Table
| -----------------------
------------------------------------------------------------------------------------------------

Path Group    From Clock    To Clock    
----------    ----------    --------    


------------------------------------------------------------------------------------------------
| Unconstrained Path Table
| ------------------------
------------------------------------------------------------------------------------------------

Path Group          From Clock          To Clock          
----------          ----------          --------          
(none)                                                      
(none)              clk_out1_clk_wiz_0                      
(none)              clkfbout_clk_wiz_0                      
(none)              sys_clk_pin                             
(none)                                  clk_out1_clk_wiz_0  
(none)                                  sys_clk_pin         


------------------------------------------------------------------------------------------------
| Timing Details
| --------------
------------------------------------------------------------------------------------------------


---------------------------------------------------------------------------------------------------
From Clock:  sys_clk_pin
  To Clock:  sys_clk_pin

Setup :            0  Failing Endpoints,  Worst Slack        4.148ns,  Total Violation        0.000ns
Hold  :            0  Failing Endpoints,  Worst Slack        0.281ns,  Total Violation        0.000ns
PW    :            0  Failing Endpoints,  Worst Slack        3.000ns,  Total Violation        0.000ns
---------------------------------------------------------------------------------------------------


Max Delay Paths
--------------------------------------------------------------------------------------
Slack (MET) :             4.148ns  (required time - arrival time)
  Source:                 count_reg[12]/C
                            (rising edge-triggered cell FDRE clocked by sys_clk_pin  {rise@0.000ns fall@5.000ns period=10.000ns})
  Destination:            shippos_reg[9]/D
                            (rising edge-triggered cell FDRE clocked by sys_clk_pin  {rise@0.000ns fall@5.000ns period=10.000ns})
  Path Group:             sys_clk_pin
  Path Type:              Setup (Max at Slow Process Corner)
  Requirement:            10.000ns  (sys_clk_pin rise@10.000ns - sys_clk_pin rise@0.000ns)
  Data Path Delay:        5.518ns  (logic 1.925ns (34.885%)  route 3.593ns (65.115%))
  Logic Levels:           8  (CARRY4=3 LUT2=1 LUT4=1 LUT5=1 LUT6=2)
  Clock Path Skew:        -0.051ns (DCD - SCD + CPR)
    Destination Clock Delay (DCD):    4.932ns = ( 14.932 - 10.000 ) 
    Source Clock Delay      (SCD):    5.242ns
    Clock Pessimism Removal (CPR):    0.259ns
  Clock Uncertainty:      0.035ns  ((TSJ^2 + TIJ^2)^1/2 + DJ) / 2 + PE
    Total System Jitter     (TSJ):    0.071ns
    Total Input Jitter      (TIJ):    0.000ns
    Discrete Jitter          (DJ):    0.000ns
    Phase Error              (PE):    0.000ns

    Location             Delay type                Incr(ns)  Path(ns)    Netlist Resource(s)
  -------------------------------------------------------------------    -------------------
                         (clock sys_clk_pin rise edge)
                                                      0.000     0.000 r  
    E3                                                0.000     0.000 r  clk_in (IN)
                         net (fo=0)                   0.000     0.000    clk_in
    E3                   IBUF (Prop_ibuf_I_O)         1.482     1.482 r  clk_in_IBUF_inst/O
                         net (fo=1, routed)           2.025     3.506    clk_in_IBUF
    BUFGCTRL_X0Y16       BUFG (Prop_bufg_I_O)         0.096     3.602 r  clk_in_IBUF_BUFG_inst/O
                         net (fo=38, routed)          1.639     5.242    clk_in_IBUF_BUFG
    SLICE_X40Y54         FDRE                                         r  count_reg[12]/C
  -------------------------------------------------------------------    -------------------
    SLICE_X40Y54         FDRE (Prop_fdre_C_Q)         0.456     5.698 f  count_reg[12]/Q
                         net (fo=2, routed)           0.826     6.524    count_reg[12]
    SLICE_X41Y52         LUT4 (Prop_lut4_I0_O)        0.124     6.648 f  shippos[10]_i_14/O
                         net (fo=1, routed)           0.154     6.802    shippos[10]_i_14_n_0
    SLICE_X41Y52         LUT5 (Prop_lut5_I4_O)        0.124     6.926 f  shippos[10]_i_13/O
                         net (fo=1, routed)           0.441     7.368    shippos[10]_i_13_n_0
    SLICE_X39Y53         LUT6 (Prop_lut6_I5_O)        0.124     7.492 r  shippos[10]_i_6/O
                         net (fo=2, routed)           0.785     8.277    shippos[10]_i_6_n_0
    SLICE_X44Y60         LUT6 (Prop_lut6_I0_O)        0.124     8.401 r  shippos[10]_i_3/O
                         net (fo=4, routed)           0.825     9.226    shippos1
    SLICE_X51Y59         LUT2 (Prop_lut2_I0_O)        0.124     9.350 r  shippos[3]_i_2/O
                         net (fo=1, routed)           0.000     9.350    shippos[3]_i_2_n_0
    SLICE_X51Y59         CARRY4 (Prop_carry4_S[3]_CO[3])
                                                      0.401     9.751 r  shippos_reg[3]_i_1/CO[3]
                         net (fo=1, routed)           0.000     9.751    shippos_reg[3]_i_1_n_0
    SLICE_X51Y60         CARRY4 (Prop_carry4_CI_CO[3])
                                                      0.114     9.865 r  shippos_reg[7]_i_1/CO[3]
                         net (fo=1, routed)           0.000     9.865    shippos_reg[7]_i_1_n_0
    SLICE_X51Y61         CARRY4 (Prop_carry4_CI_O[1])
                                                      0.334    10.199 r  shippos_reg[10]_i_2/O[1]
                         net (fo=1, routed)           0.561    10.760    shippos_reg[10]_i_2_n_6
    SLICE_X47Y62         FDRE                                         r  shippos_reg[9]/D
  -------------------------------------------------------------------    -------------------

                         (clock sys_clk_pin rise edge)
                                                     10.000    10.000 r  
    E3                                                0.000    10.000 r  clk_in (IN)
                         net (fo=0)                   0.000    10.000    clk_in
    E3                   IBUF (Prop_ibuf_I_O)         1.411    11.411 r  clk_in_IBUF_inst/O
                         net (fo=1, routed)           1.920    13.331    clk_in_IBUF
    BUFGCTRL_X0Y16       BUFG (Prop_bufg_I_O)         0.091    13.422 r  clk_in_IBUF_BUFG_inst/O
                         net (fo=38, routed)          1.509    14.932    clk_in_IBUF_BUFG
    SLICE_X47Y62         FDRE                                         r  shippos_reg[9]/C
                         clock pessimism              0.259    15.191    
                         clock uncertainty           -0.035    15.155    
    SLICE_X47Y62         FDRE (Setup_fdre_C_D)       -0.248    14.907    shippos_reg[9]
  -------------------------------------------------------------------
                         required time                         14.907    
                         arrival time                         -10.760    
  -------------------------------------------------------------------
                         slack                                  4.148    

Slack (MET) :             4.204ns  (required time - arrival time)
  Source:                 count_reg[12]/C
                            (rising edge-triggered cell FDRE clocked by sys_clk_pin  {rise@0.000ns fall@5.000ns period=10.000ns})
  Destination:            shippos_reg[5]/D
                            (rising edge-triggered cell FDRE clocked by sys_clk_pin  {rise@0.000ns fall@5.000ns period=10.000ns})
  Path Group:             sys_clk_pin
  Path Type:              Setup (Max at Slow Process Corner)
  Requirement:            10.000ns  (sys_clk_pin rise@10.000ns - sys_clk_pin rise@0.000ns)
  Data Path Delay:        5.431ns  (logic 1.811ns (33.343%)  route 3.620ns (66.657%))
  Logic Levels:           7  (CARRY4=2 LUT2=1 LUT4=1 LUT5=1 LUT6=2)
  Clock Path Skew:        -0.049ns (DCD - SCD + CPR)
    Destination Clock Delay (DCD):    4.934ns = ( 14.934 - 10.000 ) 
    Source Clock Delay      (SCD):    5.242ns
    Clock Pessimism Removal (CPR):    0.259ns
  Clock Uncertainty:      0.035ns  ((TSJ^2 + TIJ^2)^1/2 + DJ) / 2 + PE
    Total System Jitter     (TSJ):    0.071ns
    Total Input Jitter      (TIJ):    0.000ns
    Discrete Jitter          (DJ):    0.000ns
    Phase Error              (PE):    0.000ns

    Location             Delay type                Incr(ns)  Path(ns)    Netlist Resource(s)
  -------------------------------------------------------------------    -------------------
                         (clock sys_clk_pin rise edge)
                                                      0.000     0.000 r  
    E3                                                0.000     0.000 r  clk_in (IN)
                         net (fo=0)                   0.000     0.000    clk_in
    E3                   IBUF (Prop_ibuf_I_O)         1.482     1.482 r  clk_in_IBUF_inst/O
                         net (fo=1, routed)           2.025     3.506    clk_in_IBUF
    BUFGCTRL_X0Y16       BUFG (Prop_bufg_I_O)         0.096     3.602 r  clk_in_IBUF_BUFG_inst/O
                         net (fo=38, routed)          1.639     5.242    clk_in_IBUF_BUFG
    SLICE_X40Y54         FDRE                                         r  count_reg[12]/C
  -------------------------------------------------------------------    -------------------
    SLICE_X40Y54         FDRE (Prop_fdre_C_Q)         0.456     5.698 f  count_reg[12]/Q
                         net (fo=2, routed)           0.826     6.524    count_reg[12]
    SLICE_X41Y52         LUT4 (Prop_lut4_I0_O)        0.124     6.648 f  shippos[10]_i_14/O
                         net (fo=1, routed)           0.154     6.802    shippos[10]_i_14_n_0
    SLICE_X41Y52         LUT5 (Prop_lut5_I4_O)        0.124     6.926 f  shippos[10]_i_13/O
                         net (fo=1, routed)           0.441     7.368    shippos[10]_i_13_n_0
    SLICE_X39Y53         LUT6 (Prop_lut6_I5_O)        0.124     7.492 r  shippos[10]_i_6/O
                         net (fo=2, routed)           0.785     8.277    shippos[10]_i_6_n_0
    SLICE_X44Y60         LUT6 (Prop_lut6_I0_O)        0.124     8.401 r  shippos[10]_i_3/O
                         net (fo=4, routed)           0.825     9.226    shippos1
    SLICE_X51Y59         LUT2 (Prop_lut2_I0_O)        0.124     9.350 r  shippos[3]_i_2/O
                         net (fo=1, routed)           0.000     9.350    shippos[3]_i_2_n_0
    SLICE_X51Y59         CARRY4 (Prop_carry4_S[3]_CO[3])
                                                      0.401     9.751 r  shippos_reg[3]_i_1/CO[3]
                         net (fo=1, routed)           0.000     9.751    shippos_reg[3]_i_1_n_0
    SLICE_X51Y60         CARRY4 (Prop_carry4_CI_O[1])
                                                      0.334    10.085 r  shippos_reg[7]_i_1/O[1]
                         net (fo=1, routed)           0.589    10.673    shippos_reg[7]_i_1_n_6
    SLICE_X48Y60         FDRE                                         r  shippos_reg[5]/D
  -------------------------------------------------------------------    -------------------

                         (clock sys_clk_pin rise edge)
                                                     10.000    10.000 r  
    E3                                                0.000    10.000 r  clk_in (IN)
                         net (fo=0)                   0.000    10.000    clk_in
    E3                   IBUF (Prop_ibuf_I_O)         1.411    11.411 r  clk_in_IBUF_inst/O
                         net (fo=1, routed)           1.920    13.331    clk_in_IBUF
    BUFGCTRL_X0Y16       BUFG (Prop_bufg_I_O)         0.091    13.422 r  clk_in_IBUF_BUFG_inst/O
                         net (fo=38, routed)          1.511    14.934    clk_in_IBUF_BUFG
    SLICE_X48Y60         FDRE                                         r  shippos_reg[5]/C
                         clock pessimism              0.259    15.193    
                         clock uncertainty           -0.035    15.157    
    SLICE_X48Y60         FDRE (Setup_fdre_C_D)       -0.280    14.877    shippos_reg[5]
  -------------------------------------------------------------------
                         required time                         14.877    
                         arrival time                         -10.673    
  -------------------------------------------------------------------
                         slack                                  4.204    

Slack (MET) :             4.269ns  (required time - arrival time)
  Source:                 count_reg[12]/C
                            (rising edge-triggered cell FDRE clocked by sys_clk_pin  {rise@0.000ns fall@5.000ns period=10.000ns})
  Destination:            shippos_reg[6]/D
                            (rising edge-triggered cell FDRE clocked by sys_clk_pin  {rise@0.000ns fall@5.000ns period=10.000ns})
  Path Group:             sys_clk_pin
  Path Type:              Setup (Max at Slow Process Corner)
  Requirement:            10.000ns  (sys_clk_pin rise@10.000ns - sys_clk_pin rise@0.000ns)
  Data Path Delay:        5.408ns  (logic 1.716ns (31.729%)  route 3.692ns (68.271%))
  Logic Levels:           7  (CARRY4=2 LUT2=1 LUT4=1 LUT5=1 LUT6=2)
  Clock Path Skew:        -0.048ns (DCD - SCD + CPR)
    Destination Clock Delay (DCD):    4.935ns = ( 14.935 - 10.000 ) 
    Source Clock Delay      (SCD):    5.242ns
    Clock Pessimism Removal (CPR):    0.259ns
  Clock Uncertainty:      0.035ns  ((TSJ^2 + TIJ^2)^1/2 + DJ) / 2 + PE
    Total System Jitter     (TSJ):    0.071ns
    Total Input Jitter      (TIJ):    0.000ns
    Discrete Jitter          (DJ):    0.000ns
    Phase Error              (PE):    0.000ns

    Location             Delay type                Incr(ns)  Path(ns)    Netlist Resource(s)
  -------------------------------------------------------------------    -------------------
                         (clock sys_clk_pin rise edge)
                                                      0.000     0.000 r  
    E3                                                0.000     0.000 r  clk_in (IN)
                         net (fo=0)                   0.000     0.000    clk_in
    E3                   IBUF (Prop_ibuf_I_O)         1.482     1.482 r  clk_in_IBUF_inst/O
                         net (fo=1, routed)           2.025     3.506    clk_in_IBUF
    BUFGCTRL_X0Y16       BUFG (Prop_bufg_I_O)         0.096     3.602 r  clk_in_IBUF_BUFG_inst/O
                         net (fo=38, routed)          1.639     5.242    clk_in_IBUF_BUFG
    SLICE_X40Y54         FDRE                                         r  count_reg[12]/C
  -------------------------------------------------------------------    -------------------
    SLICE_X40Y54         FDRE (Prop_fdre_C_Q)         0.456     5.698 f  count_reg[12]/Q
                         net (fo=2, routed)           0.826     6.524    count_reg[12]
    SLICE_X41Y52         LUT4 (Prop_lut4_I0_O)        0.124     6.648 f  shippos[10]_i_14/O
                         net (fo=1, routed)           0.154     6.802    shippos[10]_i_14_n_0
    SLICE_X41Y52         LUT5 (Prop_lut5_I4_O)        0.124     6.926 f  shippos[10]_i_13/O
                         net (fo=1, routed)           0.441     7.368    shippos[10]_i_13_n_0
    SLICE_X39Y53         LUT6 (Prop_lut6_I5_O)        0.124     7.492 r  shippos[10]_i_6/O
                         net (fo=2, routed)           0.785     8.277    shippos[10]_i_6_n_0
    SLICE_X44Y60         LUT6 (Prop_lut6_I0_O)        0.124     8.401 r  shippos[10]_i_3/O
                         net (fo=4, routed)           0.825     9.226    shippos1
    SLICE_X51Y59         LUT2 (Prop_lut2_I0_O)        0.124     9.350 r  shippos[3]_i_2/O
                         net (fo=1, routed)           0.000     9.350    shippos[3]_i_2_n_0
    SLICE_X51Y59         CARRY4 (Prop_carry4_S[3]_CO[3])
                                                      0.401     9.751 r  shippos_reg[3]_i_1/CO[3]
                         net (fo=1, routed)           0.000     9.751    shippos_reg[3]_i_1_n_0
    SLICE_X51Y60         CARRY4 (Prop_carry4_CI_O[2])
                                                      0.239     9.990 r  shippos_reg[7]_i_1/O[2]
                         net (fo=1, routed)           0.660    10.650    shippos_reg[7]_i_1_n_5
    SLICE_X44Y61         FDRE                                         r  shippos_reg[6]/D
  -------------------------------------------------------------------    -------------------

                         (clock sys_clk_pin rise edge)
                                                     10.000    10.000 r  
    E3                                                0.000    10.000 r  clk_in (IN)
                         net (fo=0)                   0.000    10.000    clk_in
    E3                   IBUF (Prop_ibuf_I_O)         1.411    11.411 r  clk_in_IBUF_inst/O
                         net (fo=1, routed)           1.920    13.331    clk_in_IBUF
    BUFGCTRL_X0Y16       BUFG (Prop_bufg_I_O)         0.091    13.422 r  clk_in_IBUF_BUFG_inst/O
                         net (fo=38, routed)          1.512    14.935    clk_in_IBUF_BUFG
    SLICE_X44Y61         FDRE                                         r  shippos_reg[6]/C
                         clock pessimism              0.259    15.194    
                         clock uncertainty           -0.035    15.158    
    SLICE_X44Y61         FDRE (Setup_fdre_C_D)       -0.239    14.919    shippos_reg[6]
  -------------------------------------------------------------------
                         required time                         14.919    
                         arrival time                         -10.650    
  -------------------------------------------------------------------
                         slack                                  4.269    

Slack (MET) :             4.324ns  (required time - arrival time)
  Source:                 count_reg[12]/C
                            (rising edge-triggered cell FDRE clocked by sys_clk_pin  {rise@0.000ns fall@5.000ns period=10.000ns})
  Destination:            shippos_reg[8]/D
                            (rising edge-triggered cell FDRE clocked by sys_clk_pin  {rise@0.000ns fall@5.000ns period=10.000ns})
  Path Group:             sys_clk_pin
  Path Type:              Setup (Max at Slow Process Corner)
  Requirement:            10.000ns  (sys_clk_pin rise@10.000ns - sys_clk_pin rise@0.000ns)
  Data Path Delay:        5.334ns  (logic 1.813ns (33.991%)  route 3.521ns (66.009%))
  Logic Levels:           8  (CARRY4=3 LUT2=1 LUT4=1 LUT5=1 LUT6=2)
  Clock Path Skew:        -0.051ns (DCD - SCD + CPR)
    Destination Clock Delay (DCD):    4.932ns = ( 14.932 - 10.000 ) 
    Source Clock Delay      (SCD):    5.242ns
    Clock Pessimism Removal (CPR):    0.259ns
  Clock Uncertainty:      0.035ns  ((TSJ^2 + TIJ^2)^1/2 + DJ) / 2 + PE
    Total System Jitter     (TSJ):    0.071ns
    Total Input Jitter      (TIJ):    0.000ns
    Discrete Jitter          (DJ):    0.000ns
    Phase Error              (PE):    0.000ns

    Location             Delay type                Incr(ns)  Path(ns)    Netlist Resource(s)
  -------------------------------------------------------------------    -------------------
                         (clock sys_clk_pin rise edge)
                                                      0.000     0.000 r  
    E3                                                0.000     0.000 r  clk_in (IN)
                         net (fo=0)                   0.000     0.000    clk_in
    E3                   IBUF (Prop_ibuf_I_O)         1.482     1.482 r  clk_in_IBUF_inst/O
                         net (fo=1, routed)           2.025     3.506    clk_in_IBUF
    BUFGCTRL_X0Y16       BUFG (Prop_bufg_I_O)         0.096     3.602 r  clk_in_IBUF_BUFG_inst/O
                         net (fo=38, routed)          1.639     5.242    clk_in_IBUF_BUFG
    SLICE_X40Y54         FDRE                                         r  count_reg[12]/C
  -------------------------------------------------------------------    -------------------
    SLICE_X40Y54         FDRE (Prop_fdre_C_Q)         0.456     5.698 f  count_reg[12]/Q
                         net (fo=2, routed)           0.826     6.524    count_reg[12]
    SLICE_X41Y52         LUT4 (Prop_lut4_I0_O)        0.124     6.648 f  shippos[10]_i_14/O
                         net (fo=1, routed)           0.154     6.802    shippos[10]_i_14_n_0
    SLICE_X41Y52         LUT5 (Prop_lut5_I4_O)        0.124     6.926 f  shippos[10]_i_13/O
                         net (fo=1, routed)           0.441     7.368    shippos[10]_i_13_n_0
    SLICE_X39Y53         LUT6 (Prop_lut6_I5_O)        0.124     7.492 r  shippos[10]_i_6/O
                         net (fo=2, routed)           0.785     8.277    shippos[10]_i_6_n_0
    SLICE_X44Y60         LUT6 (Prop_lut6_I0_O)        0.124     8.401 r  shippos[10]_i_3/O
                         net (fo=4, routed)           0.825     9.226    shippos1
    SLICE_X51Y59         LUT2 (Prop_lut2_I0_O)        0.124     9.350 r  shippos[3]_i_2/O
                         net (fo=1, routed)           0.000     9.350    shippos[3]_i_2_n_0
    SLICE_X51Y59         CARRY4 (Prop_carry4_S[3]_CO[3])
                                                      0.401     9.751 r  shippos_reg[3]_i_1/CO[3]
                         net (fo=1, routed)           0.000     9.751    shippos_reg[3]_i_1_n_0
    SLICE_X51Y60         CARRY4 (Prop_carry4_CI_CO[3])
                                                      0.114     9.865 r  shippos_reg[7]_i_1/CO[3]
                         net (fo=1, routed)           0.000     9.865    shippos_reg[7]_i_1_n_0
    SLICE_X51Y61         CARRY4 (Prop_carry4_CI_O[0])
                                                      0.222    10.087 r  shippos_reg[10]_i_2/O[0]
                         net (fo=1, routed)           0.489    10.575    shippos_reg[10]_i_2_n_7
    SLICE_X47Y62         FDRE                                         r  shippos_reg[8]/D
  -------------------------------------------------------------------    -------------------

                         (clock sys_clk_pin rise edge)
                                                     10.000    10.000 r  
    E3                                                0.000    10.000 r  clk_in (IN)
                         net (fo=0)                   0.000    10.000    clk_in
    E3                   IBUF (Prop_ibuf_I_O)         1.411    11.411 r  clk_in_IBUF_inst/O
                         net (fo=1, routed)           1.920    13.331    clk_in_IBUF
    BUFGCTRL_X0Y16       BUFG (Prop_bufg_I_O)         0.091    13.422 r  clk_in_IBUF_BUFG_inst/O
                         net (fo=38, routed)          1.509    14.932    clk_in_IBUF_BUFG
    SLICE_X47Y62         FDRE                                         r  shippos_reg[8]/C
                         clock pessimism              0.259    15.191    
                         clock uncertainty           -0.035    15.155    
    SLICE_X47Y62         FDRE (Setup_fdre_C_D)       -0.256    14.899    shippos_reg[8]
  -------------------------------------------------------------------
                         required time                         14.899    
                         arrival time                         -10.575    
  -------------------------------------------------------------------
                         slack                                  4.324    

Slack (MET) :             4.329ns  (required time - arrival time)
  Source:                 count_reg[12]/C
                            (rising edge-triggered cell FDRE clocked by sys_clk_pin  {rise@0.000ns fall@5.000ns period=10.000ns})
  Destination:            shippos_reg[4]/D
                            (rising edge-triggered cell FDRE clocked by sys_clk_pin  {rise@0.000ns fall@5.000ns period=10.000ns})
  Path Group:             sys_clk_pin
  Path Type:              Setup (Max at Slow Process Corner)
  Requirement:            10.000ns  (sys_clk_pin rise@10.000ns - sys_clk_pin rise@0.000ns)
  Data Path Delay:        5.306ns  (logic 1.699ns (32.022%)  route 3.607ns (67.978%))
  Logic Levels:           7  (CARRY4=2 LUT2=1 LUT4=1 LUT5=1 LUT6=2)
  Clock Path Skew:        -0.052ns (DCD - SCD + CPR)
    Destination Clock Delay (DCD):    4.931ns = ( 14.931 - 10.000 ) 
    Source Clock Delay      (SCD):    5.242ns
    Clock Pessimism Removal (CPR):    0.259ns
  Clock Uncertainty:      0.035ns  ((TSJ^2 + TIJ^2)^1/2 + DJ) / 2 + PE
    Total System Jitter     (TSJ):    0.071ns
    Total Input Jitter      (TIJ):    0.000ns
    Discrete Jitter          (DJ):    0.000ns
    Phase Error              (PE):    0.000ns

    Location             Delay type                Incr(ns)  Path(ns)    Netlist Resource(s)
  -------------------------------------------------------------------    -------------------
                         (clock sys_clk_pin rise edge)
                                                      0.000     0.000 r  
    E3                                                0.000     0.000 r  clk_in (IN)
                         net (fo=0)                   0.000     0.000    clk_in
    E3                   IBUF (Prop_ibuf_I_O)         1.482     1.482 r  clk_in_IBUF_inst/O
                         net (fo=1, routed)           2.025     3.506    clk_in_IBUF
    BUFGCTRL_X0Y16       BUFG (Prop_bufg_I_O)         0.096     3.602 r  clk_in_IBUF_BUFG_inst/O
                         net (fo=38, routed)          1.639     5.242    clk_in_IBUF_BUFG
    SLICE_X40Y54         FDRE                                         r  count_reg[12]/C
  -------------------------------------------------------------------    -------------------
    SLICE_X40Y54         FDRE (Prop_fdre_C_Q)         0.456     5.698 f  count_reg[12]/Q
                         net (fo=2, routed)           0.826     6.524    count_reg[12]
    SLICE_X41Y52         LUT4 (Prop_lut4_I0_O)        0.124     6.648 f  shippos[10]_i_14/O
                         net (fo=1, routed)           0.154     6.802    shippos[10]_i_14_n_0
    SLICE_X41Y52         LUT5 (Prop_lut5_I4_O)        0.124     6.926 f  shippos[10]_i_13/O
                         net (fo=1, routed)           0.441     7.368    shippos[10]_i_13_n_0
    SLICE_X39Y53         LUT6 (Prop_lut6_I5_O)        0.124     7.492 r  shippos[10]_i_6/O
                         net (fo=2, routed)           0.785     8.277    shippos[10]_i_6_n_0
    SLICE_X44Y60         LUT6 (Prop_lut6_I0_O)        0.124     8.401 r  shippos[10]_i_3/O
                         net (fo=4, routed)           0.825     9.226    shippos1
    SLICE_X51Y59         LUT2 (Prop_lut2_I0_O)        0.124     9.350 r  shippos[3]_i_2/O
                         net (fo=1, routed)           0.000     9.350    shippos[3]_i_2_n_0
    SLICE_X51Y59         CARRY4 (Prop_carry4_S[3]_CO[3])
                                                      0.401     9.751 r  shippos_reg[3]_i_1/CO[3]
                         net (fo=1, routed)           0.000     9.751    shippos_reg[3]_i_1_n_0
    SLICE_X51Y60         CARRY4 (Prop_carry4_CI_O[0])
                                                      0.222     9.973 r  shippos_reg[7]_i_1/O[0]
                         net (fo=1, routed)           0.575    10.547    shippos_reg[7]_i_1_n_7
    SLICE_X51Y61         FDRE                                         r  shippos_reg[4]/D
  -------------------------------------------------------------------    -------------------

                         (clock sys_clk_pin rise edge)
                                                     10.000    10.000 r  
    E3                                                0.000    10.000 r  clk_in (IN)
                         net (fo=0)                   0.000    10.000    clk_in
    E3                   IBUF (Prop_ibuf_I_O)         1.411    11.411 r  clk_in_IBUF_inst/O
                         net (fo=1, routed)           1.920    13.331    clk_in_IBUF
    BUFGCTRL_X0Y16       BUFG (Prop_bufg_I_O)         0.091    13.422 r  clk_in_IBUF_BUFG_inst/O
                         net (fo=38, routed)          1.508    14.931    clk_in_IBUF_BUFG
    SLICE_X51Y61         FDRE                                         r  shippos_reg[4]/C
                         clock pessimism              0.259    15.190    
                         clock uncertainty           -0.035    15.154    
    SLICE_X51Y61         FDRE (Setup_fdre_C_D)       -0.278    14.876    shippos_reg[4]
  -------------------------------------------------------------------
                         required time                         14.876    
                         arrival time                         -10.547    
  -------------------------------------------------------------------
                         slack                                  4.329    

Slack (MET) :             4.358ns  (required time - arrival time)
  Source:                 count_reg[12]/C
                            (rising edge-triggered cell FDRE clocked by sys_clk_pin  {rise@0.000ns fall@5.000ns period=10.000ns})
  Destination:            shippos_reg[7]/D
                            (rising edge-triggered cell FDRE clocked by sys_clk_pin  {rise@0.000ns fall@5.000ns period=10.000ns})
  Path Group:             sys_clk_pin
  Path Type:              Setup (Max at Slow Process Corner)
  Requirement:            10.000ns  (sys_clk_pin rise@10.000ns - sys_clk_pin rise@0.000ns)
  Data Path Delay:        5.314ns  (logic 1.790ns (33.687%)  route 3.524ns (66.313%))
  Logic Levels:           7  (CARRY4=2 LUT2=1 LUT4=1 LUT5=1 LUT6=2)
  Clock Path Skew:        -0.050ns (DCD - SCD + CPR)
    Destination Clock Delay (DCD):    4.933ns = ( 14.933 - 10.000 ) 
    Source Clock Delay      (SCD):    5.242ns
    Clock Pessimism Removal (CPR):    0.259ns
  Clock Uncertainty:      0.035ns  ((TSJ^2 + TIJ^2)^1/2 + DJ) / 2 + PE
    Total System Jitter     (TSJ):    0.071ns
    Total Input Jitter      (TIJ):    0.000ns
    Discrete Jitter          (DJ):    0.000ns
    Phase Error              (PE):    0.000ns

    Location             Delay type                Incr(ns)  Path(ns)    Netlist Resource(s)
  -------------------------------------------------------------------    -------------------
                         (clock sys_clk_pin rise edge)
                                                      0.000     0.000 r  
    E3                                                0.000     0.000 r  clk_in (IN)
                         net (fo=0)                   0.000     0.000    clk_in
    E3                   IBUF (Prop_ibuf_I_O)         1.482     1.482 r  clk_in_IBUF_inst/O
                         net (fo=1, routed)           2.025     3.506    clk_in_IBUF
    BUFGCTRL_X0Y16       BUFG (Prop_bufg_I_O)         0.096     3.602 r  clk_in_IBUF_BUFG_inst/O
                         net (fo=38, routed)          1.639     5.242    clk_in_IBUF_BUFG
    SLICE_X40Y54         FDRE                                         r  count_reg[12]/C
  -------------------------------------------------------------------    -------------------
    SLICE_X40Y54         FDRE (Prop_fdre_C_Q)         0.456     5.698 f  count_reg[12]/Q
                         net (fo=2, routed)           0.826     6.524    count_reg[12]
    SLICE_X41Y52         LUT4 (Prop_lut4_I0_O)        0.124     6.648 f  shippos[10]_i_14/O
                         net (fo=1, routed)           0.154     6.802    shippos[10]_i_14_n_0
    SLICE_X41Y52         LUT5 (Prop_lut5_I4_O)        0.124     6.926 f  shippos[10]_i_13/O
                         net (fo=1, routed)           0.441     7.368    shippos[10]_i_13_n_0
    SLICE_X39Y53         LUT6 (Prop_lut6_I5_O)        0.124     7.492 r  shippos[10]_i_6/O
                         net (fo=2, routed)           0.785     8.277    shippos[10]_i_6_n_0
    SLICE_X44Y60         LUT6 (Prop_lut6_I0_O)        0.124     8.401 r  shippos[10]_i_3/O
                         net (fo=4, routed)           0.825     9.226    shippos1
    SLICE_X51Y59         LUT2 (Prop_lut2_I0_O)        0.124     9.350 r  shippos[3]_i_2/O
                         net (fo=1, routed)           0.000     9.350    shippos[3]_i_2_n_0
    SLICE_X51Y59         CARRY4 (Prop_carry4_S[3]_CO[3])
                                                      0.401     9.751 r  shippos_reg[3]_i_1/CO[3]
                         net (fo=1, routed)           0.000     9.751    shippos_reg[3]_i_1_n_0
    SLICE_X51Y60         CARRY4 (Prop_carry4_CI_O[3])
                                                      0.313    10.064 r  shippos_reg[7]_i_1/O[3]
                         net (fo=1, routed)           0.492    10.555    shippos_reg[7]_i_1_n_4
    SLICE_X47Y61         FDRE                                         r  shippos_reg[7]/D
  -------------------------------------------------------------------    -------------------

                         (clock sys_clk_pin rise edge)
                                                     10.000    10.000 r  
    E3                                                0.000    10.000 r  clk_in (IN)
                         net (fo=0)                   0.000    10.000    clk_in
    E3                   IBUF (Prop_ibuf_I_O)         1.411    11.411 r  clk_in_IBUF_inst/O
                         net (fo=1, routed)           1.920    13.331    clk_in_IBUF
    BUFGCTRL_X0Y16       BUFG (Prop_bufg_I_O)         0.091    13.422 r  clk_in_IBUF_BUFG_inst/O
                         net (fo=38, routed)          1.510    14.933    clk_in_IBUF_BUFG
    SLICE_X47Y61         FDRE                                         r  shippos_reg[7]/C
                         clock pessimism              0.259    15.192    
                         clock uncertainty           -0.035    15.156    
    SLICE_X47Y61         FDRE (Setup_fdre_C_D)       -0.243    14.913    shippos_reg[7]
  -------------------------------------------------------------------
                         required time                         14.913    
                         arrival time                         -10.555    
  -------------------------------------------------------------------
                         slack                                  4.358    

Slack (MET) :             4.397ns  (required time - arrival time)
  Source:                 count_reg[12]/C
                            (rising edge-triggered cell FDRE clocked by sys_clk_pin  {rise@0.000ns fall@5.000ns period=10.000ns})
  Destination:            shippos_reg[10]/D
                            (rising edge-triggered cell FDRE clocked by sys_clk_pin  {rise@0.000ns fall@5.000ns period=10.000ns})
  Path Group:             sys_clk_pin
  Path Type:              Setup (Max at Slow Process Corner)
  Requirement:            10.000ns  (sys_clk_pin rise@10.000ns - sys_clk_pin rise@0.000ns)
  Data Path Delay:        5.269ns  (logic 1.830ns (34.735%)  route 3.439ns (65.265%))
  Logic Levels:           8  (CARRY4=3 LUT2=1 LUT4=1 LUT5=1 LUT6=2)
  Clock Path Skew:        -0.052ns (DCD - SCD + CPR)
    Destination Clock Delay (DCD):    4.931ns = ( 14.931 - 10.000 ) 
    Source Clock Delay      (SCD):    5.242ns
    Clock Pessimism Removal (CPR):    0.259ns
  Clock Uncertainty:      0.035ns  ((TSJ^2 + TIJ^2)^1/2 + DJ) / 2 + PE
    Total System Jitter     (TSJ):    0.071ns
    Total Input Jitter      (TIJ):    0.000ns
    Discrete Jitter          (DJ):    0.000ns
    Phase Error              (PE):    0.000ns

    Location             Delay type                Incr(ns)  Path(ns)    Netlist Resource(s)
  -------------------------------------------------------------------    -------------------
                         (clock sys_clk_pin rise edge)
                                                      0.000     0.000 r  
    E3                                                0.000     0.000 r  clk_in (IN)
                         net (fo=0)                   0.000     0.000    clk_in
    E3                   IBUF (Prop_ibuf_I_O)         1.482     1.482 r  clk_in_IBUF_inst/O
                         net (fo=1, routed)           2.025     3.506    clk_in_IBUF
    BUFGCTRL_X0Y16       BUFG (Prop_bufg_I_O)         0.096     3.602 r  clk_in_IBUF_BUFG_inst/O
                         net (fo=38, routed)          1.639     5.242    clk_in_IBUF_BUFG
    SLICE_X40Y54         FDRE                                         r  count_reg[12]/C
  -------------------------------------------------------------------    -------------------
    SLICE_X40Y54         FDRE (Prop_fdre_C_Q)         0.456     5.698 f  count_reg[12]/Q
                         net (fo=2, routed)           0.826     6.524    count_reg[12]
    SLICE_X41Y52         LUT4 (Prop_lut4_I0_O)        0.124     6.648 f  shippos[10]_i_14/O
                         net (fo=1, routed)           0.154     6.802    shippos[10]_i_14_n_0
    SLICE_X41Y52         LUT5 (Prop_lut5_I4_O)        0.124     6.926 f  shippos[10]_i_13/O
                         net (fo=1, routed)           0.441     7.368    shippos[10]_i_13_n_0
    SLICE_X39Y53         LUT6 (Prop_lut6_I5_O)        0.124     7.492 r  shippos[10]_i_6/O
                         net (fo=2, routed)           0.785     8.277    shippos[10]_i_6_n_0
    SLICE_X44Y60         LUT6 (Prop_lut6_I0_O)        0.124     8.401 r  shippos[10]_i_3/O
                         net (fo=4, routed)           0.825     9.226    shippos1
    SLICE_X51Y59         LUT2 (Prop_lut2_I0_O)        0.124     9.350 r  shippos[3]_i_2/O
                         net (fo=1, routed)           0.000     9.350    shippos[3]_i_2_n_0
    SLICE_X51Y59         CARRY4 (Prop_carry4_S[3]_CO[3])
                                                      0.401     9.751 r  shippos_reg[3]_i_1/CO[3]
                         net (fo=1, routed)           0.000     9.751    shippos_reg[3]_i_1_n_0
    SLICE_X51Y60         CARRY4 (Prop_carry4_CI_CO[3])
                                                      0.114     9.865 r  shippos_reg[7]_i_1/CO[3]
                         net (fo=1, routed)           0.000     9.865    shippos_reg[7]_i_1_n_0
    SLICE_X51Y61         CARRY4 (Prop_carry4_CI_O[2])
                                                      0.239    10.104 r  shippos_reg[10]_i_2/O[2]
                         net (fo=1, routed)           0.407    10.510    shippos_reg[10]_i_2_n_5
    SLICE_X51Y61         FDRE                                         r  shippos_reg[10]/D
  -------------------------------------------------------------------    -------------------

                         (clock sys_clk_pin rise edge)
                                                     10.000    10.000 r  
    E3                                                0.000    10.000 r  clk_in (IN)
                         net (fo=0)                   0.000    10.000    clk_in
    E3                   IBUF (Prop_ibuf_I_O)         1.411    11.411 r  clk_in_IBUF_inst/O
                         net (fo=1, routed)           1.920    13.331    clk_in_IBUF
    BUFGCTRL_X0Y16       BUFG (Prop_bufg_I_O)         0.091    13.422 r  clk_in_IBUF_BUFG_inst/O
                         net (fo=38, routed)          1.508    14.931    clk_in_IBUF_BUFG
    SLICE_X51Y61         FDRE                                         r  shippos_reg[10]/C
                         clock pessimism              0.259    15.190    
                         clock uncertainty           -0.035    15.154    
    SLICE_X51Y61         FDRE (Setup_fdre_C_D)       -0.247    14.907    shippos_reg[10]
  -------------------------------------------------------------------
                         required time                         14.907    
                         arrival time                         -10.510    
  -------------------------------------------------------------------
                         slack                                  4.397    

Slack (MET) :             4.782ns  (required time - arrival time)
  Source:                 count_reg[12]/C
                            (rising edge-triggered cell FDRE clocked by sys_clk_pin  {rise@0.000ns fall@5.000ns period=10.000ns})
  Destination:            shippos_reg[3]/D
                            (rising edge-triggered cell FDRE clocked by sys_clk_pin  {rise@0.000ns fall@5.000ns period=10.000ns})
  Path Group:             sys_clk_pin
  Path Type:              Setup (Max at Slow Process Corner)
  Requirement:            10.000ns  (sys_clk_pin rise@10.000ns - sys_clk_pin rise@0.000ns)
  Data Path Delay:        4.894ns  (logic 1.324ns (27.054%)  route 3.570ns (72.946%))
  Logic Levels:           6  (CARRY4=1 LUT2=1 LUT4=1 LUT5=1 LUT6=2)
  Clock Path Skew:        -0.049ns (DCD - SCD + CPR)
    Destination Clock Delay (DCD):    4.934ns = ( 14.934 - 10.000 ) 
    Source Clock Delay      (SCD):    5.242ns
    Clock Pessimism Removal (CPR):    0.259ns
  Clock Uncertainty:      0.035ns  ((TSJ^2 + TIJ^2)^1/2 + DJ) / 2 + PE
    Total System Jitter     (TSJ):    0.071ns
    Total Input Jitter      (TIJ):    0.000ns
    Discrete Jitter          (DJ):    0.000ns
    Phase Error              (PE):    0.000ns

    Location             Delay type                Incr(ns)  Path(ns)    Netlist Resource(s)
  -------------------------------------------------------------------    -------------------
                         (clock sys_clk_pin rise edge)
                                                      0.000     0.000 r  
    E3                                                0.000     0.000 r  clk_in (IN)
                         net (fo=0)                   0.000     0.000    clk_in
    E3                   IBUF (Prop_ibuf_I_O)         1.482     1.482 r  clk_in_IBUF_inst/O
                         net (fo=1, routed)           2.025     3.506    clk_in_IBUF
    BUFGCTRL_X0Y16       BUFG (Prop_bufg_I_O)         0.096     3.602 r  clk_in_IBUF_BUFG_inst/O
                         net (fo=38, routed)          1.639     5.242    clk_in_IBUF_BUFG
    SLICE_X40Y54         FDRE                                         r  count_reg[12]/C
  -------------------------------------------------------------------    -------------------
    SLICE_X40Y54         FDRE (Prop_fdre_C_Q)         0.456     5.698 f  count_reg[12]/Q
                         net (fo=2, routed)           0.826     6.524    count_reg[12]
    SLICE_X41Y52         LUT4 (Prop_lut4_I0_O)        0.124     6.648 f  shippos[10]_i_14/O
                         net (fo=1, routed)           0.154     6.802    shippos[10]_i_14_n_0
    SLICE_X41Y52         LUT5 (Prop_lut5_I4_O)        0.124     6.926 f  shippos[10]_i_13/O
                         net (fo=1, routed)           0.441     7.368    shippos[10]_i_13_n_0
    SLICE_X39Y53         LUT6 (Prop_lut6_I5_O)        0.124     7.492 r  shippos[10]_i_6/O
                         net (fo=2, routed)           0.785     8.277    shippos[10]_i_6_n_0
    SLICE_X44Y60         LUT6 (Prop_lut6_I0_O)        0.124     8.401 r  shippos[10]_i_3/O
                         net (fo=4, routed)           0.825     9.226    shippos1
    SLICE_X51Y59         LUT2 (Prop_lut2_I0_O)        0.124     9.350 r  shippos[3]_i_2/O
                         net (fo=1, routed)           0.000     9.350    shippos[3]_i_2_n_0
    SLICE_X51Y59         CARRY4 (Prop_carry4_S[3]_O[3])
                                                      0.248     9.598 r  shippos_reg[3]_i_1/O[3]
                         net (fo=1, routed)           0.538    10.136    shippos_reg[3]_i_1_n_4
    SLICE_X47Y59         FDRE                                         r  shippos_reg[3]/D
  -------------------------------------------------------------------    -------------------

                         (clock sys_clk_pin rise edge)
                                                     10.000    10.000 r  
    E3                                                0.000    10.000 r  clk_in (IN)
                         net (fo=0)                   0.000    10.000    clk_in
    E3                   IBUF (Prop_ibuf_I_O)         1.411    11.411 r  clk_in_IBUF_inst/O
                         net (fo=1, routed)           1.920    13.331    clk_in_IBUF
    BUFGCTRL_X0Y16       BUFG (Prop_bufg_I_O)         0.091    13.422 r  clk_in_IBUF_BUFG_inst/O
                         net (fo=38, routed)          1.511    14.934    clk_in_IBUF_BUFG
    SLICE_X47Y59         FDRE                                         r  shippos_reg[3]/C
                         clock pessimism              0.259    15.193    
                         clock uncertainty           -0.035    15.157    
    SLICE_X47Y59         FDRE (Setup_fdre_C_D)       -0.240    14.917    shippos_reg[3]
  -------------------------------------------------------------------
                         required time                         14.917    
                         arrival time                         -10.136    
  -------------------------------------------------------------------
                         slack                                  4.782    

Slack (MET) :             4.934ns  (required time - arrival time)
  Source:                 count_reg[12]/C
                            (rising edge-triggered cell FDRE clocked by sys_clk_pin  {rise@0.000ns fall@5.000ns period=10.000ns})
  Destination:            shippos_reg[2]/D
                            (rising edge-triggered cell FDRE clocked by sys_clk_pin  {rise@0.000ns fall@5.000ns period=10.000ns})
  Path Group:             sys_clk_pin
  Path Type:              Setup (Max at Slow Process Corner)
  Requirement:            10.000ns  (sys_clk_pin rise@10.000ns - sys_clk_pin rise@0.000ns)
  Data Path Delay:        4.700ns  (logic 1.324ns (28.169%)  route 3.376ns (71.831%))
  Logic Levels:           6  (CARRY4=1 LUT2=1 LUT4=1 LUT5=1 LUT6=2)
  Clock Path Skew:        -0.051ns (DCD - SCD + CPR)
    Destination Clock Delay (DCD):    4.932ns = ( 14.932 - 10.000 ) 
    Source Clock Delay      (SCD):    5.242ns
    Clock Pessimism Removal (CPR):    0.259ns
  Clock Uncertainty:      0.035ns  ((TSJ^2 + TIJ^2)^1/2 + DJ) / 2 + PE
    Total System Jitter     (TSJ):    0.071ns
    Total Input Jitter      (TIJ):    0.000ns
    Discrete Jitter          (DJ):    0.000ns
    Phase Error              (PE):    0.000ns

    Location             Delay type                Incr(ns)  Path(ns)    Netlist Resource(s)
  -------------------------------------------------------------------    -------------------
                         (clock sys_clk_pin rise edge)
                                                      0.000     0.000 r  
    E3                                                0.000     0.000 r  clk_in (IN)
                         net (fo=0)                   0.000     0.000    clk_in
    E3                   IBUF (Prop_ibuf_I_O)         1.482     1.482 r  clk_in_IBUF_inst/O
                         net (fo=1, routed)           2.025     3.506    clk_in_IBUF
    BUFGCTRL_X0Y16       BUFG (Prop_bufg_I_O)         0.096     3.602 r  clk_in_IBUF_BUFG_inst/O
                         net (fo=38, routed)          1.639     5.242    clk_in_IBUF_BUFG
    SLICE_X40Y54         FDRE                                         r  count_reg[12]/C
  -------------------------------------------------------------------    -------------------
    SLICE_X40Y54         FDRE (Prop_fdre_C_Q)         0.456     5.698 f  count_reg[12]/Q
                         net (fo=2, routed)           0.826     6.524    count_reg[12]
    SLICE_X41Y52         LUT4 (Prop_lut4_I0_O)        0.124     6.648 f  shippos[10]_i_14/O
                         net (fo=1, routed)           0.154     6.802    shippos[10]_i_14_n_0
    SLICE_X41Y52         LUT5 (Prop_lut5_I4_O)        0.124     6.926 f  shippos[10]_i_13/O
                         net (fo=1, routed)           0.441     7.368    shippos[10]_i_13_n_0
    SLICE_X39Y53         LUT6 (Prop_lut6_I5_O)        0.124     7.492 r  shippos[10]_i_6/O
                         net (fo=2, routed)           0.785     8.277    shippos[10]_i_6_n_0
    SLICE_X44Y60         LUT6 (Prop_lut6_I0_O)        0.124     8.401 r  shippos[10]_i_3/O
                         net (fo=4, routed)           0.495     8.896    shippos1
    SLICE_X51Y59         LUT2 (Prop_lut2_I0_O)        0.124     9.020 r  shippos[3]_i_3/O
                         net (fo=1, routed)           0.000     9.020    shippos[3]_i_3_n_0
    SLICE_X51Y59         CARRY4 (Prop_carry4_S[2]_O[2])
                                                      0.248     9.268 r  shippos_reg[3]_i_1/O[2]
                         net (fo=1, routed)           0.674     9.942    shippos_reg[3]_i_1_n_5
    SLICE_X51Y59         FDRE                                         r  shippos_reg[2]/D
  -------------------------------------------------------------------    -------------------

                         (clock sys_clk_pin rise edge)
                                                     10.000    10.000 r  
    E3                                                0.000    10.000 r  clk_in (IN)
                         net (fo=0)                   0.000    10.000    clk_in
    E3                   IBUF (Prop_ibuf_I_O)         1.411    11.411 r  clk_in_IBUF_inst/O
                         net (fo=1, routed)           1.920    13.331    clk_in_IBUF
    BUFGCTRL_X0Y16       BUFG (Prop_bufg_I_O)         0.091    13.422 r  clk_in_IBUF_BUFG_inst/O
                         net (fo=38, routed)          1.509    14.932    clk_in_IBUF_BUFG
    SLICE_X51Y59         FDRE                                         r  shippos_reg[2]/C
                         clock pessimism              0.259    15.191    
                         clock uncertainty           -0.035    15.155    
    SLICE_X51Y59         FDRE (Setup_fdre_C_D)       -0.279    14.876    shippos_reg[2]
  -------------------------------------------------------------------
                         required time                         14.876    
                         arrival time                          -9.942    
  -------------------------------------------------------------------
                         slack                                  4.934    

Slack (MET) :             5.025ns  (required time - arrival time)
  Source:                 count_reg[12]/C
                            (rising edge-triggered cell FDRE clocked by sys_clk_pin  {rise@0.000ns fall@5.000ns period=10.000ns})
  Destination:            shippos_reg[0]_replica_1/CE
                            (rising edge-triggered cell FDRE clocked by sys_clk_pin  {rise@0.000ns fall@5.000ns period=10.000ns})
  Path Group:             sys_clk_pin
  Path Type:              Setup (Max at Slow Process Corner)
  Requirement:            10.000ns  (sys_clk_pin rise@10.000ns - sys_clk_pin rise@0.000ns)
  Data Path Delay:        4.605ns  (logic 1.076ns (23.367%)  route 3.529ns (76.633%))
  Logic Levels:           5  (LUT4=1 LUT5=1 LUT6=3)
  Clock Path Skew:        -0.130ns (DCD - SCD + CPR)
    Destination Clock Delay (DCD):    4.925ns = ( 14.925 - 10.000 ) 
    Source Clock Delay      (SCD):    5.242ns
    Clock Pessimism Removal (CPR):    0.187ns
  Clock Uncertainty:      0.035ns  ((TSJ^2 + TIJ^2)^1/2 + DJ) / 2 + PE
    Total System Jitter     (TSJ):    0.071ns
    Total Input Jitter      (TIJ):    0.000ns
    Discrete Jitter          (DJ):    0.000ns
    Phase Error              (PE):    0.000ns

    Location             Delay type                Incr(ns)  Path(ns)    Netlist Resource(s)
  -------------------------------------------------------------------    -------------------
                         (clock sys_clk_pin rise edge)
                                                      0.000     0.000 r  
    E3                                                0.000     0.000 r  clk_in (IN)
                         net (fo=0)                   0.000     0.000    clk_in
    E3                   IBUF (Prop_ibuf_I_O)         1.482     1.482 r  clk_in_IBUF_inst/O
                         net (fo=1, routed)           2.025     3.506    clk_in_IBUF
    BUFGCTRL_X0Y16       BUFG (Prop_bufg_I_O)         0.096     3.602 r  clk_in_IBUF_BUFG_inst/O
                         net (fo=38, routed)          1.639     5.242    clk_in_IBUF_BUFG
    SLICE_X40Y54         FDRE                                         r  count_reg[12]/C
  -------------------------------------------------------------------    -------------------
    SLICE_X40Y54         FDRE (Prop_fdre_C_Q)         0.456     5.698 f  count_reg[12]/Q
                         net (fo=2, routed)           0.826     6.524    count_reg[12]
    SLICE_X41Y52         LUT4 (Prop_lut4_I0_O)        0.124     6.648 f  shippos[10]_i_14/O
                         net (fo=1, routed)           0.154     6.802    shippos[10]_i_14_n_0
    SLICE_X41Y52         LUT5 (Prop_lut5_I4_O)        0.124     6.926 f  shippos[10]_i_13/O
                         net (fo=1, routed)           0.441     7.368    shippos[10]_i_13_n_0
    SLICE_X39Y53         LUT6 (Prop_lut6_I5_O)        0.124     7.492 r  shippos[10]_i_6/O
                         net (fo=2, routed)           0.785     8.277    shippos[10]_i_6_n_0
    SLICE_X44Y60         LUT6 (Prop_lut6_I0_O)        0.124     8.401 r  shippos[10]_i_3/O
                         net (fo=4, routed)           0.468     8.869    shippos1
    SLICE_X44Y60         LUT6 (Prop_lut6_I0_O)        0.124     8.993 r  shippos[10]_i_1/O
                         net (fo=16, routed)          0.854     9.846    shippos[10]_i_1_n_0
    SLICE_X57Y61         FDRE                                         r  shippos_reg[0]_replica_1/CE
  -------------------------------------------------------------------    -------------------

                         (clock sys_clk_pin rise edge)
                                                     10.000    10.000 r  
    E3                                                0.000    10.000 r  clk_in (IN)
                         net (fo=0)                   0.000    10.000    clk_in
    E3                   IBUF (Prop_ibuf_I_O)         1.411    11.411 r  clk_in_IBUF_inst/O
                         net (fo=1, routed)           1.920    13.331    clk_in_IBUF
    BUFGCTRL_X0Y16       BUFG (Prop_bufg_I_O)         0.091    13.422 r  clk_in_IBUF_BUFG_inst/O
                         net (fo=38, routed)          1.502    14.925    clk_in_IBUF_BUFG
    SLICE_X57Y61         FDRE                                         r  shippos_reg[0]_replica_1/C
                         clock pessimism              0.187    15.112    
                         clock uncertainty           -0.035    15.076    
    SLICE_X57Y61         FDRE (Setup_fdre_C_CE)      -0.205    14.871    shippos_reg[0]_replica_1
  -------------------------------------------------------------------
                         required time                         14.871    
                         arrival time                          -9.846    
  -------------------------------------------------------------------
                         slack                                  5.025    





Min Delay Paths
--------------------------------------------------------------------------------------
Slack (MET) :             0.281ns  (arrival time - required time)
  Source:                 count_reg[10]/C
                            (rising edge-triggered cell FDRE clocked by sys_clk_pin  {rise@0.000ns fall@5.000ns period=10.000ns})
  Destination:            count_reg[10]/D
                            (rising edge-triggered cell FDRE clocked by sys_clk_pin  {rise@0.000ns fall@5.000ns period=10.000ns})
  Path Group:             sys_clk_pin
  Path Type:              Hold (Min at Fast Process Corner)
  Requirement:            0.000ns  (sys_clk_pin rise@0.000ns - sys_clk_pin rise@0.000ns)
  Data Path Delay:        0.386ns  (logic 0.252ns (65.354%)  route 0.134ns (34.646%))
  Logic Levels:           1  (CARRY4=1)
  Clock Path Skew:        0.000ns (DCD - SCD - CPR)
    Destination Clock Delay (DCD):    2.005ns
    Source Clock Delay      (SCD):    1.487ns
    Clock Pessimism Removal (CPR):    0.517ns

    Location             Delay type                Incr(ns)  Path(ns)    Netlist Resource(s)
  -------------------------------------------------------------------    -------------------
                         (clock sys_clk_pin rise edge)
                                                      0.000     0.000 r  
    E3                                                0.000     0.000 r  clk_in (IN)
                         net (fo=0)                   0.000     0.000    clk_in
    E3                   IBUF (Prop_ibuf_I_O)         0.250     0.250 r  clk_in_IBUF_inst/O
                         net (fo=1, routed)           0.644     0.894    clk_in_IBUF
    BUFGCTRL_X0Y16       BUFG (Prop_bufg_I_O)         0.026     0.920 r  clk_in_IBUF_BUFG_inst/O
                         net (fo=38, routed)          0.568     1.487    clk_in_IBUF_BUFG
    SLICE_X40Y53         FDRE                                         r  count_reg[10]/C
  -------------------------------------------------------------------    -------------------
    SLICE_X40Y53         FDRE (Prop_fdre_C_Q)         0.141     1.628 r  count_reg[10]/Q
                         net (fo=2, routed)           0.134     1.762    count_reg[10]
    SLICE_X40Y53         CARRY4 (Prop_carry4_S[2]_O[2])
                                                      0.111     1.873 r  count_reg[8]_i_1/O[2]
                         net (fo=1, routed)           0.000     1.873    count_reg[8]_i_1_n_5
    SLICE_X40Y53         FDRE                                         r  count_reg[10]/D
  -------------------------------------------------------------------    -------------------

                         (clock sys_clk_pin rise edge)
                                                      0.000     0.000 r  
    E3                                                0.000     0.000 r  clk_in (IN)
                         net (fo=0)                   0.000     0.000    clk_in
    E3                   IBUF (Prop_ibuf_I_O)         0.438     0.438 r  clk_in_IBUF_inst/O
                         net (fo=1, routed)           0.699     1.136    clk_in_IBUF
    BUFGCTRL_X0Y16       BUFG (Prop_bufg_I_O)         0.029     1.165 r  clk_in_IBUF_BUFG_inst/O
                         net (fo=38, routed)          0.840     2.005    clk_in_IBUF_BUFG
    SLICE_X40Y53         FDRE                                         r  count_reg[10]/C
                         clock pessimism             -0.517     1.487    
    SLICE_X40Y53         FDRE (Hold_fdre_C_D)         0.105     1.592    count_reg[10]
  -------------------------------------------------------------------
                         required time                         -1.592    
                         arrival time                           1.873    
  -------------------------------------------------------------------
                         slack                                  0.281    

Slack (MET) :             0.281ns  (arrival time - required time)
  Source:                 count_reg[14]/C
                            (rising edge-triggered cell FDRE clocked by sys_clk_pin  {rise@0.000ns fall@5.000ns period=10.000ns})
  Destination:            count_reg[14]/D
                            (rising edge-triggered cell FDRE clocked by sys_clk_pin  {rise@0.000ns fall@5.000ns period=10.000ns})
  Path Group:             sys_clk_pin
  Path Type:              Hold (Min at Fast Process Corner)
  Requirement:            0.000ns  (sys_clk_pin rise@0.000ns - sys_clk_pin rise@0.000ns)
  Data Path Delay:        0.386ns  (logic 0.252ns (65.343%)  route 0.134ns (34.657%))
  Logic Levels:           1  (CARRY4=1)
  Clock Path Skew:        0.000ns (DCD - SCD - CPR)
    Destination Clock Delay (DCD):    2.005ns
    Source Clock Delay      (SCD):    1.487ns
    Clock Pessimism Removal (CPR):    0.517ns

    Location             Delay type                Incr(ns)  Path(ns)    Netlist Resource(s)
  -------------------------------------------------------------------    -------------------
                         (clock sys_clk_pin rise edge)
                                                      0.000     0.000 r  
    E3                                                0.000     0.000 r  clk_in (IN)
                         net (fo=0)                   0.000     0.000    clk_in
    E3                   IBUF (Prop_ibuf_I_O)         0.250     0.250 r  clk_in_IBUF_inst/O
                         net (fo=1, routed)           0.644     0.894    clk_in_IBUF
    BUFGCTRL_X0Y16       BUFG (Prop_bufg_I_O)         0.026     0.920 r  clk_in_IBUF_BUFG_inst/O
                         net (fo=38, routed)          0.568     1.487    clk_in_IBUF_BUFG
    SLICE_X40Y54         FDRE                                         r  count_reg[14]/C
  -------------------------------------------------------------------    -------------------
    SLICE_X40Y54         FDRE (Prop_fdre_C_Q)         0.141     1.628 r  count_reg[14]/Q
                         net (fo=2, routed)           0.134     1.762    count_reg[14]
    SLICE_X40Y54         CARRY4 (Prop_carry4_S[2]_O[2])
                                                      0.111     1.873 r  count_reg[12]_i_1/O[2]
                         net (fo=1, routed)           0.000     1.873    count_reg[12]_i_1_n_5
    SLICE_X40Y54         FDRE                                         r  count_reg[14]/D
  -------------------------------------------------------------------    -------------------

                         (clock sys_clk_pin rise edge)
                                                      0.000     0.000 r  
    E3                                                0.000     0.000 r  clk_in (IN)
                         net (fo=0)                   0.000     0.000    clk_in
    E3                   IBUF (Prop_ibuf_I_O)         0.438     0.438 r  clk_in_IBUF_inst/O
                         net (fo=1, routed)           0.699     1.136    clk_in_IBUF
    BUFGCTRL_X0Y16       BUFG (Prop_bufg_I_O)         0.029     1.165 r  clk_in_IBUF_BUFG_inst/O
                         net (fo=38, routed)          0.840     2.005    clk_in_IBUF_BUFG
    SLICE_X40Y54         FDRE                                         r  count_reg[14]/C
                         clock pessimism             -0.517     1.487    
    SLICE_X40Y54         FDRE (Hold_fdre_C_D)         0.105     1.592    count_reg[14]
  -------------------------------------------------------------------
                         required time                         -1.592    
                         arrival time                           1.873    
  -------------------------------------------------------------------
                         slack                                  0.281    

Slack (MET) :             0.281ns  (arrival time - required time)
  Source:                 count_reg[18]/C
                            (rising edge-triggered cell FDRE clocked by sys_clk_pin  {rise@0.000ns fall@5.000ns period=10.000ns})
  Destination:            count_reg[18]/D
                            (rising edge-triggered cell FDRE clocked by sys_clk_pin  {rise@0.000ns fall@5.000ns period=10.000ns})
  Path Group:             sys_clk_pin
  Path Type:              Hold (Min at Fast Process Corner)
  Requirement:            0.000ns  (sys_clk_pin rise@0.000ns - sys_clk_pin rise@0.000ns)
  Data Path Delay:        0.386ns  (logic 0.252ns (65.343%)  route 0.134ns (34.657%))
  Logic Levels:           1  (CARRY4=1)
  Clock Path Skew:        0.000ns (DCD - SCD - CPR)
    Destination Clock Delay (DCD):    2.005ns
    Source Clock Delay      (SCD):    1.487ns
    Clock Pessimism Removal (CPR):    0.517ns

    Location             Delay type                Incr(ns)  Path(ns)    Netlist Resource(s)
  -------------------------------------------------------------------    -------------------
                         (clock sys_clk_pin rise edge)
                                                      0.000     0.000 r  
    E3                                                0.000     0.000 r  clk_in (IN)
                         net (fo=0)                   0.000     0.000    clk_in
    E3                   IBUF (Prop_ibuf_I_O)         0.250     0.250 r  clk_in_IBUF_inst/O
                         net (fo=1, routed)           0.644     0.894    clk_in_IBUF
    BUFGCTRL_X0Y16       BUFG (Prop_bufg_I_O)         0.026     0.920 r  clk_in_IBUF_BUFG_inst/O
                         net (fo=38, routed)          0.568     1.487    clk_in_IBUF_BUFG
    SLICE_X40Y55         FDRE                                         r  count_reg[18]/C
  -------------------------------------------------------------------    -------------------
    SLICE_X40Y55         FDRE (Prop_fdre_C_Q)         0.141     1.628 r  count_reg[18]/Q
                         net (fo=10, routed)          0.134     1.762    dig[1]
    SLICE_X40Y55         CARRY4 (Prop_carry4_S[2]_O[2])
                                                      0.111     1.873 r  count_reg[16]_i_1/O[2]
                         net (fo=1, routed)           0.000     1.873    count_reg[16]_i_1_n_5
    SLICE_X40Y55         FDRE                                         r  count_reg[18]/D
  -------------------------------------------------------------------    -------------------

                         (clock sys_clk_pin rise edge)
                                                      0.000     0.000 r  
    E3                                                0.000     0.000 r  clk_in (IN)
                         net (fo=0)                   0.000     0.000    clk_in
    E3                   IBUF (Prop_ibuf_I_O)         0.438     0.438 r  clk_in_IBUF_inst/O
                         net (fo=1, routed)           0.699     1.136    clk_in_IBUF
    BUFGCTRL_X0Y16       BUFG (Prop_bufg_I_O)         0.029     1.165 r  clk_in_IBUF_BUFG_inst/O
                         net (fo=38, routed)          0.840     2.005    clk_in_IBUF_BUFG
    SLICE_X40Y55         FDRE                                         r  count_reg[18]/C
                         clock pessimism             -0.517     1.487    
    SLICE_X40Y55         FDRE (Hold_fdre_C_D)         0.105     1.592    count_reg[18]
  -------------------------------------------------------------------
                         required time                         -1.592    
                         arrival time                           1.873    
  -------------------------------------------------------------------
                         slack                                  0.281    

Slack (MET) :             0.281ns  (arrival time - required time)
  Source:                 count_reg[2]/C
                            (rising edge-triggered cell FDRE clocked by sys_clk_pin  {rise@0.000ns fall@5.000ns period=10.000ns})
  Destination:            count_reg[2]/D
                            (rising edge-triggered cell FDRE clocked by sys_clk_pin  {rise@0.000ns fall@5.000ns period=10.000ns})
  Path Group:             sys_clk_pin
  Path Type:              Hold (Min at Fast Process Corner)
  Requirement:            0.000ns  (sys_clk_pin rise@0.000ns - sys_clk_pin rise@0.000ns)
  Data Path Delay:        0.386ns  (logic 0.252ns (65.343%)  route 0.134ns (34.657%))
  Logic Levels:           1  (CARRY4=1)
  Clock Path Skew:        0.000ns (DCD - SCD - CPR)
    Destination Clock Delay (DCD):    2.006ns
    Source Clock Delay      (SCD):    1.488ns
    Clock Pessimism Removal (CPR):    0.517ns

    Location             Delay type                Incr(ns)  Path(ns)    Netlist Resource(s)
  -------------------------------------------------------------------    -------------------
                         (clock sys_clk_pin rise edge)
                                                      0.000     0.000 r  
    E3                                                0.000     0.000 r  clk_in (IN)
                         net (fo=0)                   0.000     0.000    clk_in
    E3                   IBUF (Prop_ibuf_I_O)         0.250     0.250 r  clk_in_IBUF_inst/O
                         net (fo=1, routed)           0.644     0.894    clk_in_IBUF
    BUFGCTRL_X0Y16       BUFG (Prop_bufg_I_O)         0.026     0.920 r  clk_in_IBUF_BUFG_inst/O
                         net (fo=38, routed)          0.569     1.488    clk_in_IBUF_BUFG
    SLICE_X40Y51         FDRE                                         r  count_reg[2]/C
  -------------------------------------------------------------------    -------------------
    SLICE_X40Y51         FDRE (Prop_fdre_C_Q)         0.141     1.629 r  count_reg[2]/Q
                         net (fo=2, routed)           0.134     1.763    count_reg[2]
    SLICE_X40Y51         CARRY4 (Prop_carry4_S[2]_O[2])
                                                      0.111     1.874 r  count_reg[0]_i_1/O[2]
                         net (fo=1, routed)           0.000     1.874    count_reg[0]_i_1_n_5
    SLICE_X40Y51         FDRE                                         r  count_reg[2]/D
  -------------------------------------------------------------------    -------------------

                         (clock sys_clk_pin rise edge)
                                                      0.000     0.000 r  
    E3                                                0.000     0.000 r  clk_in (IN)
                         net (fo=0)                   0.000     0.000    clk_in
    E3                   IBUF (Prop_ibuf_I_O)         0.438     0.438 r  clk_in_IBUF_inst/O
                         net (fo=1, routed)           0.699     1.136    clk_in_IBUF
    BUFGCTRL_X0Y16       BUFG (Prop_bufg_I_O)         0.029     1.165 r  clk_in_IBUF_BUFG_inst/O
                         net (fo=38, routed)          0.841     2.006    clk_in_IBUF_BUFG
    SLICE_X40Y51         FDRE                                         r  count_reg[2]/C
                         clock pessimism             -0.517     1.488    
    SLICE_X40Y51         FDRE (Hold_fdre_C_D)         0.105     1.593    count_reg[2]
  -------------------------------------------------------------------
                         required time                         -1.593    
                         arrival time                           1.874    
  -------------------------------------------------------------------
                         slack                                  0.281    

Slack (MET) :             0.314ns  (arrival time - required time)
  Source:                 count_reg[10]/C
                            (rising edge-triggered cell FDRE clocked by sys_clk_pin  {rise@0.000ns fall@5.000ns period=10.000ns})
  Destination:            count_reg[11]/D
                            (rising edge-triggered cell FDRE clocked by sys_clk_pin  {rise@0.000ns fall@5.000ns period=10.000ns})
  Path Group:             sys_clk_pin
  Path Type:              Hold (Min at Fast Process Corner)
  Requirement:            0.000ns  (sys_clk_pin rise@0.000ns - sys_clk_pin rise@0.000ns)
  Data Path Delay:        0.419ns  (logic 0.285ns (68.085%)  route 0.134ns (31.915%))
  Logic Levels:           1  (CARRY4=1)
  Clock Path Skew:        0.000ns (DCD - SCD - CPR)
    Destination Clock Delay (DCD):    2.005ns
    Source Clock Delay      (SCD):    1.487ns
    Clock Pessimism Removal (CPR):    0.517ns

    Location             Delay type                Incr(ns)  Path(ns)    Netlist Resource(s)
  -------------------------------------------------------------------    -------------------
                         (clock sys_clk_pin rise edge)
                                                      0.000     0.000 r  
    E3                                                0.000     0.000 r  clk_in (IN)
                         net (fo=0)                   0.000     0.000    clk_in
    E3                   IBUF (Prop_ibuf_I_O)         0.250     0.250 r  clk_in_IBUF_inst/O
                         net (fo=1, routed)           0.644     0.894    clk_in_IBUF
    BUFGCTRL_X0Y16       BUFG (Prop_bufg_I_O)         0.026     0.920 r  clk_in_IBUF_BUFG_inst/O
                         net (fo=38, routed)          0.568     1.487    clk_in_IBUF_BUFG
    SLICE_X40Y53         FDRE                                         r  count_reg[10]/C
  -------------------------------------------------------------------    -------------------
    SLICE_X40Y53         FDRE (Prop_fdre_C_Q)         0.141     1.628 r  count_reg[10]/Q
                         net (fo=2, routed)           0.134     1.762    count_reg[10]
    SLICE_X40Y53         CARRY4 (Prop_carry4_S[2]_O[3])
                                                      0.144     1.906 r  count_reg[8]_i_1/O[3]
                         net (fo=1, routed)           0.000     1.906    count_reg[8]_i_1_n_4
    SLICE_X40Y53         FDRE                                         r  count_reg[11]/D
  -------------------------------------------------------------------    -------------------

                         (clock sys_clk_pin rise edge)
                                                      0.000     0.000 r  
    E3                                                0.000     0.000 r  clk_in (IN)
                         net (fo=0)                   0.000     0.000    clk_in
    E3                   IBUF (Prop_ibuf_I_O)         0.438     0.438 r  clk_in_IBUF_inst/O
                         net (fo=1, routed)           0.699     1.136    clk_in_IBUF
    BUFGCTRL_X0Y16       BUFG (Prop_bufg_I_O)         0.029     1.165 r  clk_in_IBUF_BUFG_inst/O
                         net (fo=38, routed)          0.840     2.005    clk_in_IBUF_BUFG
    SLICE_X40Y53         FDRE                                         r  count_reg[11]/C
                         clock pessimism             -0.517     1.487    
    SLICE_X40Y53         FDRE (Hold_fdre_C_D)         0.105     1.592    count_reg[11]
  -------------------------------------------------------------------
                         required time                         -1.592    
                         arrival time                           1.906    
  -------------------------------------------------------------------
                         slack                                  0.314    

Slack (MET) :             0.314ns  (arrival time - required time)
  Source:                 count_reg[14]/C
                            (rising edge-triggered cell FDRE clocked by sys_clk_pin  {rise@0.000ns fall@5.000ns period=10.000ns})
  Destination:            count_reg[15]/D
                            (rising edge-triggered cell FDRE clocked by sys_clk_pin  {rise@0.000ns fall@5.000ns period=10.000ns})
  Path Group:             sys_clk_pin
  Path Type:              Hold (Min at Fast Process Corner)
  Requirement:            0.000ns  (sys_clk_pin rise@0.000ns - sys_clk_pin rise@0.000ns)
  Data Path Delay:        0.419ns  (logic 0.285ns (68.075%)  route 0.134ns (31.925%))
  Logic Levels:           1  (CARRY4=1)
  Clock Path Skew:        0.000ns (DCD - SCD - CPR)
    Destination Clock Delay (DCD):    2.005ns
    Source Clock Delay      (SCD):    1.487ns
    Clock Pessimism Removal (CPR):    0.517ns

    Location             Delay type                Incr(ns)  Path(ns)    Netlist Resource(s)
  -------------------------------------------------------------------    -------------------
                         (clock sys_clk_pin rise edge)
                                                      0.000     0.000 r  
    E3                                                0.000     0.000 r  clk_in (IN)
                         net (fo=0)                   0.000     0.000    clk_in
    E3                   IBUF (Prop_ibuf_I_O)         0.250     0.250 r  clk_in_IBUF_inst/O
                         net (fo=1, routed)           0.644     0.894    clk_in_IBUF
    BUFGCTRL_X0Y16       BUFG (Prop_bufg_I_O)         0.026     0.920 r  clk_in_IBUF_BUFG_inst/O
                         net (fo=38, routed)          0.568     1.487    clk_in_IBUF_BUFG
    SLICE_X40Y54         FDRE                                         r  count_reg[14]/C
  -------------------------------------------------------------------    -------------------
    SLICE_X40Y54         FDRE (Prop_fdre_C_Q)         0.141     1.628 r  count_reg[14]/Q
                         net (fo=2, routed)           0.134     1.762    count_reg[14]
    SLICE_X40Y54         CARRY4 (Prop_carry4_S[2]_O[3])
                                                      0.144     1.906 r  count_reg[12]_i_1/O[3]
                         net (fo=1, routed)           0.000     1.906    count_reg[12]_i_1_n_4
    SLICE_X40Y54         FDRE                                         r  count_reg[15]/D
  -------------------------------------------------------------------    -------------------

                         (clock sys_clk_pin rise edge)
                                                      0.000     0.000 r  
    E3                                                0.000     0.000 r  clk_in (IN)
                         net (fo=0)                   0.000     0.000    clk_in
    E3                   IBUF (Prop_ibuf_I_O)         0.438     0.438 r  clk_in_IBUF_inst/O
                         net (fo=1, routed)           0.699     1.136    clk_in_IBUF
    BUFGCTRL_X0Y16       BUFG (Prop_bufg_I_O)         0.029     1.165 r  clk_in_IBUF_BUFG_inst/O
                         net (fo=38, routed)          0.840     2.005    clk_in_IBUF_BUFG
    SLICE_X40Y54         FDRE                                         r  count_reg[15]/C
                         clock pessimism             -0.517     1.487    
    SLICE_X40Y54         FDRE (Hold_fdre_C_D)         0.105     1.592    count_reg[15]
  -------------------------------------------------------------------
                         required time                         -1.592    
                         arrival time                           1.906    
  -------------------------------------------------------------------
                         slack                                  0.314    

Slack (MET) :             0.314ns  (arrival time - required time)
  Source:                 count_reg[18]/C
                            (rising edge-triggered cell FDRE clocked by sys_clk_pin  {rise@0.000ns fall@5.000ns period=10.000ns})
  Destination:            count_reg[19]/D
                            (rising edge-triggered cell FDRE clocked by sys_clk_pin  {rise@0.000ns fall@5.000ns period=10.000ns})
  Path Group:             sys_clk_pin
  Path Type:              Hold (Min at Fast Process Corner)
  Requirement:            0.000ns  (sys_clk_pin rise@0.000ns - sys_clk_pin rise@0.000ns)
  Data Path Delay:        0.419ns  (logic 0.285ns (68.075%)  route 0.134ns (31.925%))
  Logic Levels:           1  (CARRY4=1)
  Clock Path Skew:        0.000ns (DCD - SCD - CPR)
    Destination Clock Delay (DCD):    2.005ns
    Source Clock Delay      (SCD):    1.487ns
    Clock Pessimism Removal (CPR):    0.517ns

    Location             Delay type                Incr(ns)  Path(ns)    Netlist Resource(s)
  -------------------------------------------------------------------    -------------------
                         (clock sys_clk_pin rise edge)
                                                      0.000     0.000 r  
    E3                                                0.000     0.000 r  clk_in (IN)
                         net (fo=0)                   0.000     0.000    clk_in
    E3                   IBUF (Prop_ibuf_I_O)         0.250     0.250 r  clk_in_IBUF_inst/O
                         net (fo=1, routed)           0.644     0.894    clk_in_IBUF
    BUFGCTRL_X0Y16       BUFG (Prop_bufg_I_O)         0.026     0.920 r  clk_in_IBUF_BUFG_inst/O
                         net (fo=38, routed)          0.568     1.487    clk_in_IBUF_BUFG
    SLICE_X40Y55         FDRE                                         r  count_reg[18]/C
  -------------------------------------------------------------------    -------------------
    SLICE_X40Y55         FDRE (Prop_fdre_C_Q)         0.141     1.628 r  count_reg[18]/Q
                         net (fo=10, routed)          0.134     1.762    dig[1]
    SLICE_X40Y55         CARRY4 (Prop_carry4_S[2]_O[3])
                                                      0.144     1.906 r  count_reg[16]_i_1/O[3]
                         net (fo=1, routed)           0.000     1.906    count_reg[16]_i_1_n_4
    SLICE_X40Y55         FDRE                                         r  count_reg[19]/D
  -------------------------------------------------------------------    -------------------

                         (clock sys_clk_pin rise edge)
                                                      0.000     0.000 r  
    E3                                                0.000     0.000 r  clk_in (IN)
                         net (fo=0)                   0.000     0.000    clk_in
    E3                   IBUF (Prop_ibuf_I_O)         0.438     0.438 r  clk_in_IBUF_inst/O
                         net (fo=1, routed)           0.699     1.136    clk_in_IBUF
    BUFGCTRL_X0Y16       BUFG (Prop_bufg_I_O)         0.029     1.165 r  clk_in_IBUF_BUFG_inst/O
                         net (fo=38, routed)          0.840     2.005    clk_in_IBUF_BUFG
    SLICE_X40Y55         FDRE                                         r  count_reg[19]/C
                         clock pessimism             -0.517     1.487    
    SLICE_X40Y55         FDRE (Hold_fdre_C_D)         0.105     1.592    count_reg[19]
  -------------------------------------------------------------------
                         required time                         -1.592    
                         arrival time                           1.906    
  -------------------------------------------------------------------
                         slack                                  0.314    

Slack (MET) :             0.314ns  (arrival time - required time)
  Source:                 count_reg[2]/C
                            (rising edge-triggered cell FDRE clocked by sys_clk_pin  {rise@0.000ns fall@5.000ns period=10.000ns})
  Destination:            count_reg[3]/D
                            (rising edge-triggered cell FDRE clocked by sys_clk_pin  {rise@0.000ns fall@5.000ns period=10.000ns})
  Path Group:             sys_clk_pin
  Path Type:              Hold (Min at Fast Process Corner)
  Requirement:            0.000ns  (sys_clk_pin rise@0.000ns - sys_clk_pin rise@0.000ns)
  Data Path Delay:        0.419ns  (logic 0.285ns (68.075%)  route 0.134ns (31.925%))
  Logic Levels:           1  (CARRY4=1)
  Clock Path Skew:        0.000ns (DCD - SCD - CPR)
    Destination Clock Delay (DCD):    2.006ns
    Source Clock Delay      (SCD):    1.488ns
    Clock Pessimism Removal (CPR):    0.517ns

    Location             Delay type                Incr(ns)  Path(ns)    Netlist Resource(s)
  -------------------------------------------------------------------    -------------------
                         (clock sys_clk_pin rise edge)
                                                      0.000     0.000 r  
    E3                                                0.000     0.000 r  clk_in (IN)
                         net (fo=0)                   0.000     0.000    clk_in
    E3                   IBUF (Prop_ibuf_I_O)         0.250     0.250 r  clk_in_IBUF_inst/O
                         net (fo=1, routed)           0.644     0.894    clk_in_IBUF
    BUFGCTRL_X0Y16       BUFG (Prop_bufg_I_O)         0.026     0.920 r  clk_in_IBUF_BUFG_inst/O
                         net (fo=38, routed)          0.569     1.488    clk_in_IBUF_BUFG
    SLICE_X40Y51         FDRE                                         r  count_reg[2]/C
  -------------------------------------------------------------------    -------------------
    SLICE_X40Y51         FDRE (Prop_fdre_C_Q)         0.141     1.629 r  count_reg[2]/Q
                         net (fo=2, routed)           0.134     1.763    count_reg[2]
    SLICE_X40Y51         CARRY4 (Prop_carry4_S[2]_O[3])
                                                      0.144     1.907 r  count_reg[0]_i_1/O[3]
                         net (fo=1, routed)           0.000     1.907    count_reg[0]_i_1_n_4
    SLICE_X40Y51         FDRE                                         r  count_reg[3]/D
  -------------------------------------------------------------------    -------------------

                         (clock sys_clk_pin rise edge)
                                                      0.000     0.000 r  
    E3                                                0.000     0.000 r  clk_in (IN)
                         net (fo=0)                   0.000     0.000    clk_in
    E3                   IBUF (Prop_ibuf_I_O)         0.438     0.438 r  clk_in_IBUF_inst/O
                         net (fo=1, routed)           0.699     1.136    clk_in_IBUF
    BUFGCTRL_X0Y16       BUFG (Prop_bufg_I_O)         0.029     1.165 r  clk_in_IBUF_BUFG_inst/O
                         net (fo=38, routed)          0.841     2.006    clk_in_IBUF_BUFG
    SLICE_X40Y51         FDRE                                         r  count_reg[3]/C
                         clock pessimism             -0.517     1.488    
    SLICE_X40Y51         FDRE (Hold_fdre_C_D)         0.105     1.593    count_reg[3]
  -------------------------------------------------------------------
                         required time                         -1.593    
                         arrival time                           1.907    
  -------------------------------------------------------------------
                         slack                                  0.314    

Slack (MET) :             0.336ns  (arrival time - required time)
  Source:                 count_reg[0]/C
                            (rising edge-triggered cell FDRE clocked by sys_clk_pin  {rise@0.000ns fall@5.000ns period=10.000ns})
  Destination:            count_reg[0]/D
                            (rising edge-triggered cell FDRE clocked by sys_clk_pin  {rise@0.000ns fall@5.000ns period=10.000ns})
  Path Group:             sys_clk_pin
  Path Type:              Hold (Min at Fast Process Corner)
  Requirement:            0.000ns  (sys_clk_pin rise@0.000ns - sys_clk_pin rise@0.000ns)
  Data Path Delay:        0.441ns  (logic 0.256ns (58.085%)  route 0.185ns (41.915%))
  Logic Levels:           2  (CARRY4=1 LUT1=1)
  Clock Path Skew:        0.000ns (DCD - SCD - CPR)
    Destination Clock Delay (DCD):    2.006ns
    Source Clock Delay      (SCD):    1.488ns
    Clock Pessimism Removal (CPR):    0.517ns

    Location             Delay type                Incr(ns)  Path(ns)    Netlist Resource(s)
  -------------------------------------------------------------------    -------------------
                         (clock sys_clk_pin rise edge)
                                                      0.000     0.000 r  
    E3                                                0.000     0.000 r  clk_in (IN)
                         net (fo=0)                   0.000     0.000    clk_in
    E3                   IBUF (Prop_ibuf_I_O)         0.250     0.250 r  clk_in_IBUF_inst/O
                         net (fo=1, routed)           0.644     0.894    clk_in_IBUF
    BUFGCTRL_X0Y16       BUFG (Prop_bufg_I_O)         0.026     0.920 r  clk_in_IBUF_BUFG_inst/O
                         net (fo=38, routed)          0.569     1.488    clk_in_IBUF_BUFG
    SLICE_X40Y51         FDRE                                         r  count_reg[0]/C
  -------------------------------------------------------------------    -------------------
    SLICE_X40Y51         FDRE (Prop_fdre_C_Q)         0.141     1.629 f  count_reg[0]/Q
                         net (fo=2, routed)           0.185     1.814    count_reg[0]
    SLICE_X40Y51         LUT1 (Prop_lut1_I0_O)        0.045     1.859 r  count[0]_i_2/O
                         net (fo=1, routed)           0.000     1.859    count[0]_i_2_n_0
    SLICE_X40Y51         CARRY4 (Prop_carry4_S[0]_O[0])
                                                      0.070     1.929 r  count_reg[0]_i_1/O[0]
                         net (fo=1, routed)           0.000     1.929    count_reg[0]_i_1_n_7
    SLICE_X40Y51         FDRE                                         r  count_reg[0]/D
  -------------------------------------------------------------------    -------------------

                         (clock sys_clk_pin rise edge)
                                                      0.000     0.000 r  
    E3                                                0.000     0.000 r  clk_in (IN)
                         net (fo=0)                   0.000     0.000    clk_in
    E3                   IBUF (Prop_ibuf_I_O)         0.438     0.438 r  clk_in_IBUF_inst/O
                         net (fo=1, routed)           0.699     1.136    clk_in_IBUF
    BUFGCTRL_X0Y16       BUFG (Prop_bufg_I_O)         0.029     1.165 r  clk_in_IBUF_BUFG_inst/O
                         net (fo=38, routed)          0.841     2.006    clk_in_IBUF_BUFG
    SLICE_X40Y51         FDRE                                         r  count_reg[0]/C
                         clock pessimism             -0.517     1.488    
    SLICE_X40Y51         FDRE (Hold_fdre_C_D)         0.105     1.593    count_reg[0]
  -------------------------------------------------------------------
                         required time                         -1.593    
                         arrival time                           1.929    
  -------------------------------------------------------------------
                         slack                                  0.336    

Slack (MET) :             0.337ns  (arrival time - required time)
  Source:                 count_reg[5]/C
                            (rising edge-triggered cell FDRE clocked by sys_clk_pin  {rise@0.000ns fall@5.000ns period=10.000ns})
  Destination:            count_reg[5]/D
                            (rising edge-triggered cell FDRE clocked by sys_clk_pin  {rise@0.000ns fall@5.000ns period=10.000ns})
  Path Group:             sys_clk_pin
  Path Type:              Hold (Min at Fast Process Corner)
  Requirement:            0.000ns  (sys_clk_pin rise@0.000ns - sys_clk_pin rise@0.000ns)
  Data Path Delay:        0.442ns  (logic 0.251ns (56.744%)  route 0.191ns (43.256%))
  Logic Levels:           1  (CARRY4=1)
  Clock Path Skew:        0.000ns (DCD - SCD - CPR)
    Destination Clock Delay (DCD):    2.006ns
    Source Clock Delay      (SCD):    1.488ns
    Clock Pessimism Removal (CPR):    0.517ns

    Location             Delay type                Incr(ns)  Path(ns)    Netlist Resource(s)
  -------------------------------------------------------------------    -------------------
                         (clock sys_clk_pin rise edge)
                                                      0.000     0.000 r  
    E3                                                0.000     0.000 r  clk_in (IN)
                         net (fo=0)                   0.000     0.000    clk_in
    E3                   IBUF (Prop_ibuf_I_O)         0.250     0.250 r  clk_in_IBUF_inst/O
                         net (fo=1, routed)           0.644     0.894    clk_in_IBUF
    BUFGCTRL_X0Y16       BUFG (Prop_bufg_I_O)         0.026     0.920 r  clk_in_IBUF_BUFG_inst/O
                         net (fo=38, routed)          0.569     1.488    clk_in_IBUF_BUFG
    SLICE_X40Y52         FDRE                                         r  count_reg[5]/C
  -------------------------------------------------------------------    -------------------
    SLICE_X40Y52         FDRE (Prop_fdre_C_Q)         0.141     1.629 r  count_reg[5]/Q
                         net (fo=2, routed)           0.191     1.821    count_reg[5]
    SLICE_X40Y52         CARRY4 (Prop_carry4_S[1]_O[1])
                                                      0.110     1.931 r  count_reg[4]_i_1/O[1]
                         net (fo=1, routed)           0.000     1.931    count_reg[4]_i_1_n_6
    SLICE_X40Y52         FDRE                                         r  count_reg[5]/D
  -------------------------------------------------------------------    -------------------

                         (clock sys_clk_pin rise edge)
                                                      0.000     0.000 r  
    E3                                                0.000     0.000 r  clk_in (IN)
                         net (fo=0)                   0.000     0.000    clk_in
    E3                   IBUF (Prop_ibuf_I_O)         0.438     0.438 r  clk_in_IBUF_inst/O
                         net (fo=1, routed)           0.699     1.136    clk_in_IBUF
    BUFGCTRL_X0Y16       BUFG (Prop_bufg_I_O)         0.029     1.165 r  clk_in_IBUF_BUFG_inst/O
                         net (fo=38, routed)          0.841     2.006    clk_in_IBUF_BUFG
    SLICE_X40Y52         FDRE                                         r  count_reg[5]/C
                         clock pessimism             -0.517     1.488    
    SLICE_X40Y52         FDRE (Hold_fdre_C_D)         0.105     1.593    count_reg[5]
  -------------------------------------------------------------------
                         required time                         -1.593    
                         arrival time                           1.931    
  -------------------------------------------------------------------
                         slack                                  0.337    





Pulse Width Checks
--------------------------------------------------------------------------------------
Clock Name:         sys_clk_pin
Waveform(ns):       { 0.000 5.000 }
Period(ns):         10.000
Sources:            { clk_in }

Check Type        Corner  Lib Pin            Reference Pin  Required(ns)  Actual(ns)  Slack(ns)  Location         Pin
Min Period        n/a     BUFG/I             n/a            2.155         10.000      7.845      BUFGCTRL_X0Y16   clk_in_IBUF_BUFG_inst/I
Min Period        n/a     MMCME2_ADV/CLKIN1  n/a            1.249         10.000      8.751      MMCME2_ADV_X0Y0  clk_wiz_0_inst/U0/mmcm_adv_inst/CLKIN1
Min Period        n/a     FDRE/C             n/a            1.000         10.000      9.000      SLICE_X40Y51     count_reg[0]/C
Min Period        n/a     FDRE/C             n/a            1.000         10.000      9.000      SLICE_X40Y53     count_reg[10]/C
Min Period        n/a     FDRE/C             n/a            1.000         10.000      9.000      SLICE_X40Y53     count_reg[11]/C
Min Period        n/a     FDRE/C             n/a            1.000         10.000      9.000      SLICE_X40Y54     count_reg[12]/C
Min Period        n/a     FDRE/C             n/a            1.000         10.000      9.000      SLICE_X40Y54     count_reg[13]/C
Min Period        n/a     FDRE/C             n/a            1.000         10.000      9.000      SLICE_X40Y54     count_reg[14]/C
Min Period        n/a     FDRE/C             n/a            1.000         10.000      9.000      SLICE_X40Y54     count_reg[15]/C
Min Period        n/a     FDRE/C             n/a            1.000         10.000      9.000      SLICE_X40Y55     count_reg[16]/C
Max Period        n/a     MMCME2_ADV/CLKIN1  n/a            100.000       10.000      90.000     MMCME2_ADV_X0Y0  clk_wiz_0_inst/U0/mmcm_adv_inst/CLKIN1
Low Pulse Width   Slow    MMCME2_ADV/CLKIN1  n/a            2.000         5.000       3.000      MMCME2_ADV_X0Y0  clk_wiz_0_inst/U0/mmcm_adv_inst/CLKIN1
Low Pulse Width   Fast    MMCME2_ADV/CLKIN1  n/a            2.000         5.000       3.000      MMCME2_ADV_X0Y0  clk_wiz_0_inst/U0/mmcm_adv_inst/CLKIN1
Low Pulse Width   Slow    FDRE/C             n/a            0.500         5.000       4.500      SLICE_X40Y51     count_reg[0]/C
Low Pulse Width   Fast    FDRE/C             n/a            0.500         5.000       4.500      SLICE_X40Y51     count_reg[0]/C
Low Pulse Width   Slow    FDRE/C             n/a            0.500         5.000       4.500      SLICE_X40Y53     count_reg[10]/C
Low Pulse Width   Fast    FDRE/C             n/a            0.500         5.000       4.500      SLICE_X40Y53     count_reg[10]/C
Low Pulse Width   Slow    FDRE/C             n/a            0.500         5.000       4.500      SLICE_X40Y53     count_reg[11]/C
Low Pulse Width   Fast    FDRE/C             n/a            0.500         5.000       4.500      SLICE_X40Y53     count_reg[11]/C
Low Pulse Width   Slow    FDRE/C             n/a            0.500         5.000       4.500      SLICE_X40Y54     count_reg[12]/C
Low Pulse Width   Fast    FDRE/C             n/a            0.500         5.000       4.500      SLICE_X40Y54     count_reg[12]/C
High Pulse Width  Slow    MMCME2_ADV/CLKIN1  n/a            2.000         5.000       3.000      MMCME2_ADV_X0Y0  clk_wiz_0_inst/U0/mmcm_adv_inst/CLKIN1
High Pulse Width  Fast    MMCME2_ADV/CLKIN1  n/a            2.000         5.000       3.000      MMCME2_ADV_X0Y0  clk_wiz_0_inst/U0/mmcm_adv_inst/CLKIN1
High Pulse Width  Slow    FDRE/C             n/a            0.500         5.000       4.500      SLICE_X40Y51     count_reg[0]/C
High Pulse Width  Fast    FDRE/C             n/a            0.500         5.000       4.500      SLICE_X40Y51     count_reg[0]/C
High Pulse Width  Slow    FDRE/C             n/a            0.500         5.000       4.500      SLICE_X40Y53     count_reg[10]/C
High Pulse Width  Fast    FDRE/C             n/a            0.500         5.000       4.500      SLICE_X40Y53     count_reg[10]/C
High Pulse Width  Slow    FDRE/C             n/a            0.500         5.000       4.500      SLICE_X40Y53     count_reg[11]/C
High Pulse Width  Fast    FDRE/C             n/a            0.500         5.000       4.500      SLICE_X40Y53     count_reg[11]/C
High Pulse Width  Slow    FDRE/C             n/a            0.500         5.000       4.500      SLICE_X40Y54     count_reg[12]/C
High Pulse Width  Fast    FDRE/C             n/a            0.500         5.000       4.500      SLICE_X40Y54     count_reg[12]/C



---------------------------------------------------------------------------------------------------
From Clock:  clk_out1_clk_wiz_0
  To Clock:  clk_out1_clk_wiz_0

Setup :            0  Failing Endpoints,  Worst Slack        9.916ns,  Total Violation        0.000ns
Hold  :            0  Failing Endpoints,  Worst Slack        0.122ns,  Total Violation        0.000ns
PW    :            0  Failing Endpoints,  Worst Slack       11.969ns,  Total Violation        0.000ns
---------------------------------------------------------------------------------------------------


Max Delay Paths
--------------------------------------------------------------------------------------
Slack (MET) :             9.916ns  (required time - arrival time)
  Source:                 vga_driver/pixel_col_reg[8]_rep__0/C
                            (rising edge-triggered cell FDRE clocked by clk_out1_clk_wiz_0  {rise@0.000ns fall@12.469ns period=24.938ns})
  Destination:            vga_driver/blue_out_reg[3]/D
                            (rising edge-triggered cell FDRE clocked by clk_out1_clk_wiz_0  {rise@0.000ns fall@12.469ns period=24.938ns})
  Path Group:             clk_out1_clk_wiz_0
  Path Type:              Setup (Max at Slow Process Corner)
  Requirement:            24.938ns  (clk_out1_clk_wiz_0 rise@24.938ns - clk_out1_clk_wiz_0 rise@0.000ns)
  Data Path Delay:        14.934ns  (logic 1.696ns (11.356%)  route 13.238ns (88.644%))
  Logic Levels:           10  (LUT4=1 LUT5=1 LUT6=8)
  Clock Path Skew:        -0.036ns (DCD - SCD + CPR)
    Destination Clock Delay (DCD):    4.929ns = ( 29.867 - 24.938 ) 
    Source Clock Delay      (SCD):    5.224ns
    Clock Pessimism Removal (CPR):    0.259ns
  Clock Uncertainty:      0.084ns  ((TSJ^2 + DJ^2)^1/2) / 2 + PE
    Total System Jitter     (TSJ):    0.071ns
    Discrete Jitter          (DJ):    0.152ns
    Phase Error              (PE):    0.000ns

    Location             Delay type                Incr(ns)  Path(ns)    Netlist Resource(s)
  -------------------------------------------------------------------    -------------------
                         (clock clk_out1_clk_wiz_0 rise edge)
                                                      0.000     0.000 r  
    E3                                                0.000     0.000 r  clk_in (IN)
                         net (fo=0)                   0.000     0.000    clk_in
    E3                   IBUF (Prop_ibuf_I_O)         1.482     1.482 r  clk_in_IBUF_inst/O
                         net (fo=1, routed)           2.025     3.506    clk_in_IBUF
    BUFGCTRL_X0Y16       BUFG (Prop_bufg_I_O)         0.096     3.602 r  clk_in_IBUF_BUFG_inst/O
                         net (fo=38, routed)          1.809     5.412    clk_wiz_0_inst/U0/clk_in1
    MMCME2_ADV_X0Y0      MMCME2_ADV (Prop_mmcme2_adv_CLKIN1_CLKOUT0)
                                                     -3.922     1.490 r  clk_wiz_0_inst/U0/mmcm_adv_inst/CLKOUT0
                         net (fo=1, routed)           2.018     3.508    clk_wiz_0_inst/U0/clk_out1_clk_wiz_0
    BUFGCTRL_X0Y1        BUFG (Prop_bufg_I_O)         0.096     3.604 r  clk_wiz_0_inst/U0/clkout1_buf/O
                         net (fo=72, routed)          1.619     5.224    vga_driver/clk_out1
    SLICE_X51Y68         FDRE                                         r  vga_driver/pixel_col_reg[8]_rep__0/C
  -------------------------------------------------------------------    -------------------
    SLICE_X51Y68         FDRE (Prop_fdre_C_Q)         0.456     5.680 f  vga_driver/pixel_col_reg[8]_rep__0/Q
                         net (fo=178, routed)         4.667    10.347    vga_driver/pixel_col_reg[8]_rep__0_n_0
    SLICE_X31Y78         LUT4 (Prop_lut4_I0_O)        0.124    10.471 f  vga_driver/blue_out[3]_i_1045/O
                         net (fo=3, routed)           1.073    11.544    vga_driver/blue_out[3]_i_1045_n_0
    SLICE_X32Y82         LUT6 (Prop_lut6_I0_O)        0.124    11.668 r  vga_driver/blue_out[3]_i_705/O
                         net (fo=7, routed)           1.653    13.321    vga_driver/blue_out[3]_i_705_n_0
    SLICE_X44Y77         LUT5 (Prop_lut5_I1_O)        0.124    13.445 r  vga_driver/blue_out[3]_i_1281/O
                         net (fo=1, routed)           1.033    14.478    vga_driver/blue_out[3]_i_1281_n_0
    SLICE_X46Y77         LUT6 (Prop_lut6_I0_O)        0.124    14.602 r  vga_driver/blue_out[3]_i_824/O
                         net (fo=1, routed)           0.962    15.564    vga_driver/blue_out[3]_i_824_n_0
    SLICE_X46Y79         LUT6 (Prop_lut6_I0_O)        0.124    15.688 r  vga_driver/blue_out[3]_i_458/O
                         net (fo=1, routed)           0.549    16.237    vga_driver/blue_out[3]_i_458_n_0
    SLICE_X43Y79         LUT6 (Prop_lut6_I3_O)        0.124    16.361 r  vga_driver/blue_out[3]_i_224/O
                         net (fo=1, routed)           0.878    17.239    vga_driver/blue_out[3]_i_224_n_0
    SLICE_X36Y78         LUT6 (Prop_lut6_I3_O)        0.124    17.363 r  vga_driver/blue_out[3]_i_80/O
                         net (fo=1, routed)           0.977    18.340    vga_driver/blue_out[3]_i_80_n_0
    SLICE_X41Y70         LUT6 (Prop_lut6_I2_O)        0.124    18.464 r  vga_driver/blue_out[3]_i_22/O
                         net (fo=1, routed)           0.299    18.763    vga_driver/blue_out[3]_i_22_n_0
    SLICE_X40Y69         LUT6 (Prop_lut6_I2_O)        0.124    18.887 r  vga_driver/blue_out[3]_i_5/O
                         net (fo=1, routed)           1.147    20.034    vga_driver/blue_out[3]_i_5_n_0
    SLICE_X48Y66         LUT6 (Prop_lut6_I2_O)        0.124    20.158 r  vga_driver/blue_out[3]_i_1_comp/O
                         net (fo=1, routed)           0.000    20.158    vga_driver/blue_out[3]_i_1_n_0
    SLICE_X48Y66         FDRE                                         r  vga_driver/blue_out_reg[3]/D
  -------------------------------------------------------------------    -------------------

                         (clock clk_out1_clk_wiz_0 rise edge)
                                                     24.938    24.938 r  
    E3                                                0.000    24.938 r  clk_in (IN)
                         net (fo=0)                   0.000    24.938    clk_in
    E3                   IBUF (Prop_ibuf_I_O)         1.411    26.350 r  clk_in_IBUF_inst/O
                         net (fo=1, routed)           1.920    28.270    clk_in_IBUF
    BUFGCTRL_X0Y16       BUFG (Prop_bufg_I_O)         0.091    28.361 r  clk_in_IBUF_BUFG_inst/O
                         net (fo=38, routed)          1.683    30.044    clk_wiz_0_inst/U0/clk_in1
    MMCME2_ADV_X0Y0      MMCME2_ADV (Prop_mmcme2_adv_CLKIN1_CLKOUT0)
                                                     -3.694    26.349 r  clk_wiz_0_inst/U0/mmcm_adv_inst/CLKOUT0
                         net (fo=1, routed)           1.923    28.273    clk_wiz_0_inst/U0/clk_out1_clk_wiz_0
    BUFGCTRL_X0Y1        BUFG (Prop_bufg_I_O)         0.091    28.364 r  clk_wiz_0_inst/U0/clkout1_buf/O
                         net (fo=72, routed)          1.503    29.867    vga_driver/clk_out1
    SLICE_X48Y66         FDRE                                         r  vga_driver/blue_out_reg[3]/C
                         clock pessimism              0.259    30.126    
                         clock uncertainty           -0.084    30.042    
    SLICE_X48Y66         FDRE (Setup_fdre_C_D)        0.032    30.074    vga_driver/blue_out_reg[3]
  -------------------------------------------------------------------
                         required time                         30.074    
                         arrival time                         -20.158    
  -------------------------------------------------------------------
                         slack                                  9.916    

Slack (MET) :             11.052ns  (required time - arrival time)
  Source:                 vga_driver/pixel_col_reg[1]/C
                            (rising edge-triggered cell FDRE clocked by clk_out1_clk_wiz_0  {rise@0.000ns fall@12.469ns period=24.938ns})
  Destination:            vga_driver/green_out_reg[3]/D
                            (rising edge-triggered cell FDRE clocked by clk_out1_clk_wiz_0  {rise@0.000ns fall@12.469ns period=24.938ns})
  Path Group:             clk_out1_clk_wiz_0
  Path Type:              Setup (Max at Slow Process Corner)
  Requirement:            24.938ns  (clk_out1_clk_wiz_0 rise@24.938ns - clk_out1_clk_wiz_0 rise@0.000ns)
  Data Path Delay:        13.729ns  (logic 1.802ns (13.126%)  route 11.927ns (86.874%))
  Logic Levels:           9  (LUT2=2 LUT5=1 LUT6=6)
  Clock Path Skew:        -0.106ns (DCD - SCD + CPR)
    Destination Clock Delay (DCD):    4.929ns = ( 29.867 - 24.938 ) 
    Source Clock Delay      (SCD):    5.222ns
    Clock Pessimism Removal (CPR):    0.187ns
  Clock Uncertainty:      0.084ns  ((TSJ^2 + DJ^2)^1/2) / 2 + PE
    Total System Jitter     (TSJ):    0.071ns
    Discrete Jitter          (DJ):    0.152ns
    Phase Error              (PE):    0.000ns

    Location             Delay type                Incr(ns)  Path(ns)    Netlist Resource(s)
  -------------------------------------------------------------------    -------------------
                         (clock clk_out1_clk_wiz_0 rise edge)
                                                      0.000     0.000 r  
    E3                                                0.000     0.000 r  clk_in (IN)
                         net (fo=0)                   0.000     0.000    clk_in
    E3                   IBUF (Prop_ibuf_I_O)         1.482     1.482 r  clk_in_IBUF_inst/O
                         net (fo=1, routed)           2.025     3.506    clk_in_IBUF
    BUFGCTRL_X0Y16       BUFG (Prop_bufg_I_O)         0.096     3.602 r  clk_in_IBUF_BUFG_inst/O
                         net (fo=38, routed)          1.809     5.412    clk_wiz_0_inst/U0/clk_in1
    MMCME2_ADV_X0Y0      MMCME2_ADV (Prop_mmcme2_adv_CLKIN1_CLKOUT0)
                                                     -3.922     1.490 r  clk_wiz_0_inst/U0/mmcm_adv_inst/CLKOUT0
                         net (fo=1, routed)           2.018     3.508    clk_wiz_0_inst/U0/clk_out1_clk_wiz_0
    BUFGCTRL_X0Y1        BUFG (Prop_bufg_I_O)         0.096     3.604 r  clk_wiz_0_inst/U0/clkout1_buf/O
                         net (fo=72, routed)          1.617     5.222    vga_driver/clk_out1
    SLICE_X59Y68         FDRE                                         r  vga_driver/pixel_col_reg[1]/C
  -------------------------------------------------------------------    -------------------
    SLICE_X59Y68         FDRE (Prop_fdre_C_Q)         0.456     5.678 f  vga_driver/pixel_col_reg[1]/Q
                         net (fo=181, routed)         5.024    10.702    vga_driver/Q[1]
    SLICE_X32Y73         LUT5 (Prop_lut5_I2_O)        0.152    10.854 f  vga_driver/green_out[3]_i_98/O
                         net (fo=1, routed)           0.851    11.705    vga_driver/green_out[3]_i_98_n_0
    SLICE_X32Y73         LUT6 (Prop_lut6_I0_O)        0.326    12.031 r  vga_driver/green_out[3]_i_62/O
                         net (fo=5, routed)           1.123    13.154    vga_driver/green_out[3]_i_62_n_0
    SLICE_X31Y64         LUT2 (Prop_lut2_I1_O)        0.124    13.278 r  vga_driver/green_out[3]_i_28/O
                         net (fo=4, routed)           1.037    14.316    vga_driver/green_out[3]_i_28_n_0
    SLICE_X29Y60         LUT2 (Prop_lut2_I1_O)        0.124    14.440 r  vga_driver/green_out[3]_i_80/O
                         net (fo=2, routed)           0.821    15.261    vga_driver/green_out[3]_i_80_n_0
    SLICE_X28Y61         LUT6 (Prop_lut6_I4_O)        0.124    15.385 r  vga_driver/green_out[3]_i_64/O
                         net (fo=1, routed)           0.280    15.665    vga_driver/green_out[3]_i_64_n_0
    SLICE_X28Y61         LUT6 (Prop_lut6_I0_O)        0.124    15.789 r  vga_driver/green_out[3]_i_32/O
                         net (fo=1, routed)           0.543    16.331    vga_driver/green_out[3]_i_32_n_0
    SLICE_X29Y60         LUT6 (Prop_lut6_I5_O)        0.124    16.455 r  vga_driver/green_out[3]_i_8/O
                         net (fo=1, routed)           0.817    17.272    vga_driver/green_out[3]_i_8_n_0
    SLICE_X30Y60         LUT6 (Prop_lut6_I2_O)        0.124    17.396 r  vga_driver/green_out[3]_i_2/O
                         net (fo=1, routed)           1.430    18.826    vga_driver/green_out[3]_i_2_n_0
    SLICE_X49Y66         LUT6 (Prop_lut6_I2_O)        0.124    18.950 r  vga_driver/green_out[3]_i_1_comp/O
                         net (fo=1, routed)           0.000    18.950    vga_driver/green_out[3]_i_1_n_0
    SLICE_X49Y66         FDRE                                         r  vga_driver/green_out_reg[3]/D
  -------------------------------------------------------------------    -------------------

                         (clock clk_out1_clk_wiz_0 rise edge)
                                                     24.938    24.938 r  
    E3                                                0.000    24.938 r  clk_in (IN)
                         net (fo=0)                   0.000    24.938    clk_in
    E3                   IBUF (Prop_ibuf_I_O)         1.411    26.350 r  clk_in_IBUF_inst/O
                         net (fo=1, routed)           1.920    28.270    clk_in_IBUF
    BUFGCTRL_X0Y16       BUFG (Prop_bufg_I_O)         0.091    28.361 r  clk_in_IBUF_BUFG_inst/O
                         net (fo=38, routed)          1.683    30.044    clk_wiz_0_inst/U0/clk_in1
    MMCME2_ADV_X0Y0      MMCME2_ADV (Prop_mmcme2_adv_CLKIN1_CLKOUT0)
                                                     -3.694    26.349 r  clk_wiz_0_inst/U0/mmcm_adv_inst/CLKOUT0
                         net (fo=1, routed)           1.923    28.273    clk_wiz_0_inst/U0/clk_out1_clk_wiz_0
    BUFGCTRL_X0Y1        BUFG (Prop_bufg_I_O)         0.091    28.364 r  clk_wiz_0_inst/U0/clkout1_buf/O
                         net (fo=72, routed)          1.503    29.867    vga_driver/clk_out1
    SLICE_X49Y66         FDRE                                         r  vga_driver/green_out_reg[3]/C
                         clock pessimism              0.187    30.054    
                         clock uncertainty           -0.084    29.970    
    SLICE_X49Y66         FDRE (Setup_fdre_C_D)        0.032    30.002    vga_driver/green_out_reg[3]
  -------------------------------------------------------------------
                         required time                         30.002    
                         arrival time                         -18.950    
  -------------------------------------------------------------------
                         slack                                 11.052    

Slack (MET) :             12.075ns  (required time - arrival time)
  Source:                 vga_driver/pixel_col_reg[1]/C
                            (rising edge-triggered cell FDRE clocked by clk_out1_clk_wiz_0  {rise@0.000ns fall@12.469ns period=24.938ns})
  Destination:            vga_driver/red_out_reg[3]/D
                            (rising edge-triggered cell FDRE clocked by clk_out1_clk_wiz_0  {rise@0.000ns fall@12.469ns period=24.938ns})
  Path Group:             clk_out1_clk_wiz_0
  Path Type:              Setup (Max at Slow Process Corner)
  Requirement:            24.938ns  (clk_out1_clk_wiz_0 rise@24.938ns - clk_out1_clk_wiz_0 rise@0.000ns)
  Data Path Delay:        12.705ns  (logic 1.682ns (13.239%)  route 11.023ns (86.761%))
  Logic Levels:           8  (LUT4=1 LUT5=2 LUT6=5)
  Clock Path Skew:        -0.105ns (DCD - SCD + CPR)
    Destination Clock Delay (DCD):    4.930ns = ( 29.868 - 24.938 ) 
    Source Clock Delay      (SCD):    5.222ns
    Clock Pessimism Removal (CPR):    0.187ns
  Clock Uncertainty:      0.084ns  ((TSJ^2 + DJ^2)^1/2) / 2 + PE
    Total System Jitter     (TSJ):    0.071ns
    Discrete Jitter          (DJ):    0.152ns
    Phase Error              (PE):    0.000ns

    Location             Delay type                Incr(ns)  Path(ns)    Netlist Resource(s)
  -------------------------------------------------------------------    -------------------
                         (clock clk_out1_clk_wiz_0 rise edge)
                                                      0.000     0.000 r  
    E3                                                0.000     0.000 r  clk_in (IN)
                         net (fo=0)                   0.000     0.000    clk_in
    E3                   IBUF (Prop_ibuf_I_O)         1.482     1.482 r  clk_in_IBUF_inst/O
                         net (fo=1, routed)           2.025     3.506    clk_in_IBUF
    BUFGCTRL_X0Y16       BUFG (Prop_bufg_I_O)         0.096     3.602 r  clk_in_IBUF_BUFG_inst/O
                         net (fo=38, routed)          1.809     5.412    clk_wiz_0_inst/U0/clk_in1
    MMCME2_ADV_X0Y0      MMCME2_ADV (Prop_mmcme2_adv_CLKIN1_CLKOUT0)
                                                     -3.922     1.490 r  clk_wiz_0_inst/U0/mmcm_adv_inst/CLKOUT0
                         net (fo=1, routed)           2.018     3.508    clk_wiz_0_inst/U0/clk_out1_clk_wiz_0
    BUFGCTRL_X0Y1        BUFG (Prop_bufg_I_O)         0.096     3.604 r  clk_wiz_0_inst/U0/clkout1_buf/O
                         net (fo=72, routed)          1.617     5.222    vga_driver/clk_out1
    SLICE_X59Y68         FDRE                                         r  vga_driver/pixel_col_reg[1]/C
  -------------------------------------------------------------------    -------------------
    SLICE_X59Y68         FDRE (Prop_fdre_C_Q)         0.456     5.678 f  vga_driver/pixel_col_reg[1]/Q
                         net (fo=181, routed)         4.133     9.811    vga_driver/Q[1]
    SLICE_X33Y67         LUT4 (Prop_lut4_I0_O)        0.150     9.961 f  vga_driver/red_out[3]_i_50/O
                         net (fo=13, routed)          1.357    11.318    vga_driver/red_out[3]_i_50_n_0
    SLICE_X30Y69         LUT6 (Prop_lut6_I5_O)        0.332    11.650 r  vga_driver/green_out[3]_i_102/O
                         net (fo=2, routed)           1.280    12.931    vga_driver/green_out[3]_i_102_n_0
    SLICE_X28Y65         LUT5 (Prop_lut5_I1_O)        0.124    13.055 r  vga_driver/green_out[3]_i_68/O
                         net (fo=1, routed)           0.859    13.913    vga_driver/green_out[3]_i_68_n_0
    SLICE_X28Y63         LUT5 (Prop_lut5_I4_O)        0.124    14.037 r  vga_driver/green_out[3]_i_35/O
                         net (fo=2, routed)           0.820    14.858    vga_driver/green_out[3]_i_35_n_0
    SLICE_X29Y62         LUT6 (Prop_lut6_I4_O)        0.124    14.982 r  vga_driver/red_out[3]_i_62/O
                         net (fo=1, routed)           0.444    15.426    vga_driver/red_out[3]_i_62_n_0
    SLICE_X30Y61         LUT6 (Prop_lut6_I5_O)        0.124    15.550 r  vga_driver/red_out[3]_i_18/O
                         net (fo=1, routed)           0.466    16.016    vga_driver/red_out[3]_i_18_n_0
    SLICE_X30Y61         LUT6 (Prop_lut6_I1_O)        0.124    16.140 r  vga_driver/red_out[3]_i_4/O
                         net (fo=1, routed)           1.663    17.803    vga_driver/red_out[3]_i_4_n_0
    SLICE_X48Y65         LUT6 (Prop_lut6_I4_O)        0.124    17.927 r  vga_driver/red_out[3]_i_1/O
                         net (fo=1, routed)           0.000    17.927    vga_driver/red_out[3]_i_1_n_0
    SLICE_X48Y65         FDRE                                         r  vga_driver/red_out_reg[3]/D
  -------------------------------------------------------------------    -------------------

                         (clock clk_out1_clk_wiz_0 rise edge)
                                                     24.938    24.938 r  
    E3                                                0.000    24.938 r  clk_in (IN)
                         net (fo=0)                   0.000    24.938    clk_in
    E3                   IBUF (Prop_ibuf_I_O)         1.411    26.350 r  clk_in_IBUF_inst/O
                         net (fo=1, routed)           1.920    28.270    clk_in_IBUF
    BUFGCTRL_X0Y16       BUFG (Prop_bufg_I_O)         0.091    28.361 r  clk_in_IBUF_BUFG_inst/O
                         net (fo=38, routed)          1.683    30.044    clk_wiz_0_inst/U0/clk_in1
    MMCME2_ADV_X0Y0      MMCME2_ADV (Prop_mmcme2_adv_CLKIN1_CLKOUT0)
                                                     -3.694    26.349 r  clk_wiz_0_inst/U0/mmcm_adv_inst/CLKOUT0
                         net (fo=1, routed)           1.923    28.273    clk_wiz_0_inst/U0/clk_out1_clk_wiz_0
    BUFGCTRL_X0Y1        BUFG (Prop_bufg_I_O)         0.091    28.364 r  clk_wiz_0_inst/U0/clkout1_buf/O
                         net (fo=72, routed)          1.504    29.868    vga_driver/clk_out1
    SLICE_X48Y65         FDRE                                         r  vga_driver/red_out_reg[3]/C
                         clock pessimism              0.187    30.055    
                         clock uncertainty           -0.084    29.971    
    SLICE_X48Y65         FDRE (Setup_fdre_C_D)        0.031    30.002    vga_driver/red_out_reg[3]
  -------------------------------------------------------------------
                         required time                         30.002    
                         arrival time                         -17.927    
  -------------------------------------------------------------------
                         slack                                 12.075    

Slack (MET) :             18.985ns  (required time - arrival time)
  Source:                 vga_driver/h_cnt_reg[1]/C
                            (rising edge-triggered cell FDRE clocked by clk_out1_clk_wiz_0  {rise@0.000ns fall@12.469ns period=24.938ns})
  Destination:            vga_driver/v_cnt_reg[2]/R
                            (rising edge-triggered cell FDRE clocked by clk_out1_clk_wiz_0  {rise@0.000ns fall@12.469ns period=24.938ns})
  Path Group:             clk_out1_clk_wiz_0
  Path Type:              Setup (Max at Slow Process Corner)
  Requirement:            24.938ns  (clk_out1_clk_wiz_0 rise@24.938ns - clk_out1_clk_wiz_0 rise@0.000ns)
  Data Path Delay:        5.302ns  (logic 1.251ns (23.596%)  route 4.051ns (76.404%))
  Logic Levels:           3  (LUT4=1 LUT6=2)
  Clock Path Skew:        -0.044ns (DCD - SCD + CPR)
    Destination Clock Delay (DCD):    4.923ns = ( 29.861 - 24.938 ) 
    Source Clock Delay      (SCD):    5.226ns
    Clock Pessimism Removal (CPR):    0.259ns
  Clock Uncertainty:      0.084ns  ((TSJ^2 + DJ^2)^1/2) / 2 + PE
    Total System Jitter     (TSJ):    0.071ns
    Discrete Jitter          (DJ):    0.152ns
    Phase Error              (PE):    0.000ns

    Location             Delay type                Incr(ns)  Path(ns)    Netlist Resource(s)
  -------------------------------------------------------------------    -------------------
                         (clock clk_out1_clk_wiz_0 rise edge)
                                                      0.000     0.000 r  
    E3                                                0.000     0.000 r  clk_in (IN)
                         net (fo=0)                   0.000     0.000    clk_in
    E3                   IBUF (Prop_ibuf_I_O)         1.482     1.482 r  clk_in_IBUF_inst/O
                         net (fo=1, routed)           2.025     3.506    clk_in_IBUF
    BUFGCTRL_X0Y16       BUFG (Prop_bufg_I_O)         0.096     3.602 r  clk_in_IBUF_BUFG_inst/O
                         net (fo=38, routed)          1.809     5.412    clk_wiz_0_inst/U0/clk_in1
    MMCME2_ADV_X0Y0      MMCME2_ADV (Prop_mmcme2_adv_CLKIN1_CLKOUT0)
                                                     -3.922     1.490 r  clk_wiz_0_inst/U0/mmcm_adv_inst/CLKOUT0
                         net (fo=1, routed)           2.018     3.508    clk_wiz_0_inst/U0/clk_out1_clk_wiz_0
    BUFGCTRL_X0Y1        BUFG (Prop_bufg_I_O)         0.096     3.604 r  clk_wiz_0_inst/U0/clkout1_buf/O
                         net (fo=72, routed)          1.621     5.226    vga_driver/clk_out1
    SLICE_X58Y65         FDRE                                         r  vga_driver/h_cnt_reg[1]/C
  -------------------------------------------------------------------    -------------------
    SLICE_X58Y65         FDRE (Prop_fdre_C_Q)         0.478     5.704 r  vga_driver/h_cnt_reg[1]/Q
                         net (fo=9, routed)           1.189     6.892    vga_driver/h_cnt_reg[1]
    SLICE_X57Y66         LUT4 (Prop_lut4_I2_O)        0.323     7.215 f  vga_driver/v_cnt[10]_i_6/O
                         net (fo=1, routed)           0.833     8.048    vga_driver/v_cnt[10]_i_6_n_0
    SLICE_X58Y66         LUT6 (Prop_lut6_I1_O)        0.326     8.374 r  vga_driver/v_cnt[10]_i_2/O
                         net (fo=12, routed)          1.204     9.578    vga_driver/eqOp
    SLICE_X58Y64         LUT6 (Prop_lut6_I0_O)        0.124     9.702 r  vga_driver/v_cnt[10]_i_1/O
                         net (fo=10, routed)          0.825    10.527    vga_driver/v_cnt0
    SLICE_X56Y63         FDRE                                         r  vga_driver/v_cnt_reg[2]/R
  -------------------------------------------------------------------    -------------------

                         (clock clk_out1_clk_wiz_0 rise edge)
                                                     24.938    24.938 r  
    E3                                                0.000    24.938 r  clk_in (IN)
                         net (fo=0)                   0.000    24.938    clk_in
    E3                   IBUF (Prop_ibuf_I_O)         1.411    26.350 r  clk_in_IBUF_inst/O
                         net (fo=1, routed)           1.920    28.270    clk_in_IBUF
    BUFGCTRL_X0Y16       BUFG (Prop_bufg_I_O)         0.091    28.361 r  clk_in_IBUF_BUFG_inst/O
                         net (fo=38, routed)          1.683    30.044    clk_wiz_0_inst/U0/clk_in1
    MMCME2_ADV_X0Y0      MMCME2_ADV (Prop_mmcme2_adv_CLKIN1_CLKOUT0)
                                                     -3.694    26.349 r  clk_wiz_0_inst/U0/mmcm_adv_inst/CLKOUT0
                         net (fo=1, routed)           1.923    28.273    clk_wiz_0_inst/U0/clk_out1_clk_wiz_0
    BUFGCTRL_X0Y1        BUFG (Prop_bufg_I_O)         0.091    28.364 r  clk_wiz_0_inst/U0/clkout1_buf/O
                         net (fo=72, routed)          1.497    29.861    vga_driver/clk_out1
    SLICE_X56Y63         FDRE                                         r  vga_driver/v_cnt_reg[2]/C
                         clock pessimism              0.259    30.120    
                         clock uncertainty           -0.084    30.036    
    SLICE_X56Y63         FDRE (Setup_fdre_C_R)       -0.524    29.512    vga_driver/v_cnt_reg[2]
  -------------------------------------------------------------------
                         required time                         29.512    
                         arrival time                         -10.527    
  -------------------------------------------------------------------
                         slack                                 18.985    

Slack (MET) :             19.240ns  (required time - arrival time)
  Source:                 vga_driver/h_cnt_reg[1]/C
                            (rising edge-triggered cell FDRE clocked by clk_out1_clk_wiz_0  {rise@0.000ns fall@12.469ns period=24.938ns})
  Destination:            vga_driver/v_cnt_reg[6]/R
                            (rising edge-triggered cell FDRE clocked by clk_out1_clk_wiz_0  {rise@0.000ns fall@12.469ns period=24.938ns})
  Path Group:             clk_out1_clk_wiz_0
  Path Type:              Setup (Max at Slow Process Corner)
  Requirement:            24.938ns  (clk_out1_clk_wiz_0 rise@24.938ns - clk_out1_clk_wiz_0 rise@0.000ns)
  Data Path Delay:        5.162ns  (logic 1.251ns (24.233%)  route 3.911ns (75.767%))
  Logic Levels:           3  (LUT4=1 LUT6=2)
  Clock Path Skew:        -0.023ns (DCD - SCD + CPR)
    Destination Clock Delay (DCD):    4.927ns = ( 29.865 - 24.938 ) 
    Source Clock Delay      (SCD):    5.226ns
    Clock Pessimism Removal (CPR):    0.276ns
  Clock Uncertainty:      0.084ns  ((TSJ^2 + DJ^2)^1/2) / 2 + PE
    Total System Jitter     (TSJ):    0.071ns
    Discrete Jitter          (DJ):    0.152ns
    Phase Error              (PE):    0.000ns

    Location             Delay type                Incr(ns)  Path(ns)    Netlist Resource(s)
  -------------------------------------------------------------------    -------------------
                         (clock clk_out1_clk_wiz_0 rise edge)
                                                      0.000     0.000 r  
    E3                                                0.000     0.000 r  clk_in (IN)
                         net (fo=0)                   0.000     0.000    clk_in
    E3                   IBUF (Prop_ibuf_I_O)         1.482     1.482 r  clk_in_IBUF_inst/O
                         net (fo=1, routed)           2.025     3.506    clk_in_IBUF
    BUFGCTRL_X0Y16       BUFG (Prop_bufg_I_O)         0.096     3.602 r  clk_in_IBUF_BUFG_inst/O
                         net (fo=38, routed)          1.809     5.412    clk_wiz_0_inst/U0/clk_in1
    MMCME2_ADV_X0Y0      MMCME2_ADV (Prop_mmcme2_adv_CLKIN1_CLKOUT0)
                                                     -3.922     1.490 r  clk_wiz_0_inst/U0/mmcm_adv_inst/CLKOUT0
                         net (fo=1, routed)           2.018     3.508    clk_wiz_0_inst/U0/clk_out1_clk_wiz_0
    BUFGCTRL_X0Y1        BUFG (Prop_bufg_I_O)         0.096     3.604 r  clk_wiz_0_inst/U0/clkout1_buf/O
                         net (fo=72, routed)          1.621     5.226    vga_driver/clk_out1
    SLICE_X58Y65         FDRE                                         r  vga_driver/h_cnt_reg[1]/C
  -------------------------------------------------------------------    -------------------
    SLICE_X58Y65         FDRE (Prop_fdre_C_Q)         0.478     5.704 r  vga_driver/h_cnt_reg[1]/Q
                         net (fo=9, routed)           1.189     6.892    vga_driver/h_cnt_reg[1]
    SLICE_X57Y66         LUT4 (Prop_lut4_I2_O)        0.323     7.215 f  vga_driver/v_cnt[10]_i_6/O
                         net (fo=1, routed)           0.833     8.048    vga_driver/v_cnt[10]_i_6_n_0
    SLICE_X58Y66         LUT6 (Prop_lut6_I1_O)        0.326     8.374 r  vga_driver/v_cnt[10]_i_2/O
                         net (fo=12, routed)          1.204     9.578    vga_driver/eqOp
    SLICE_X58Y64         LUT6 (Prop_lut6_I0_O)        0.124     9.702 r  vga_driver/v_cnt[10]_i_1/O
                         net (fo=10, routed)          0.686    10.388    vga_driver/v_cnt0
    SLICE_X59Y64         FDRE                                         r  vga_driver/v_cnt_reg[6]/R
  -------------------------------------------------------------------    -------------------

                         (clock clk_out1_clk_wiz_0 rise edge)
                                                     24.938    24.938 r  
    E3                                                0.000    24.938 r  clk_in (IN)
                         net (fo=0)                   0.000    24.938    clk_in
    E3                   IBUF (Prop_ibuf_I_O)         1.411    26.350 r  clk_in_IBUF_inst/O
                         net (fo=1, routed)           1.920    28.270    clk_in_IBUF
    BUFGCTRL_X0Y16       BUFG (Prop_bufg_I_O)         0.091    28.361 r  clk_in_IBUF_BUFG_inst/O
                         net (fo=38, routed)          1.683    30.044    clk_wiz_0_inst/U0/clk_in1
    MMCME2_ADV_X0Y0      MMCME2_ADV (Prop_mmcme2_adv_CLKIN1_CLKOUT0)
                                                     -3.694    26.349 r  clk_wiz_0_inst/U0/mmcm_adv_inst/CLKOUT0
                         net (fo=1, routed)           1.923    28.273    clk_wiz_0_inst/U0/clk_out1_clk_wiz_0
    BUFGCTRL_X0Y1        BUFG (Prop_bufg_I_O)         0.091    28.364 r  clk_wiz_0_inst/U0/clkout1_buf/O
                         net (fo=72, routed)          1.501    29.865    vga_driver/clk_out1
    SLICE_X59Y64         FDRE                                         r  vga_driver/v_cnt_reg[6]/C
                         clock pessimism              0.276    30.141    
                         clock uncertainty           -0.084    30.057    
    SLICE_X59Y64         FDRE (Setup_fdre_C_R)       -0.429    29.628    vga_driver/v_cnt_reg[6]
  -------------------------------------------------------------------
                         required time                         29.628    
                         arrival time                         -10.388    
  -------------------------------------------------------------------
                         slack                                 19.240    

Slack (MET) :             19.240ns  (required time - arrival time)
  Source:                 vga_driver/h_cnt_reg[1]/C
                            (rising edge-triggered cell FDRE clocked by clk_out1_clk_wiz_0  {rise@0.000ns fall@12.469ns period=24.938ns})
  Destination:            vga_driver/v_cnt_reg[7]/R
                            (rising edge-triggered cell FDRE clocked by clk_out1_clk_wiz_0  {rise@0.000ns fall@12.469ns period=24.938ns})
  Path Group:             clk_out1_clk_wiz_0
  Path Type:              Setup (Max at Slow Process Corner)
  Requirement:            24.938ns  (clk_out1_clk_wiz_0 rise@24.938ns - clk_out1_clk_wiz_0 rise@0.000ns)
  Data Path Delay:        5.162ns  (logic 1.251ns (24.233%)  route 3.911ns (75.767%))
  Logic Levels:           3  (LUT4=1 LUT6=2)
  Clock Path Skew:        -0.023ns (DCD - SCD + CPR)
    Destination Clock Delay (DCD):    4.927ns = ( 29.865 - 24.938 ) 
    Source Clock Delay      (SCD):    5.226ns
    Clock Pessimism Removal (CPR):    0.276ns
  Clock Uncertainty:      0.084ns  ((TSJ^2 + DJ^2)^1/2) / 2 + PE
    Total System Jitter     (TSJ):    0.071ns
    Discrete Jitter          (DJ):    0.152ns
    Phase Error              (PE):    0.000ns

    Location             Delay type                Incr(ns)  Path(ns)    Netlist Resource(s)
  -------------------------------------------------------------------    -------------------
                         (clock clk_out1_clk_wiz_0 rise edge)
                                                      0.000     0.000 r  
    E3                                                0.000     0.000 r  clk_in (IN)
                         net (fo=0)                   0.000     0.000    clk_in
    E3                   IBUF (Prop_ibuf_I_O)         1.482     1.482 r  clk_in_IBUF_inst/O
                         net (fo=1, routed)           2.025     3.506    clk_in_IBUF
    BUFGCTRL_X0Y16       BUFG (Prop_bufg_I_O)         0.096     3.602 r  clk_in_IBUF_BUFG_inst/O
                         net (fo=38, routed)          1.809     5.412    clk_wiz_0_inst/U0/clk_in1
    MMCME2_ADV_X0Y0      MMCME2_ADV (Prop_mmcme2_adv_CLKIN1_CLKOUT0)
                                                     -3.922     1.490 r  clk_wiz_0_inst/U0/mmcm_adv_inst/CLKOUT0
                         net (fo=1, routed)           2.018     3.508    clk_wiz_0_inst/U0/clk_out1_clk_wiz_0
    BUFGCTRL_X0Y1        BUFG (Prop_bufg_I_O)         0.096     3.604 r  clk_wiz_0_inst/U0/clkout1_buf/O
                         net (fo=72, routed)          1.621     5.226    vga_driver/clk_out1
    SLICE_X58Y65         FDRE                                         r  vga_driver/h_cnt_reg[1]/C
  -------------------------------------------------------------------    -------------------
    SLICE_X58Y65         FDRE (Prop_fdre_C_Q)         0.478     5.704 r  vga_driver/h_cnt_reg[1]/Q
                         net (fo=9, routed)           1.189     6.892    vga_driver/h_cnt_reg[1]
    SLICE_X57Y66         LUT4 (Prop_lut4_I2_O)        0.323     7.215 f  vga_driver/v_cnt[10]_i_6/O
                         net (fo=1, routed)           0.833     8.048    vga_driver/v_cnt[10]_i_6_n_0
    SLICE_X58Y66         LUT6 (Prop_lut6_I1_O)        0.326     8.374 r  vga_driver/v_cnt[10]_i_2/O
                         net (fo=12, routed)          1.204     9.578    vga_driver/eqOp
    SLICE_X58Y64         LUT6 (Prop_lut6_I0_O)        0.124     9.702 r  vga_driver/v_cnt[10]_i_1/O
                         net (fo=10, routed)          0.686    10.388    vga_driver/v_cnt0
    SLICE_X59Y64         FDRE                                         r  vga_driver/v_cnt_reg[7]/R
  -------------------------------------------------------------------    -------------------

                         (clock clk_out1_clk_wiz_0 rise edge)
                                                     24.938    24.938 r  
    E3                                                0.000    24.938 r  clk_in (IN)
                         net (fo=0)                   0.000    24.938    clk_in
    E3                   IBUF (Prop_ibuf_I_O)         1.411    26.350 r  clk_in_IBUF_inst/O
                         net (fo=1, routed)           1.920    28.270    clk_in_IBUF
    BUFGCTRL_X0Y16       BUFG (Prop_bufg_I_O)         0.091    28.361 r  clk_in_IBUF_BUFG_inst/O
                         net (fo=38, routed)          1.683    30.044    clk_wiz_0_inst/U0/clk_in1
    MMCME2_ADV_X0Y0      MMCME2_ADV (Prop_mmcme2_adv_CLKIN1_CLKOUT0)
                                                     -3.694    26.349 r  clk_wiz_0_inst/U0/mmcm_adv_inst/CLKOUT0
                         net (fo=1, routed)           1.923    28.273    clk_wiz_0_inst/U0/clk_out1_clk_wiz_0
    BUFGCTRL_X0Y1        BUFG (Prop_bufg_I_O)         0.091    28.364 r  clk_wiz_0_inst/U0/clkout1_buf/O
                         net (fo=72, routed)          1.501    29.865    vga_driver/clk_out1
    SLICE_X59Y64         FDRE                                         r  vga_driver/v_cnt_reg[7]/C
                         clock pessimism              0.276    30.141    
                         clock uncertainty           -0.084    30.057    
    SLICE_X59Y64         FDRE (Setup_fdre_C_R)       -0.429    29.628    vga_driver/v_cnt_reg[7]
  -------------------------------------------------------------------
                         required time                         29.628    
                         arrival time                         -10.388    
  -------------------------------------------------------------------
                         slack                                 19.240    

Slack (MET) :             19.382ns  (required time - arrival time)
  Source:                 vga_driver/h_cnt_reg[1]/C
                            (rising edge-triggered cell FDRE clocked by clk_out1_clk_wiz_0  {rise@0.000ns fall@12.469ns period=24.938ns})
  Destination:            vga_driver/v_cnt_reg[10]/R
                            (rising edge-triggered cell FDRE clocked by clk_out1_clk_wiz_0  {rise@0.000ns fall@12.469ns period=24.938ns})
  Path Group:             clk_out1_clk_wiz_0
  Path Type:              Setup (Max at Slow Process Corner)
  Requirement:            24.938ns  (clk_out1_clk_wiz_0 rise@24.938ns - clk_out1_clk_wiz_0 rise@0.000ns)
  Data Path Delay:        5.000ns  (logic 1.251ns (25.022%)  route 3.749ns (74.978%))
  Logic Levels:           3  (LUT4=1 LUT6=2)
  Clock Path Skew:        -0.044ns (DCD - SCD + CPR)
    Destination Clock Delay (DCD):    4.923ns = ( 29.861 - 24.938 ) 
    Source Clock Delay      (SCD):    5.226ns
    Clock Pessimism Removal (CPR):    0.259ns
  Clock Uncertainty:      0.084ns  ((TSJ^2 + DJ^2)^1/2) / 2 + PE
    Total System Jitter     (TSJ):    0.071ns
    Discrete Jitter          (DJ):    0.152ns
    Phase Error              (PE):    0.000ns

    Location             Delay type                Incr(ns)  Path(ns)    Netlist Resource(s)
  -------------------------------------------------------------------    -------------------
                         (clock clk_out1_clk_wiz_0 rise edge)
                                                      0.000     0.000 r  
    E3                                                0.000     0.000 r  clk_in (IN)
                         net (fo=0)                   0.000     0.000    clk_in
    E3                   IBUF (Prop_ibuf_I_O)         1.482     1.482 r  clk_in_IBUF_inst/O
                         net (fo=1, routed)           2.025     3.506    clk_in_IBUF
    BUFGCTRL_X0Y16       BUFG (Prop_bufg_I_O)         0.096     3.602 r  clk_in_IBUF_BUFG_inst/O
                         net (fo=38, routed)          1.809     5.412    clk_wiz_0_inst/U0/clk_in1
    MMCME2_ADV_X0Y0      MMCME2_ADV (Prop_mmcme2_adv_CLKIN1_CLKOUT0)
                                                     -3.922     1.490 r  clk_wiz_0_inst/U0/mmcm_adv_inst/CLKOUT0
                         net (fo=1, routed)           2.018     3.508    clk_wiz_0_inst/U0/clk_out1_clk_wiz_0
    BUFGCTRL_X0Y1        BUFG (Prop_bufg_I_O)         0.096     3.604 r  clk_wiz_0_inst/U0/clkout1_buf/O
                         net (fo=72, routed)          1.621     5.226    vga_driver/clk_out1
    SLICE_X58Y65         FDRE                                         r  vga_driver/h_cnt_reg[1]/C
  -------------------------------------------------------------------    -------------------
    SLICE_X58Y65         FDRE (Prop_fdre_C_Q)         0.478     5.704 r  vga_driver/h_cnt_reg[1]/Q
                         net (fo=9, routed)           1.189     6.892    vga_driver/h_cnt_reg[1]
    SLICE_X57Y66         LUT4 (Prop_lut4_I2_O)        0.323     7.215 f  vga_driver/v_cnt[10]_i_6/O
                         net (fo=1, routed)           0.833     8.048    vga_driver/v_cnt[10]_i_6_n_0
    SLICE_X58Y66         LUT6 (Prop_lut6_I1_O)        0.326     8.374 r  vga_driver/v_cnt[10]_i_2/O
                         net (fo=12, routed)          1.204     9.578    vga_driver/eqOp
    SLICE_X58Y64         LUT6 (Prop_lut6_I0_O)        0.124     9.702 r  vga_driver/v_cnt[10]_i_1/O
                         net (fo=10, routed)          0.523    10.225    vga_driver/v_cnt0
    SLICE_X57Y64         FDRE                                         r  vga_driver/v_cnt_reg[10]/R
  -------------------------------------------------------------------    -------------------

                         (clock clk_out1_clk_wiz_0 rise edge)
                                                     24.938    24.938 r  
    E3                                                0.000    24.938 r  clk_in (IN)
                         net (fo=0)                   0.000    24.938    clk_in
    E3                   IBUF (Prop_ibuf_I_O)         1.411    26.350 r  clk_in_IBUF_inst/O
                         net (fo=1, routed)           1.920    28.270    clk_in_IBUF
    BUFGCTRL_X0Y16       BUFG (Prop_bufg_I_O)         0.091    28.361 r  clk_in_IBUF_BUFG_inst/O
                         net (fo=38, routed)          1.683    30.044    clk_wiz_0_inst/U0/clk_in1
    MMCME2_ADV_X0Y0      MMCME2_ADV (Prop_mmcme2_adv_CLKIN1_CLKOUT0)
                                                     -3.694    26.349 r  clk_wiz_0_inst/U0/mmcm_adv_inst/CLKOUT0
                         net (fo=1, routed)           1.923    28.273    clk_wiz_0_inst/U0/clk_out1_clk_wiz_0
    BUFGCTRL_X0Y1        BUFG (Prop_bufg_I_O)         0.091    28.364 r  clk_wiz_0_inst/U0/clkout1_buf/O
                         net (fo=72, routed)          1.497    29.861    vga_driver/clk_out1
    SLICE_X57Y64         FDRE                                         r  vga_driver/v_cnt_reg[10]/C
                         clock pessimism              0.259    30.120    
                         clock uncertainty           -0.084    30.036    
    SLICE_X57Y64         FDRE (Setup_fdre_C_R)       -0.429    29.607    vga_driver/v_cnt_reg[10]
  -------------------------------------------------------------------
                         required time                         29.607    
                         arrival time                         -10.225    
  -------------------------------------------------------------------
                         slack                                 19.382    

Slack (MET) :             19.382ns  (required time - arrival time)
  Source:                 vga_driver/h_cnt_reg[1]/C
                            (rising edge-triggered cell FDRE clocked by clk_out1_clk_wiz_0  {rise@0.000ns fall@12.469ns period=24.938ns})
  Destination:            vga_driver/v_cnt_reg[8]/R
                            (rising edge-triggered cell FDRE clocked by clk_out1_clk_wiz_0  {rise@0.000ns fall@12.469ns period=24.938ns})
  Path Group:             clk_out1_clk_wiz_0
  Path Type:              Setup (Max at Slow Process Corner)
  Requirement:            24.938ns  (clk_out1_clk_wiz_0 rise@24.938ns - clk_out1_clk_wiz_0 rise@0.000ns)
  Data Path Delay:        5.000ns  (logic 1.251ns (25.022%)  route 3.749ns (74.978%))
  Logic Levels:           3  (LUT4=1 LUT6=2)
  Clock Path Skew:        -0.044ns (DCD - SCD + CPR)
    Destination Clock Delay (DCD):    4.923ns = ( 29.861 - 24.938 ) 
    Source Clock Delay      (SCD):    5.226ns
    Clock Pessimism Removal (CPR):    0.259ns
  Clock Uncertainty:      0.084ns  ((TSJ^2 + DJ^2)^1/2) / 2 + PE
    Total System Jitter     (TSJ):    0.071ns
    Discrete Jitter          (DJ):    0.152ns
    Phase Error              (PE):    0.000ns

    Location             Delay type                Incr(ns)  Path(ns)    Netlist Resource(s)
  -------------------------------------------------------------------    -------------------
                         (clock clk_out1_clk_wiz_0 rise edge)
                                                      0.000     0.000 r  
    E3                                                0.000     0.000 r  clk_in (IN)
                         net (fo=0)                   0.000     0.000    clk_in
    E3                   IBUF (Prop_ibuf_I_O)         1.482     1.482 r  clk_in_IBUF_inst/O
                         net (fo=1, routed)           2.025     3.506    clk_in_IBUF
    BUFGCTRL_X0Y16       BUFG (Prop_bufg_I_O)         0.096     3.602 r  clk_in_IBUF_BUFG_inst/O
                         net (fo=38, routed)          1.809     5.412    clk_wiz_0_inst/U0/clk_in1
    MMCME2_ADV_X0Y0      MMCME2_ADV (Prop_mmcme2_adv_CLKIN1_CLKOUT0)
                                                     -3.922     1.490 r  clk_wiz_0_inst/U0/mmcm_adv_inst/CLKOUT0
                         net (fo=1, routed)           2.018     3.508    clk_wiz_0_inst/U0/clk_out1_clk_wiz_0
    BUFGCTRL_X0Y1        BUFG (Prop_bufg_I_O)         0.096     3.604 r  clk_wiz_0_inst/U0/clkout1_buf/O
                         net (fo=72, routed)          1.621     5.226    vga_driver/clk_out1
    SLICE_X58Y65         FDRE                                         r  vga_driver/h_cnt_reg[1]/C
  -------------------------------------------------------------------    -------------------
    SLICE_X58Y65         FDRE (Prop_fdre_C_Q)         0.478     5.704 r  vga_driver/h_cnt_reg[1]/Q
                         net (fo=9, routed)           1.189     6.892    vga_driver/h_cnt_reg[1]
    SLICE_X57Y66         LUT4 (Prop_lut4_I2_O)        0.323     7.215 f  vga_driver/v_cnt[10]_i_6/O
                         net (fo=1, routed)           0.833     8.048    vga_driver/v_cnt[10]_i_6_n_0
    SLICE_X58Y66         LUT6 (Prop_lut6_I1_O)        0.326     8.374 r  vga_driver/v_cnt[10]_i_2/O
                         net (fo=12, routed)          1.204     9.578    vga_driver/eqOp
    SLICE_X58Y64         LUT6 (Prop_lut6_I0_O)        0.124     9.702 r  vga_driver/v_cnt[10]_i_1/O
                         net (fo=10, routed)          0.523    10.225    vga_driver/v_cnt0
    SLICE_X57Y64         FDRE                                         r  vga_driver/v_cnt_reg[8]/R
  -------------------------------------------------------------------    -------------------

                         (clock clk_out1_clk_wiz_0 rise edge)
                                                     24.938    24.938 r  
    E3                                                0.000    24.938 r  clk_in (IN)
                         net (fo=0)                   0.000    24.938    clk_in
    E3                   IBUF (Prop_ibuf_I_O)         1.411    26.350 r  clk_in_IBUF_inst/O
                         net (fo=1, routed)           1.920    28.270    clk_in_IBUF
    BUFGCTRL_X0Y16       BUFG (Prop_bufg_I_O)         0.091    28.361 r  clk_in_IBUF_BUFG_inst/O
                         net (fo=38, routed)          1.683    30.044    clk_wiz_0_inst/U0/clk_in1
    MMCME2_ADV_X0Y0      MMCME2_ADV (Prop_mmcme2_adv_CLKIN1_CLKOUT0)
                                                     -3.694    26.349 r  clk_wiz_0_inst/U0/mmcm_adv_inst/CLKOUT0
                         net (fo=1, routed)           1.923    28.273    clk_wiz_0_inst/U0/clk_out1_clk_wiz_0
    BUFGCTRL_X0Y1        BUFG (Prop_bufg_I_O)         0.091    28.364 r  clk_wiz_0_inst/U0/clkout1_buf/O
                         net (fo=72, routed)          1.497    29.861    vga_driver/clk_out1
    SLICE_X57Y64         FDRE                                         r  vga_driver/v_cnt_reg[8]/C
                         clock pessimism              0.259    30.120    
                         clock uncertainty           -0.084    30.036    
    SLICE_X57Y64         FDRE (Setup_fdre_C_R)       -0.429    29.607    vga_driver/v_cnt_reg[8]
  -------------------------------------------------------------------
                         required time                         29.607    
                         arrival time                         -10.225    
  -------------------------------------------------------------------
                         slack                                 19.382    

Slack (MET) :             19.382ns  (required time - arrival time)
  Source:                 vga_driver/h_cnt_reg[1]/C
                            (rising edge-triggered cell FDRE clocked by clk_out1_clk_wiz_0  {rise@0.000ns fall@12.469ns period=24.938ns})
  Destination:            vga_driver/v_cnt_reg[9]/R
                            (rising edge-triggered cell FDRE clocked by clk_out1_clk_wiz_0  {rise@0.000ns fall@12.469ns period=24.938ns})
  Path Group:             clk_out1_clk_wiz_0
  Path Type:              Setup (Max at Slow Process Corner)
  Requirement:            24.938ns  (clk_out1_clk_wiz_0 rise@24.938ns - clk_out1_clk_wiz_0 rise@0.000ns)
  Data Path Delay:        5.000ns  (logic 1.251ns (25.022%)  route 3.749ns (74.978%))
  Logic Levels:           3  (LUT4=1 LUT6=2)
  Clock Path Skew:        -0.044ns (DCD - SCD + CPR)
    Destination Clock Delay (DCD):    4.923ns = ( 29.861 - 24.938 ) 
    Source Clock Delay      (SCD):    5.226ns
    Clock Pessimism Removal (CPR):    0.259ns
  Clock Uncertainty:      0.084ns  ((TSJ^2 + DJ^2)^1/2) / 2 + PE
    Total System Jitter     (TSJ):    0.071ns
    Discrete Jitter          (DJ):    0.152ns
    Phase Error              (PE):    0.000ns

    Location             Delay type                Incr(ns)  Path(ns)    Netlist Resource(s)
  -------------------------------------------------------------------    -------------------
                         (clock clk_out1_clk_wiz_0 rise edge)
                                                      0.000     0.000 r  
    E3                                                0.000     0.000 r  clk_in (IN)
                         net (fo=0)                   0.000     0.000    clk_in
    E3                   IBUF (Prop_ibuf_I_O)         1.482     1.482 r  clk_in_IBUF_inst/O
                         net (fo=1, routed)           2.025     3.506    clk_in_IBUF
    BUFGCTRL_X0Y16       BUFG (Prop_bufg_I_O)         0.096     3.602 r  clk_in_IBUF_BUFG_inst/O
                         net (fo=38, routed)          1.809     5.412    clk_wiz_0_inst/U0/clk_in1
    MMCME2_ADV_X0Y0      MMCME2_ADV (Prop_mmcme2_adv_CLKIN1_CLKOUT0)
                                                     -3.922     1.490 r  clk_wiz_0_inst/U0/mmcm_adv_inst/CLKOUT0
                         net (fo=1, routed)           2.018     3.508    clk_wiz_0_inst/U0/clk_out1_clk_wiz_0
    BUFGCTRL_X0Y1        BUFG (Prop_bufg_I_O)         0.096     3.604 r  clk_wiz_0_inst/U0/clkout1_buf/O
                         net (fo=72, routed)          1.621     5.226    vga_driver/clk_out1
    SLICE_X58Y65         FDRE                                         r  vga_driver/h_cnt_reg[1]/C
  -------------------------------------------------------------------    -------------------
    SLICE_X58Y65         FDRE (Prop_fdre_C_Q)         0.478     5.704 r  vga_driver/h_cnt_reg[1]/Q
                         net (fo=9, routed)           1.189     6.892    vga_driver/h_cnt_reg[1]
    SLICE_X57Y66         LUT4 (Prop_lut4_I2_O)        0.323     7.215 f  vga_driver/v_cnt[10]_i_6/O
                         net (fo=1, routed)           0.833     8.048    vga_driver/v_cnt[10]_i_6_n_0
    SLICE_X58Y66         LUT6 (Prop_lut6_I1_O)        0.326     8.374 r  vga_driver/v_cnt[10]_i_2/O
                         net (fo=12, routed)          1.204     9.578    vga_driver/eqOp
    SLICE_X58Y64         LUT6 (Prop_lut6_I0_O)        0.124     9.702 r  vga_driver/v_cnt[10]_i_1/O
                         net (fo=10, routed)          0.523    10.225    vga_driver/v_cnt0
    SLICE_X57Y64         FDRE                                         r  vga_driver/v_cnt_reg[9]/R
  -------------------------------------------------------------------    -------------------

                         (clock clk_out1_clk_wiz_0 rise edge)
                                                     24.938    24.938 r  
    E3                                                0.000    24.938 r  clk_in (IN)
                         net (fo=0)                   0.000    24.938    clk_in
    E3                   IBUF (Prop_ibuf_I_O)         1.411    26.350 r  clk_in_IBUF_inst/O
                         net (fo=1, routed)           1.920    28.270    clk_in_IBUF
    BUFGCTRL_X0Y16       BUFG (Prop_bufg_I_O)         0.091    28.361 r  clk_in_IBUF_BUFG_inst/O
                         net (fo=38, routed)          1.683    30.044    clk_wiz_0_inst/U0/clk_in1
    MMCME2_ADV_X0Y0      MMCME2_ADV (Prop_mmcme2_adv_CLKIN1_CLKOUT0)
                                                     -3.694    26.349 r  clk_wiz_0_inst/U0/mmcm_adv_inst/CLKOUT0
                         net (fo=1, routed)           1.923    28.273    clk_wiz_0_inst/U0/clk_out1_clk_wiz_0
    BUFGCTRL_X0Y1        BUFG (Prop_bufg_I_O)         0.091    28.364 r  clk_wiz_0_inst/U0/clkout1_buf/O
                         net (fo=72, routed)          1.497    29.861    vga_driver/clk_out1
    SLICE_X57Y64         FDRE                                         r  vga_driver/v_cnt_reg[9]/C
                         clock pessimism              0.259    30.120    
                         clock uncertainty           -0.084    30.036    
    SLICE_X57Y64         FDRE (Setup_fdre_C_R)       -0.429    29.607    vga_driver/v_cnt_reg[9]
  -------------------------------------------------------------------
                         required time                         29.607    
                         arrival time                         -10.225    
  -------------------------------------------------------------------
                         slack                                 19.382    

Slack (MET) :             19.458ns  (required time - arrival time)
  Source:                 vga_driver/h_cnt_reg[1]/C
                            (rising edge-triggered cell FDRE clocked by clk_out1_clk_wiz_0  {rise@0.000ns fall@12.469ns period=24.938ns})
  Destination:            vga_driver/v_cnt_reg[1]/R
                            (rising edge-triggered cell FDRE clocked by clk_out1_clk_wiz_0  {rise@0.000ns fall@12.469ns period=24.938ns})
  Path Group:             clk_out1_clk_wiz_0
  Path Type:              Setup (Max at Slow Process Corner)
  Requirement:            24.938ns  (clk_out1_clk_wiz_0 rise@24.938ns - clk_out1_clk_wiz_0 rise@0.000ns)
  Data Path Delay:        4.849ns  (logic 1.251ns (25.799%)  route 3.598ns (74.201%))
  Logic Levels:           3  (LUT4=1 LUT6=2)
  Clock Path Skew:        -0.023ns (DCD - SCD + CPR)
    Destination Clock Delay (DCD):    4.927ns = ( 29.865 - 24.938 ) 
    Source Clock Delay      (SCD):    5.226ns
    Clock Pessimism Removal (CPR):    0.276ns
  Clock Uncertainty:      0.084ns  ((TSJ^2 + DJ^2)^1/2) / 2 + PE
    Total System Jitter     (TSJ):    0.071ns
    Discrete Jitter          (DJ):    0.152ns
    Phase Error              (PE):    0.000ns

    Location             Delay type                Incr(ns)  Path(ns)    Netlist Resource(s)
  -------------------------------------------------------------------    -------------------
                         (clock clk_out1_clk_wiz_0 rise edge)
                                                      0.000     0.000 r  
    E3                                                0.000     0.000 r  clk_in (IN)
                         net (fo=0)                   0.000     0.000    clk_in
    E3                   IBUF (Prop_ibuf_I_O)         1.482     1.482 r  clk_in_IBUF_inst/O
                         net (fo=1, routed)           2.025     3.506    clk_in_IBUF
    BUFGCTRL_X0Y16       BUFG (Prop_bufg_I_O)         0.096     3.602 r  clk_in_IBUF_BUFG_inst/O
                         net (fo=38, routed)          1.809     5.412    clk_wiz_0_inst/U0/clk_in1
    MMCME2_ADV_X0Y0      MMCME2_ADV (Prop_mmcme2_adv_CLKIN1_CLKOUT0)
                                                     -3.922     1.490 r  clk_wiz_0_inst/U0/mmcm_adv_inst/CLKOUT0
                         net (fo=1, routed)           2.018     3.508    clk_wiz_0_inst/U0/clk_out1_clk_wiz_0
    BUFGCTRL_X0Y1        BUFG (Prop_bufg_I_O)         0.096     3.604 r  clk_wiz_0_inst/U0/clkout1_buf/O
                         net (fo=72, routed)          1.621     5.226    vga_driver/clk_out1
    SLICE_X58Y65         FDRE                                         r  vga_driver/h_cnt_reg[1]/C
  -------------------------------------------------------------------    -------------------
    SLICE_X58Y65         FDRE (Prop_fdre_C_Q)         0.478     5.704 r  vga_driver/h_cnt_reg[1]/Q
                         net (fo=9, routed)           1.189     6.892    vga_driver/h_cnt_reg[1]
    SLICE_X57Y66         LUT4 (Prop_lut4_I2_O)        0.323     7.215 f  vga_driver/v_cnt[10]_i_6/O
                         net (fo=1, routed)           0.833     8.048    vga_driver/v_cnt[10]_i_6_n_0
    SLICE_X58Y66         LUT6 (Prop_lut6_I1_O)        0.326     8.374 r  vga_driver/v_cnt[10]_i_2/O
                         net (fo=12, routed)          1.204     9.578    vga_driver/eqOp
    SLICE_X58Y64         LUT6 (Prop_lut6_I0_O)        0.124     9.702 r  vga_driver/v_cnt[10]_i_1/O
                         net (fo=10, routed)          0.372    10.075    vga_driver/v_cnt0
    SLICE_X58Y63         FDRE                                         r  vga_driver/v_cnt_reg[1]/R
  -------------------------------------------------------------------    -------------------

                         (clock clk_out1_clk_wiz_0 rise edge)
                                                     24.938    24.938 r  
    E3                                                0.000    24.938 r  clk_in (IN)
                         net (fo=0)                   0.000    24.938    clk_in
    E3                   IBUF (Prop_ibuf_I_O)         1.411    26.350 r  clk_in_IBUF_inst/O
                         net (fo=1, routed)           1.920    28.270    clk_in_IBUF
    BUFGCTRL_X0Y16       BUFG (Prop_bufg_I_O)         0.091    28.361 r  clk_in_IBUF_BUFG_inst/O
                         net (fo=38, routed)          1.683    30.044    clk_wiz_0_inst/U0/clk_in1
    MMCME2_ADV_X0Y0      MMCME2_ADV (Prop_mmcme2_adv_CLKIN1_CLKOUT0)
                                                     -3.694    26.349 r  clk_wiz_0_inst/U0/mmcm_adv_inst/CLKOUT0
                         net (fo=1, routed)           1.923    28.273    clk_wiz_0_inst/U0/clk_out1_clk_wiz_0
    BUFGCTRL_X0Y1        BUFG (Prop_bufg_I_O)         0.091    28.364 r  clk_wiz_0_inst/U0/clkout1_buf/O
                         net (fo=72, routed)          1.501    29.865    vga_driver/clk_out1
    SLICE_X58Y63         FDRE                                         r  vga_driver/v_cnt_reg[1]/C
                         clock pessimism              0.276    30.141    
                         clock uncertainty           -0.084    30.057    
    SLICE_X58Y63         FDRE (Setup_fdre_C_R)       -0.524    29.533    vga_driver/v_cnt_reg[1]
  -------------------------------------------------------------------
                         required time                         29.533    
                         arrival time                         -10.075    
  -------------------------------------------------------------------
                         slack                                 19.458    





Min Delay Paths
--------------------------------------------------------------------------------------
Slack (MET) :             0.122ns  (arrival time - required time)
  Source:                 vga_driver/h_cnt_reg[3]/C
                            (rising edge-triggered cell FDRE clocked by clk_out1_clk_wiz_0  {rise@0.000ns fall@12.469ns period=24.938ns})
  Destination:            vga_driver/pixel_col_reg[3]_rep__0/D
                            (rising edge-triggered cell FDRE clocked by clk_out1_clk_wiz_0  {rise@0.000ns fall@12.469ns period=24.938ns})
  Path Group:             clk_out1_clk_wiz_0
  Path Type:              Hold (Min at Fast Process Corner)
  Requirement:            0.000ns  (clk_out1_clk_wiz_0 rise@0.000ns - clk_out1_clk_wiz_0 rise@0.000ns)
  Data Path Delay:        0.404ns  (logic 0.148ns (36.623%)  route 0.256ns (63.377%))
  Logic Levels:           0  
  Clock Path Skew:        0.265ns (DCD - SCD - CPR)
    Destination Clock Delay (DCD):    1.994ns
    Source Clock Delay      (SCD):    1.478ns
    Clock Pessimism Removal (CPR):    0.250ns

    Location             Delay type                Incr(ns)  Path(ns)    Netlist Resource(s)
  -------------------------------------------------------------------    -------------------
                         (clock clk_out1_clk_wiz_0 rise edge)
                                                      0.000     0.000 r  
    E3                                                0.000     0.000 r  clk_in (IN)
                         net (fo=0)                   0.000     0.000    clk_in
    E3                   IBUF (Prop_ibuf_I_O)         0.250     0.250 r  clk_in_IBUF_inst/O
                         net (fo=1, routed)           0.644     0.894    clk_in_IBUF
    BUFGCTRL_X0Y16       BUFG (Prop_bufg_I_O)         0.026     0.920 r  clk_in_IBUF_BUFG_inst/O
                         net (fo=38, routed)          0.624     1.544    clk_wiz_0_inst/U0/clk_in1
    MMCME2_ADV_X0Y0      MMCME2_ADV (Prop_mmcme2_adv_CLKIN1_CLKOUT0)
                                                     -1.296     0.248 r  clk_wiz_0_inst/U0/mmcm_adv_inst/CLKOUT0
                         net (fo=1, routed)           0.648     0.896    clk_wiz_0_inst/U0/clk_out1_clk_wiz_0
    BUFGCTRL_X0Y1        BUFG (Prop_bufg_I_O)         0.026     0.922 r  clk_wiz_0_inst/U0/clkout1_buf/O
                         net (fo=72, routed)          0.557     1.478    vga_driver/clk_out1
    SLICE_X56Y67         FDRE                                         r  vga_driver/h_cnt_reg[3]/C
  -------------------------------------------------------------------    -------------------
    SLICE_X56Y67         FDRE (Prop_fdre_C_Q)         0.148     1.626 r  vga_driver/h_cnt_reg[3]/Q
                         net (fo=10, routed)          0.256     1.882    vga_driver/h_cnt_reg[3]
    SLICE_X48Y67         FDRE                                         r  vga_driver/pixel_col_reg[3]_rep__0/D
  -------------------------------------------------------------------    -------------------

                         (clock clk_out1_clk_wiz_0 rise edge)
                                                      0.000     0.000 r  
    E3                                                0.000     0.000 r  clk_in (IN)
                         net (fo=0)                   0.000     0.000    clk_in
    E3                   IBUF (Prop_ibuf_I_O)         0.438     0.438 r  clk_in_IBUF_inst/O
                         net (fo=1, routed)           0.699     1.136    clk_in_IBUF
    BUFGCTRL_X0Y16       BUFG (Prop_bufg_I_O)         0.029     1.165 r  clk_in_IBUF_BUFG_inst/O
                         net (fo=38, routed)          0.898     2.063    clk_wiz_0_inst/U0/clk_in1
    MMCME2_ADV_X0Y0      MMCME2_ADV (Prop_mmcme2_adv_CLKIN1_CLKOUT0)
                                                     -1.625     0.438 r  clk_wiz_0_inst/U0/mmcm_adv_inst/CLKOUT0
                         net (fo=1, routed)           0.700     1.138    clk_wiz_0_inst/U0/clk_out1_clk_wiz_0
    BUFGCTRL_X0Y1        BUFG (Prop_bufg_I_O)         0.029     1.167 r  clk_wiz_0_inst/U0/clkout1_buf/O
                         net (fo=72, routed)          0.827     1.994    vga_driver/clk_out1
    SLICE_X48Y67         FDRE                                         r  vga_driver/pixel_col_reg[3]_rep__0/C
                         clock pessimism             -0.250     1.743    
    SLICE_X48Y67         FDRE (Hold_fdre_C_D)         0.017     1.760    vga_driver/pixel_col_reg[3]_rep__0
  -------------------------------------------------------------------
                         required time                         -1.760    
                         arrival time                           1.882    
  -------------------------------------------------------------------
                         slack                                  0.122    

Slack (MET) :             0.147ns  (arrival time - required time)
  Source:                 vga_driver/h_cnt_reg[6]/C
                            (rising edge-triggered cell FDRE clocked by clk_out1_clk_wiz_0  {rise@0.000ns fall@12.469ns period=24.938ns})
  Destination:            vga_driver/pixel_col_reg[6]_rep/D
                            (rising edge-triggered cell FDRE clocked by clk_out1_clk_wiz_0  {rise@0.000ns fall@12.469ns period=24.938ns})
  Path Group:             clk_out1_clk_wiz_0
  Path Type:              Hold (Min at Fast Process Corner)
  Requirement:            0.000ns  (clk_out1_clk_wiz_0 rise@0.000ns - clk_out1_clk_wiz_0 rise@0.000ns)
  Data Path Delay:        0.468ns  (logic 0.164ns (35.033%)  route 0.304ns (64.967%))
  Logic Levels:           0  
  Clock Path Skew:        0.262ns (DCD - SCD - CPR)
    Destination Clock Delay (DCD):    1.993ns
    Source Clock Delay      (SCD):    1.480ns
    Clock Pessimism Removal (CPR):    0.250ns

    Location             Delay type                Incr(ns)  Path(ns)    Netlist Resource(s)
  -------------------------------------------------------------------    -------------------
                         (clock clk_out1_clk_wiz_0 rise edge)
                                                      0.000     0.000 r  
    E3                                                0.000     0.000 r  clk_in (IN)
                         net (fo=0)                   0.000     0.000    clk_in
    E3                   IBUF (Prop_ibuf_I_O)         0.250     0.250 r  clk_in_IBUF_inst/O
                         net (fo=1, routed)           0.644     0.894    clk_in_IBUF
    BUFGCTRL_X0Y16       BUFG (Prop_bufg_I_O)         0.026     0.920 r  clk_in_IBUF_BUFG_inst/O
                         net (fo=38, routed)          0.624     1.544    clk_wiz_0_inst/U0/clk_in1
    MMCME2_ADV_X0Y0      MMCME2_ADV (Prop_mmcme2_adv_CLKIN1_CLKOUT0)
                                                     -1.296     0.248 r  clk_wiz_0_inst/U0/mmcm_adv_inst/CLKOUT0
                         net (fo=1, routed)           0.648     0.896    clk_wiz_0_inst/U0/clk_out1_clk_wiz_0
    BUFGCTRL_X0Y1        BUFG (Prop_bufg_I_O)         0.026     0.922 r  clk_wiz_0_inst/U0/clkout1_buf/O
                         net (fo=72, routed)          0.559     1.480    vga_driver/clk_out1
    SLICE_X58Y66         FDRE                                         r  vga_driver/h_cnt_reg[6]/C
  -------------------------------------------------------------------    -------------------
    SLICE_X58Y66         FDRE (Prop_fdre_C_Q)         0.164     1.644 r  vga_driver/h_cnt_reg[6]/Q
                         net (fo=13, routed)          0.304     1.948    vga_driver/h_cnt_reg[6]
    SLICE_X50Y66         FDRE                                         r  vga_driver/pixel_col_reg[6]_rep/D
  -------------------------------------------------------------------    -------------------

                         (clock clk_out1_clk_wiz_0 rise edge)
                                                      0.000     0.000 r  
    E3                                                0.000     0.000 r  clk_in (IN)
                         net (fo=0)                   0.000     0.000    clk_in
    E3                   IBUF (Prop_ibuf_I_O)         0.438     0.438 r  clk_in_IBUF_inst/O
                         net (fo=1, routed)           0.699     1.136    clk_in_IBUF
    BUFGCTRL_X0Y16       BUFG (Prop_bufg_I_O)         0.029     1.165 r  clk_in_IBUF_BUFG_inst/O
                         net (fo=38, routed)          0.898     2.063    clk_wiz_0_inst/U0/clk_in1
    MMCME2_ADV_X0Y0      MMCME2_ADV (Prop_mmcme2_adv_CLKIN1_CLKOUT0)
                                                     -1.625     0.438 r  clk_wiz_0_inst/U0/mmcm_adv_inst/CLKOUT0
                         net (fo=1, routed)           0.700     1.138    clk_wiz_0_inst/U0/clk_out1_clk_wiz_0
    BUFGCTRL_X0Y1        BUFG (Prop_bufg_I_O)         0.029     1.167 r  clk_wiz_0_inst/U0/clkout1_buf/O
                         net (fo=72, routed)          0.826     1.993    vga_driver/clk_out1
    SLICE_X50Y66         FDRE                                         r  vga_driver/pixel_col_reg[6]_rep/C
                         clock pessimism             -0.250     1.742    
    SLICE_X50Y66         FDRE (Hold_fdre_C_D)         0.059     1.801    vga_driver/pixel_col_reg[6]_rep
  -------------------------------------------------------------------
                         required time                         -1.801    
                         arrival time                           1.948    
  -------------------------------------------------------------------
                         slack                                  0.147    

Slack (MET) :             0.150ns  (arrival time - required time)
  Source:                 vga_driver/h_cnt_reg[8]/C
                            (rising edge-triggered cell FDRE clocked by clk_out1_clk_wiz_0  {rise@0.000ns fall@12.469ns period=24.938ns})
  Destination:            vga_driver/pixel_col_reg[8]_rep__0/D
                            (rising edge-triggered cell FDRE clocked by clk_out1_clk_wiz_0  {rise@0.000ns fall@12.469ns period=24.938ns})
  Path Group:             clk_out1_clk_wiz_0
  Path Type:              Hold (Min at Fast Process Corner)
  Requirement:            0.000ns  (clk_out1_clk_wiz_0 rise@0.000ns - clk_out1_clk_wiz_0 rise@0.000ns)
  Data Path Delay:        0.428ns  (logic 0.128ns (29.937%)  route 0.300ns (70.063%))
  Logic Levels:           0  
  Clock Path Skew:        0.262ns (DCD - SCD - CPR)
    Destination Clock Delay (DCD):    1.991ns
    Source Clock Delay      (SCD):    1.478ns
    Clock Pessimism Removal (CPR):    0.250ns

    Location             Delay type                Incr(ns)  Path(ns)    Netlist Resource(s)
  -------------------------------------------------------------------    -------------------
                         (clock clk_out1_clk_wiz_0 rise edge)
                                                      0.000     0.000 r  
    E3                                                0.000     0.000 r  clk_in (IN)
                         net (fo=0)                   0.000     0.000    clk_in
    E3                   IBUF (Prop_ibuf_I_O)         0.250     0.250 r  clk_in_IBUF_inst/O
                         net (fo=1, routed)           0.644     0.894    clk_in_IBUF
    BUFGCTRL_X0Y16       BUFG (Prop_bufg_I_O)         0.026     0.920 r  clk_in_IBUF_BUFG_inst/O
                         net (fo=38, routed)          0.624     1.544    clk_wiz_0_inst/U0/clk_in1
    MMCME2_ADV_X0Y0      MMCME2_ADV (Prop_mmcme2_adv_CLKIN1_CLKOUT0)
                                                     -1.296     0.248 r  clk_wiz_0_inst/U0/mmcm_adv_inst/CLKOUT0
                         net (fo=1, routed)           0.648     0.896    clk_wiz_0_inst/U0/clk_out1_clk_wiz_0
    BUFGCTRL_X0Y1        BUFG (Prop_bufg_I_O)         0.026     0.922 r  clk_wiz_0_inst/U0/clkout1_buf/O
                         net (fo=72, routed)          0.557     1.478    vga_driver/clk_out1
    SLICE_X57Y67         FDRE                                         r  vga_driver/h_cnt_reg[8]/C
  -------------------------------------------------------------------    -------------------
    SLICE_X57Y67         FDRE (Prop_fdre_C_Q)         0.128     1.606 r  vga_driver/h_cnt_reg[8]/Q
                         net (fo=11, routed)          0.300     1.906    vga_driver/h_cnt_reg[8]
    SLICE_X51Y68         FDRE                                         r  vga_driver/pixel_col_reg[8]_rep__0/D
  -------------------------------------------------------------------    -------------------

                         (clock clk_out1_clk_wiz_0 rise edge)
                                                      0.000     0.000 r  
    E3                                                0.000     0.000 r  clk_in (IN)
                         net (fo=0)                   0.000     0.000    clk_in
    E3                   IBUF (Prop_ibuf_I_O)         0.438     0.438 r  clk_in_IBUF_inst/O
                         net (fo=1, routed)           0.699     1.136    clk_in_IBUF
    BUFGCTRL_X0Y16       BUFG (Prop_bufg_I_O)         0.029     1.165 r  clk_in_IBUF_BUFG_inst/O
                         net (fo=38, routed)          0.898     2.063    clk_wiz_0_inst/U0/clk_in1
    MMCME2_ADV_X0Y0      MMCME2_ADV (Prop_mmcme2_adv_CLKIN1_CLKOUT0)
                                                     -1.625     0.438 r  clk_wiz_0_inst/U0/mmcm_adv_inst/CLKOUT0
                         net (fo=1, routed)           0.700     1.138    clk_wiz_0_inst/U0/clk_out1_clk_wiz_0
    BUFGCTRL_X0Y1        BUFG (Prop_bufg_I_O)         0.029     1.167 r  clk_wiz_0_inst/U0/clkout1_buf/O
                         net (fo=72, routed)          0.824     1.991    vga_driver/clk_out1
    SLICE_X51Y68         FDRE                                         r  vga_driver/pixel_col_reg[8]_rep__0/C
                         clock pessimism             -0.250     1.740    
    SLICE_X51Y68         FDRE (Hold_fdre_C_D)         0.016     1.756    vga_driver/pixel_col_reg[8]_rep__0
  -------------------------------------------------------------------
                         required time                         -1.756    
                         arrival time                           1.906    
  -------------------------------------------------------------------
                         slack                                  0.150    

Slack (MET) :             0.188ns  (arrival time - required time)
  Source:                 vga_driver/h_cnt_reg[9]/C
                            (rising edge-triggered cell FDRE clocked by clk_out1_clk_wiz_0  {rise@0.000ns fall@12.469ns period=24.938ns})
  Destination:            vga_driver/pixel_col_reg[9]/D
                            (rising edge-triggered cell FDRE clocked by clk_out1_clk_wiz_0  {rise@0.000ns fall@12.469ns period=24.938ns})
  Path Group:             clk_out1_clk_wiz_0
  Path Type:              Hold (Min at Fast Process Corner)
  Requirement:            0.000ns  (clk_out1_clk_wiz_0 rise@0.000ns - clk_out1_clk_wiz_0 rise@0.000ns)
  Data Path Delay:        0.520ns  (logic 0.164ns (31.546%)  route 0.356ns (68.454%))
  Logic Levels:           0  
  Clock Path Skew:        0.262ns (DCD - SCD - CPR)
    Destination Clock Delay (DCD):    1.993ns
    Source Clock Delay      (SCD):    1.480ns
    Clock Pessimism Removal (CPR):    0.250ns

    Location             Delay type                Incr(ns)  Path(ns)    Netlist Resource(s)
  -------------------------------------------------------------------    -------------------
                         (clock clk_out1_clk_wiz_0 rise edge)
                                                      0.000     0.000 r  
    E3                                                0.000     0.000 r  clk_in (IN)
                         net (fo=0)                   0.000     0.000    clk_in
    E3                   IBUF (Prop_ibuf_I_O)         0.250     0.250 r  clk_in_IBUF_inst/O
                         net (fo=1, routed)           0.644     0.894    clk_in_IBUF
    BUFGCTRL_X0Y16       BUFG (Prop_bufg_I_O)         0.026     0.920 r  clk_in_IBUF_BUFG_inst/O
                         net (fo=38, routed)          0.624     1.544    clk_wiz_0_inst/U0/clk_in1
    MMCME2_ADV_X0Y0      MMCME2_ADV (Prop_mmcme2_adv_CLKIN1_CLKOUT0)
                                                     -1.296     0.248 r  clk_wiz_0_inst/U0/mmcm_adv_inst/CLKOUT0
                         net (fo=1, routed)           0.648     0.896    clk_wiz_0_inst/U0/clk_out1_clk_wiz_0
    BUFGCTRL_X0Y1        BUFG (Prop_bufg_I_O)         0.026     0.922 r  clk_wiz_0_inst/U0/clkout1_buf/O
                         net (fo=72, routed)          0.559     1.480    vga_driver/clk_out1
    SLICE_X58Y66         FDRE                                         r  vga_driver/h_cnt_reg[9]/C
  -------------------------------------------------------------------    -------------------
    SLICE_X58Y66         FDRE (Prop_fdre_C_Q)         0.164     1.644 r  vga_driver/h_cnt_reg[9]/Q
                         net (fo=10, routed)          0.356     2.000    vga_driver/h_cnt_reg[9]
    SLICE_X51Y66         FDRE                                         r  vga_driver/pixel_col_reg[9]/D
  -------------------------------------------------------------------    -------------------

                         (clock clk_out1_clk_wiz_0 rise edge)
                                                      0.000     0.000 r  
    E3                                                0.000     0.000 r  clk_in (IN)
                         net (fo=0)                   0.000     0.000    clk_in
    E3                   IBUF (Prop_ibuf_I_O)         0.438     0.438 r  clk_in_IBUF_inst/O
                         net (fo=1, routed)           0.699     1.136    clk_in_IBUF
    BUFGCTRL_X0Y16       BUFG (Prop_bufg_I_O)         0.029     1.165 r  clk_in_IBUF_BUFG_inst/O
                         net (fo=38, routed)          0.898     2.063    clk_wiz_0_inst/U0/clk_in1
    MMCME2_ADV_X0Y0      MMCME2_ADV (Prop_mmcme2_adv_CLKIN1_CLKOUT0)
                                                     -1.625     0.438 r  clk_wiz_0_inst/U0/mmcm_adv_inst/CLKOUT0
                         net (fo=1, routed)           0.700     1.138    clk_wiz_0_inst/U0/clk_out1_clk_wiz_0
    BUFGCTRL_X0Y1        BUFG (Prop_bufg_I_O)         0.029     1.167 r  clk_wiz_0_inst/U0/clkout1_buf/O
                         net (fo=72, routed)          0.826     1.993    vga_driver/clk_out1
    SLICE_X51Y66         FDRE                                         r  vga_driver/pixel_col_reg[9]/C
                         clock pessimism             -0.250     1.742    
    SLICE_X51Y66         FDRE (Hold_fdre_C_D)         0.070     1.812    vga_driver/pixel_col_reg[9]
  -------------------------------------------------------------------
                         required time                         -1.812    
                         arrival time                           2.000    
  -------------------------------------------------------------------
                         slack                                  0.188    

Slack (MET) :             0.213ns  (arrival time - required time)
  Source:                 vga_driver/v_cnt_reg[4]/C
                            (rising edge-triggered cell FDRE clocked by clk_out1_clk_wiz_0  {rise@0.000ns fall@12.469ns period=24.938ns})
  Destination:            vga_driver/v_cnt_reg[5]/D
                            (rising edge-triggered cell FDRE clocked by clk_out1_clk_wiz_0  {rise@0.000ns fall@12.469ns period=24.938ns})
  Path Group:             clk_out1_clk_wiz_0
  Path Type:              Hold (Min at Fast Process Corner)
  Requirement:            0.000ns  (clk_out1_clk_wiz_0 rise@0.000ns - clk_out1_clk_wiz_0 rise@0.000ns)
  Data Path Delay:        0.334ns  (logic 0.246ns (73.561%)  route 0.088ns (26.439%))
  Logic Levels:           1  (LUT6=1)
  Clock Path Skew:        0.000ns (DCD - SCD - CPR)
    Destination Clock Delay (DCD):    1.997ns
    Source Clock Delay      (SCD):    1.481ns
    Clock Pessimism Removal (CPR):    0.515ns

    Location             Delay type                Incr(ns)  Path(ns)    Netlist Resource(s)
  -------------------------------------------------------------------    -------------------
                         (clock clk_out1_clk_wiz_0 rise edge)
                                                      0.000     0.000 r  
    E3                                                0.000     0.000 r  clk_in (IN)
                         net (fo=0)                   0.000     0.000    clk_in
    E3                   IBUF (Prop_ibuf_I_O)         0.250     0.250 r  clk_in_IBUF_inst/O
                         net (fo=1, routed)           0.644     0.894    clk_in_IBUF
    BUFGCTRL_X0Y16       BUFG (Prop_bufg_I_O)         0.026     0.920 r  clk_in_IBUF_BUFG_inst/O
                         net (fo=38, routed)          0.624     1.544    clk_wiz_0_inst/U0/clk_in1
    MMCME2_ADV_X0Y0      MMCME2_ADV (Prop_mmcme2_adv_CLKIN1_CLKOUT0)
                                                     -1.296     0.248 r  clk_wiz_0_inst/U0/mmcm_adv_inst/CLKOUT0
                         net (fo=1, routed)           0.648     0.896    clk_wiz_0_inst/U0/clk_out1_clk_wiz_0
    BUFGCTRL_X0Y1        BUFG (Prop_bufg_I_O)         0.026     0.922 r  clk_wiz_0_inst/U0/clkout1_buf/O
                         net (fo=72, routed)          0.560     1.481    vga_driver/clk_out1
    SLICE_X58Y63         FDRE                                         r  vga_driver/v_cnt_reg[4]/C
  -------------------------------------------------------------------    -------------------
    SLICE_X58Y63         FDRE (Prop_fdre_C_Q)         0.148     1.629 r  vga_driver/v_cnt_reg[4]/Q
                         net (fo=6, routed)           0.088     1.718    vga_driver/v_cnt_reg[4]
    SLICE_X58Y63         LUT6 (Prop_lut6_I1_O)        0.098     1.816 r  vga_driver/v_cnt[5]_i_1/O
                         net (fo=1, routed)           0.000     1.816    vga_driver/plusOp__0[5]
    SLICE_X58Y63         FDRE                                         r  vga_driver/v_cnt_reg[5]/D
  -------------------------------------------------------------------    -------------------

                         (clock clk_out1_clk_wiz_0 rise edge)
                                                      0.000     0.000 r  
    E3                                                0.000     0.000 r  clk_in (IN)
                         net (fo=0)                   0.000     0.000    clk_in
    E3                   IBUF (Prop_ibuf_I_O)         0.438     0.438 r  clk_in_IBUF_inst/O
                         net (fo=1, routed)           0.699     1.136    clk_in_IBUF
    BUFGCTRL_X0Y16       BUFG (Prop_bufg_I_O)         0.029     1.165 r  clk_in_IBUF_BUFG_inst/O
                         net (fo=38, routed)          0.898     2.063    clk_wiz_0_inst/U0/clk_in1
    MMCME2_ADV_X0Y0      MMCME2_ADV (Prop_mmcme2_adv_CLKIN1_CLKOUT0)
                                                     -1.625     0.438 r  clk_wiz_0_inst/U0/mmcm_adv_inst/CLKOUT0
                         net (fo=1, routed)           0.700     1.138    clk_wiz_0_inst/U0/clk_out1_clk_wiz_0
    BUFGCTRL_X0Y1        BUFG (Prop_bufg_I_O)         0.029     1.167 r  clk_wiz_0_inst/U0/clkout1_buf/O
                         net (fo=72, routed)          0.830     1.997    vga_driver/clk_out1
    SLICE_X58Y63         FDRE                                         r  vga_driver/v_cnt_reg[5]/C
                         clock pessimism             -0.515     1.481    
    SLICE_X58Y63         FDRE (Hold_fdre_C_D)         0.121     1.602    vga_driver/v_cnt_reg[5]
  -------------------------------------------------------------------
                         required time                         -1.602    
                         arrival time                           1.816    
  -------------------------------------------------------------------
                         slack                                  0.213    

Slack (MET) :             0.216ns  (arrival time - required time)
  Source:                 vga_driver/v_cnt_reg[8]/C
                            (rising edge-triggered cell FDRE clocked by clk_out1_clk_wiz_0  {rise@0.000ns fall@12.469ns period=24.938ns})
  Destination:            vga_driver/v_cnt_reg[0]/D
                            (rising edge-triggered cell FDRE clocked by clk_out1_clk_wiz_0  {rise@0.000ns fall@12.469ns period=24.938ns})
  Path Group:             clk_out1_clk_wiz_0
  Path Type:              Hold (Min at Fast Process Corner)
  Requirement:            0.000ns  (clk_out1_clk_wiz_0 rise@0.000ns - clk_out1_clk_wiz_0 rise@0.000ns)
  Data Path Delay:        0.373ns  (logic 0.186ns (49.881%)  route 0.187ns (50.119%))
  Logic Levels:           1  (LUT6=1)
  Clock Path Skew:        0.037ns (DCD - SCD - CPR)
    Destination Clock Delay (DCD):    1.997ns
    Source Clock Delay      (SCD):    1.480ns
    Clock Pessimism Removal (CPR):    0.479ns

    Location             Delay type                Incr(ns)  Path(ns)    Netlist Resource(s)
  -------------------------------------------------------------------    -------------------
                         (clock clk_out1_clk_wiz_0 rise edge)
                                                      0.000     0.000 r  
    E3                                                0.000     0.000 r  clk_in (IN)
                         net (fo=0)                   0.000     0.000    clk_in
    E3                   IBUF (Prop_ibuf_I_O)         0.250     0.250 r  clk_in_IBUF_inst/O
                         net (fo=1, routed)           0.644     0.894    clk_in_IBUF
    BUFGCTRL_X0Y16       BUFG (Prop_bufg_I_O)         0.026     0.920 r  clk_in_IBUF_BUFG_inst/O
                         net (fo=38, routed)          0.624     1.544    clk_wiz_0_inst/U0/clk_in1
    MMCME2_ADV_X0Y0      MMCME2_ADV (Prop_mmcme2_adv_CLKIN1_CLKOUT0)
                                                     -1.296     0.248 r  clk_wiz_0_inst/U0/mmcm_adv_inst/CLKOUT0
                         net (fo=1, routed)           0.648     0.896    clk_wiz_0_inst/U0/clk_out1_clk_wiz_0
    BUFGCTRL_X0Y1        BUFG (Prop_bufg_I_O)         0.026     0.922 r  clk_wiz_0_inst/U0/clkout1_buf/O
                         net (fo=72, routed)          0.559     1.480    vga_driver/clk_out1
    SLICE_X57Y64         FDRE                                         r  vga_driver/v_cnt_reg[8]/C
  -------------------------------------------------------------------    -------------------
    SLICE_X57Y64         FDRE (Prop_fdre_C_Q)         0.141     1.621 f  vga_driver/v_cnt_reg[8]/Q
                         net (fo=8, routed)           0.187     1.808    vga_driver/v_cnt_reg[8]
    SLICE_X58Y64         LUT6 (Prop_lut6_I2_O)        0.045     1.853 r  vga_driver/v_cnt[0]_i_1/O
                         net (fo=1, routed)           0.000     1.853    vga_driver/v_cnt[0]_i_1_n_0
    SLICE_X58Y64         FDRE                                         r  vga_driver/v_cnt_reg[0]/D
  -------------------------------------------------------------------    -------------------

                         (clock clk_out1_clk_wiz_0 rise edge)
                                                      0.000     0.000 r  
    E3                                                0.000     0.000 r  clk_in (IN)
                         net (fo=0)                   0.000     0.000    clk_in
    E3                   IBUF (Prop_ibuf_I_O)         0.438     0.438 r  clk_in_IBUF_inst/O
                         net (fo=1, routed)           0.699     1.136    clk_in_IBUF
    BUFGCTRL_X0Y16       BUFG (Prop_bufg_I_O)         0.029     1.165 r  clk_in_IBUF_BUFG_inst/O
                         net (fo=38, routed)          0.898     2.063    clk_wiz_0_inst/U0/clk_in1
    MMCME2_ADV_X0Y0      MMCME2_ADV (Prop_mmcme2_adv_CLKIN1_CLKOUT0)
                                                     -1.625     0.438 r  clk_wiz_0_inst/U0/mmcm_adv_inst/CLKOUT0
                         net (fo=1, routed)           0.700     1.138    clk_wiz_0_inst/U0/clk_out1_clk_wiz_0
    BUFGCTRL_X0Y1        BUFG (Prop_bufg_I_O)         0.029     1.167 r  clk_wiz_0_inst/U0/clkout1_buf/O
                         net (fo=72, routed)          0.830     1.997    vga_driver/clk_out1
    SLICE_X58Y64         FDRE                                         r  vga_driver/v_cnt_reg[0]/C
                         clock pessimism             -0.479     1.517    
    SLICE_X58Y64         FDRE (Hold_fdre_C_D)         0.120     1.637    vga_driver/v_cnt_reg[0]
  -------------------------------------------------------------------
                         required time                         -1.637    
                         arrival time                           1.853    
  -------------------------------------------------------------------
                         slack                                  0.216    

Slack (MET) :             0.235ns  (arrival time - required time)
  Source:                 vga_driver/h_cnt_reg[7]/C
                            (rising edge-triggered cell FDRE clocked by clk_out1_clk_wiz_0  {rise@0.000ns fall@12.469ns period=24.938ns})
  Destination:            vga_driver/pixel_col_reg[7]_rep__1/D
                            (rising edge-triggered cell FDRE clocked by clk_out1_clk_wiz_0  {rise@0.000ns fall@12.469ns period=24.938ns})
  Path Group:             clk_out1_clk_wiz_0
  Path Type:              Hold (Min at Fast Process Corner)
  Requirement:            0.000ns  (clk_out1_clk_wiz_0 rise@0.000ns - clk_out1_clk_wiz_0 rise@0.000ns)
  Data Path Delay:        0.550ns  (logic 0.141ns (25.625%)  route 0.409ns (74.375%))
  Logic Levels:           0  
  Clock Path Skew:        0.262ns (DCD - SCD - CPR)
    Destination Clock Delay (DCD):    1.991ns
    Source Clock Delay      (SCD):    1.478ns
    Clock Pessimism Removal (CPR):    0.250ns

    Location             Delay type                Incr(ns)  Path(ns)    Netlist Resource(s)
  -------------------------------------------------------------------    -------------------
                         (clock clk_out1_clk_wiz_0 rise edge)
                                                      0.000     0.000 r  
    E3                                                0.000     0.000 r  clk_in (IN)
                         net (fo=0)                   0.000     0.000    clk_in
    E3                   IBUF (Prop_ibuf_I_O)         0.250     0.250 r  clk_in_IBUF_inst/O
                         net (fo=1, routed)           0.644     0.894    clk_in_IBUF
    BUFGCTRL_X0Y16       BUFG (Prop_bufg_I_O)         0.026     0.920 r  clk_in_IBUF_BUFG_inst/O
                         net (fo=38, routed)          0.624     1.544    clk_wiz_0_inst/U0/clk_in1
    MMCME2_ADV_X0Y0      MMCME2_ADV (Prop_mmcme2_adv_CLKIN1_CLKOUT0)
                                                     -1.296     0.248 r  clk_wiz_0_inst/U0/mmcm_adv_inst/CLKOUT0
                         net (fo=1, routed)           0.648     0.896    clk_wiz_0_inst/U0/clk_out1_clk_wiz_0
    BUFGCTRL_X0Y1        BUFG (Prop_bufg_I_O)         0.026     0.922 r  clk_wiz_0_inst/U0/clkout1_buf/O
                         net (fo=72, routed)          0.557     1.478    vga_driver/clk_out1
    SLICE_X57Y67         FDRE                                         r  vga_driver/h_cnt_reg[7]/C
  -------------------------------------------------------------------    -------------------
    SLICE_X57Y67         FDRE (Prop_fdre_C_Q)         0.141     1.619 r  vga_driver/h_cnt_reg[7]/Q
                         net (fo=13, routed)          0.409     2.029    vga_driver/h_cnt_reg[7]
    SLICE_X50Y68         FDRE                                         r  vga_driver/pixel_col_reg[7]_rep__1/D
  -------------------------------------------------------------------    -------------------

                         (clock clk_out1_clk_wiz_0 rise edge)
                                                      0.000     0.000 r  
    E3                                                0.000     0.000 r  clk_in (IN)
                         net (fo=0)                   0.000     0.000    clk_in
    E3                   IBUF (Prop_ibuf_I_O)         0.438     0.438 r  clk_in_IBUF_inst/O
                         net (fo=1, routed)           0.699     1.136    clk_in_IBUF
    BUFGCTRL_X0Y16       BUFG (Prop_bufg_I_O)         0.029     1.165 r  clk_in_IBUF_BUFG_inst/O
                         net (fo=38, routed)          0.898     2.063    clk_wiz_0_inst/U0/clk_in1
    MMCME2_ADV_X0Y0      MMCME2_ADV (Prop_mmcme2_adv_CLKIN1_CLKOUT0)
                                                     -1.625     0.438 r  clk_wiz_0_inst/U0/mmcm_adv_inst/CLKOUT0
                         net (fo=1, routed)           0.700     1.138    clk_wiz_0_inst/U0/clk_out1_clk_wiz_0
    BUFGCTRL_X0Y1        BUFG (Prop_bufg_I_O)         0.029     1.167 r  clk_wiz_0_inst/U0/clkout1_buf/O
                         net (fo=72, routed)          0.824     1.991    vga_driver/clk_out1
    SLICE_X50Y68         FDRE                                         r  vga_driver/pixel_col_reg[7]_rep__1/C
                         clock pessimism             -0.250     1.740    
    SLICE_X50Y68         FDRE (Hold_fdre_C_D)         0.053     1.793    vga_driver/pixel_col_reg[7]_rep__1
  -------------------------------------------------------------------
                         required time                         -1.793    
                         arrival time                           2.029    
  -------------------------------------------------------------------
                         slack                                  0.235    

Slack (MET) :             0.244ns  (arrival time - required time)
  Source:                 vga_driver/v_cnt_reg[6]/C
                            (rising edge-triggered cell FDRE clocked by clk_out1_clk_wiz_0  {rise@0.000ns fall@12.469ns period=24.938ns})
  Destination:            vga_driver/v_cnt_reg[7]/D
                            (rising edge-triggered cell FDRE clocked by clk_out1_clk_wiz_0  {rise@0.000ns fall@12.469ns period=24.938ns})
  Path Group:             clk_out1_clk_wiz_0
  Path Type:              Hold (Min at Fast Process Corner)
  Requirement:            0.000ns  (clk_out1_clk_wiz_0 rise@0.000ns - clk_out1_clk_wiz_0 rise@0.000ns)
  Data Path Delay:        0.351ns  (logic 0.183ns (52.092%)  route 0.168ns (47.908%))
  Logic Levels:           1  (LUT3=1)
  Clock Path Skew:        0.000ns (DCD - SCD - CPR)
    Destination Clock Delay (DCD):    1.997ns
    Source Clock Delay      (SCD):    1.481ns
    Clock Pessimism Removal (CPR):    0.515ns

    Location             Delay type                Incr(ns)  Path(ns)    Netlist Resource(s)
  -------------------------------------------------------------------    -------------------
                         (clock clk_out1_clk_wiz_0 rise edge)
                                                      0.000     0.000 r  
    E3                                                0.000     0.000 r  clk_in (IN)
                         net (fo=0)                   0.000     0.000    clk_in
    E3                   IBUF (Prop_ibuf_I_O)         0.250     0.250 r  clk_in_IBUF_inst/O
                         net (fo=1, routed)           0.644     0.894    clk_in_IBUF
    BUFGCTRL_X0Y16       BUFG (Prop_bufg_I_O)         0.026     0.920 r  clk_in_IBUF_BUFG_inst/O
                         net (fo=38, routed)          0.624     1.544    clk_wiz_0_inst/U0/clk_in1
    MMCME2_ADV_X0Y0      MMCME2_ADV (Prop_mmcme2_adv_CLKIN1_CLKOUT0)
                                                     -1.296     0.248 r  clk_wiz_0_inst/U0/mmcm_adv_inst/CLKOUT0
                         net (fo=1, routed)           0.648     0.896    clk_wiz_0_inst/U0/clk_out1_clk_wiz_0
    BUFGCTRL_X0Y1        BUFG (Prop_bufg_I_O)         0.026     0.922 r  clk_wiz_0_inst/U0/clkout1_buf/O
                         net (fo=72, routed)          0.560     1.481    vga_driver/clk_out1
    SLICE_X59Y64         FDRE                                         r  vga_driver/v_cnt_reg[6]/C
  -------------------------------------------------------------------    -------------------
    SLICE_X59Y64         FDRE (Prop_fdre_C_Q)         0.141     1.622 r  vga_driver/v_cnt_reg[6]/Q
                         net (fo=9, routed)           0.168     1.791    vga_driver/v_cnt_reg[6]
    SLICE_X59Y64         LUT3 (Prop_lut3_I2_O)        0.042     1.833 r  vga_driver/v_cnt[7]_i_1/O
                         net (fo=1, routed)           0.000     1.833    vga_driver/plusOp__0[7]
    SLICE_X59Y64         FDRE                                         r  vga_driver/v_cnt_reg[7]/D
  -------------------------------------------------------------------    -------------------

                         (clock clk_out1_clk_wiz_0 rise edge)
                                                      0.000     0.000 r  
    E3                                                0.000     0.000 r  clk_in (IN)
                         net (fo=0)                   0.000     0.000    clk_in
    E3                   IBUF (Prop_ibuf_I_O)         0.438     0.438 r  clk_in_IBUF_inst/O
                         net (fo=1, routed)           0.699     1.136    clk_in_IBUF
    BUFGCTRL_X0Y16       BUFG (Prop_bufg_I_O)         0.029     1.165 r  clk_in_IBUF_BUFG_inst/O
                         net (fo=38, routed)          0.898     2.063    clk_wiz_0_inst/U0/clk_in1
    MMCME2_ADV_X0Y0      MMCME2_ADV (Prop_mmcme2_adv_CLKIN1_CLKOUT0)
                                                     -1.625     0.438 r  clk_wiz_0_inst/U0/mmcm_adv_inst/CLKOUT0
                         net (fo=1, routed)           0.700     1.138    clk_wiz_0_inst/U0/clk_out1_clk_wiz_0
    BUFGCTRL_X0Y1        BUFG (Prop_bufg_I_O)         0.029     1.167 r  clk_wiz_0_inst/U0/clkout1_buf/O
                         net (fo=72, routed)          0.830     1.997    vga_driver/clk_out1
    SLICE_X59Y64         FDRE                                         r  vga_driver/v_cnt_reg[7]/C
                         clock pessimism             -0.515     1.481    
    SLICE_X59Y64         FDRE (Hold_fdre_C_D)         0.107     1.588    vga_driver/v_cnt_reg[7]
  -------------------------------------------------------------------
                         required time                         -1.588    
                         arrival time                           1.833    
  -------------------------------------------------------------------
                         slack                                  0.244    

Slack (MET) :             0.249ns  (arrival time - required time)
  Source:                 vga_driver/h_cnt_reg[2]/C
                            (rising edge-triggered cell FDRE clocked by clk_out1_clk_wiz_0  {rise@0.000ns fall@12.469ns period=24.938ns})
  Destination:            vga_driver/pixel_col_reg[2]_rep__1/D
                            (rising edge-triggered cell FDRE clocked by clk_out1_clk_wiz_0  {rise@0.000ns fall@12.469ns period=24.938ns})
  Path Group:             clk_out1_clk_wiz_0
  Path Type:              Hold (Min at Fast Process Corner)
  Requirement:            0.000ns  (clk_out1_clk_wiz_0 rise@0.000ns - clk_out1_clk_wiz_0 rise@0.000ns)
  Data Path Delay:        0.570ns  (logic 0.164ns (28.750%)  route 0.406ns (71.250%))
  Logic Levels:           0  
  Clock Path Skew:        0.262ns (DCD - SCD - CPR)
    Destination Clock Delay (DCD):    1.991ns
    Source Clock Delay      (SCD):    1.478ns
    Clock Pessimism Removal (CPR):    0.250ns

    Location             Delay type                Incr(ns)  Path(ns)    Netlist Resource(s)
  -------------------------------------------------------------------    -------------------
                         (clock clk_out1_clk_wiz_0 rise edge)
                                                      0.000     0.000 r  
    E3                                                0.000     0.000 r  clk_in (IN)
                         net (fo=0)                   0.000     0.000    clk_in
    E3                   IBUF (Prop_ibuf_I_O)         0.250     0.250 r  clk_in_IBUF_inst/O
                         net (fo=1, routed)           0.644     0.894    clk_in_IBUF
    BUFGCTRL_X0Y16       BUFG (Prop_bufg_I_O)         0.026     0.920 r  clk_in_IBUF_BUFG_inst/O
                         net (fo=38, routed)          0.624     1.544    clk_wiz_0_inst/U0/clk_in1
    MMCME2_ADV_X0Y0      MMCME2_ADV (Prop_mmcme2_adv_CLKIN1_CLKOUT0)
                                                     -1.296     0.248 r  clk_wiz_0_inst/U0/mmcm_adv_inst/CLKOUT0
                         net (fo=1, routed)           0.648     0.896    clk_wiz_0_inst/U0/clk_out1_clk_wiz_0
    BUFGCTRL_X0Y1        BUFG (Prop_bufg_I_O)         0.026     0.922 r  clk_wiz_0_inst/U0/clkout1_buf/O
                         net (fo=72, routed)          0.557     1.478    vga_driver/clk_out1
    SLICE_X56Y67         FDRE                                         r  vga_driver/h_cnt_reg[2]/C
  -------------------------------------------------------------------    -------------------
    SLICE_X56Y67         FDRE (Prop_fdre_C_Q)         0.164     1.642 r  vga_driver/h_cnt_reg[2]/Q
                         net (fo=11, routed)          0.406     2.049    vga_driver/h_cnt_reg[2]
    SLICE_X50Y68         FDRE                                         r  vga_driver/pixel_col_reg[2]_rep__1/D
  -------------------------------------------------------------------    -------------------

                         (clock clk_out1_clk_wiz_0 rise edge)
                                                      0.000     0.000 r  
    E3                                                0.000     0.000 r  clk_in (IN)
                         net (fo=0)                   0.000     0.000    clk_in
    E3                   IBUF (Prop_ibuf_I_O)         0.438     0.438 r  clk_in_IBUF_inst/O
                         net (fo=1, routed)           0.699     1.136    clk_in_IBUF
    BUFGCTRL_X0Y16       BUFG (Prop_bufg_I_O)         0.029     1.165 r  clk_in_IBUF_BUFG_inst/O
                         net (fo=38, routed)          0.898     2.063    clk_wiz_0_inst/U0/clk_in1
    MMCME2_ADV_X0Y0      MMCME2_ADV (Prop_mmcme2_adv_CLKIN1_CLKOUT0)
                                                     -1.625     0.438 r  clk_wiz_0_inst/U0/mmcm_adv_inst/CLKOUT0
                         net (fo=1, routed)           0.700     1.138    clk_wiz_0_inst/U0/clk_out1_clk_wiz_0
    BUFGCTRL_X0Y1        BUFG (Prop_bufg_I_O)         0.029     1.167 r  clk_wiz_0_inst/U0/clkout1_buf/O
                         net (fo=72, routed)          0.824     1.991    vga_driver/clk_out1
    SLICE_X50Y68         FDRE                                         r  vga_driver/pixel_col_reg[2]_rep__1/C
                         clock pessimism             -0.250     1.740    
    SLICE_X50Y68         FDRE (Hold_fdre_C_D)         0.059     1.799    vga_driver/pixel_col_reg[2]_rep__1
  -------------------------------------------------------------------
                         required time                         -1.799    
                         arrival time                           2.049    
  -------------------------------------------------------------------
                         slack                                  0.249    

Slack (MET) :             0.251ns  (arrival time - required time)
  Source:                 vga_driver/h_cnt_reg[0]/C
                            (rising edge-triggered cell FDRE clocked by clk_out1_clk_wiz_0  {rise@0.000ns fall@12.469ns period=24.938ns})
  Destination:            vga_driver/h_cnt_reg[1]/D
                            (rising edge-triggered cell FDRE clocked by clk_out1_clk_wiz_0  {rise@0.000ns fall@12.469ns period=24.938ns})
  Path Group:             clk_out1_clk_wiz_0
  Path Type:              Hold (Min at Fast Process Corner)
  Requirement:            0.000ns  (clk_out1_clk_wiz_0 rise@0.000ns - clk_out1_clk_wiz_0 rise@0.000ns)
  Data Path Delay:        0.382ns  (logic 0.207ns (54.146%)  route 0.175ns (45.854%))
  Logic Levels:           1  (LUT2=1)
  Clock Path Skew:        0.000ns (DCD - SCD - CPR)
    Destination Clock Delay (DCD):    1.996ns
    Source Clock Delay      (SCD):    1.481ns
    Clock Pessimism Removal (CPR):    0.514ns

    Location             Delay type                Incr(ns)  Path(ns)    Netlist Resource(s)
  -------------------------------------------------------------------    -------------------
                         (clock clk_out1_clk_wiz_0 rise edge)
                                                      0.000     0.000 r  
    E3                                                0.000     0.000 r  clk_in (IN)
                         net (fo=0)                   0.000     0.000    clk_in
    E3                   IBUF (Prop_ibuf_I_O)         0.250     0.250 r  clk_in_IBUF_inst/O
                         net (fo=1, routed)           0.644     0.894    clk_in_IBUF
    BUFGCTRL_X0Y16       BUFG (Prop_bufg_I_O)         0.026     0.920 r  clk_in_IBUF_BUFG_inst/O
                         net (fo=38, routed)          0.624     1.544    clk_wiz_0_inst/U0/clk_in1
    MMCME2_ADV_X0Y0      MMCME2_ADV (Prop_mmcme2_adv_CLKIN1_CLKOUT0)
                                                     -1.296     0.248 r  clk_wiz_0_inst/U0/mmcm_adv_inst/CLKOUT0
                         net (fo=1, routed)           0.648     0.896    clk_wiz_0_inst/U0/clk_out1_clk_wiz_0
    BUFGCTRL_X0Y1        BUFG (Prop_bufg_I_O)         0.026     0.922 r  clk_wiz_0_inst/U0/clkout1_buf/O
                         net (fo=72, routed)          0.560     1.481    vga_driver/clk_out1
    SLICE_X58Y65         FDRE                                         r  vga_driver/h_cnt_reg[0]/C
  -------------------------------------------------------------------    -------------------
    SLICE_X58Y65         FDRE (Prop_fdre_C_Q)         0.164     1.645 r  vga_driver/h_cnt_reg[0]/Q
                         net (fo=10, routed)          0.175     1.821    vga_driver/h_cnt_reg[0]
    SLICE_X58Y65         LUT2 (Prop_lut2_I0_O)        0.043     1.864 r  vga_driver/h_cnt[1]_i_1/O
                         net (fo=1, routed)           0.000     1.864    vga_driver/plusOp[1]
    SLICE_X58Y65         FDRE                                         r  vga_driver/h_cnt_reg[1]/D
  -------------------------------------------------------------------    -------------------

                         (clock clk_out1_clk_wiz_0 rise edge)
                                                      0.000     0.000 r  
    E3                                                0.000     0.000 r  clk_in (IN)
                         net (fo=0)                   0.000     0.000    clk_in
    E3                   IBUF (Prop_ibuf_I_O)         0.438     0.438 r  clk_in_IBUF_inst/O
                         net (fo=1, routed)           0.699     1.136    clk_in_IBUF
    BUFGCTRL_X0Y16       BUFG (Prop_bufg_I_O)         0.029     1.165 r  clk_in_IBUF_BUFG_inst/O
                         net (fo=38, routed)          0.898     2.063    clk_wiz_0_inst/U0/clk_in1
    MMCME2_ADV_X0Y0      MMCME2_ADV (Prop_mmcme2_adv_CLKIN1_CLKOUT0)
                                                     -1.625     0.438 r  clk_wiz_0_inst/U0/mmcm_adv_inst/CLKOUT0
                         net (fo=1, routed)           0.700     1.138    clk_wiz_0_inst/U0/clk_out1_clk_wiz_0
    BUFGCTRL_X0Y1        BUFG (Prop_bufg_I_O)         0.029     1.167 r  clk_wiz_0_inst/U0/clkout1_buf/O
                         net (fo=72, routed)          0.829     1.996    vga_driver/clk_out1
    SLICE_X58Y65         FDRE                                         r  vga_driver/h_cnt_reg[1]/C
                         clock pessimism             -0.514     1.481    
    SLICE_X58Y65         FDRE (Hold_fdre_C_D)         0.131     1.612    vga_driver/h_cnt_reg[1]
  -------------------------------------------------------------------
                         required time                         -1.612    
                         arrival time                           1.864    
  -------------------------------------------------------------------
                         slack                                  0.251    





Pulse Width Checks
--------------------------------------------------------------------------------------
Clock Name:         clk_out1_clk_wiz_0
Waveform(ns):       { 0.000 12.469 }
Period(ns):         24.938
Sources:            { clk_wiz_0_inst/U0/mmcm_adv_inst/CLKOUT0 }

Check Type        Corner  Lib Pin             Reference Pin  Required(ns)  Actual(ns)  Slack(ns)  Location         Pin
Min Period        n/a     BUFG/I              n/a            2.155         24.938      22.783     BUFGCTRL_X0Y1    clk_wiz_0_inst/U0/clkout1_buf/I
Min Period        n/a     MMCME2_ADV/CLKOUT0  n/a            1.249         24.938      23.689     MMCME2_ADV_X0Y0  clk_wiz_0_inst/U0/mmcm_adv_inst/CLKOUT0
Min Period        n/a     FDRE/C              n/a            1.000         24.938      23.938     SLICE_X48Y66     vga_driver/blue_out_reg[3]/C
Min Period        n/a     FDRE/C              n/a            1.000         24.938      23.938     SLICE_X49Y66     vga_driver/green_out_reg[3]/C
Min Period        n/a     FDRE/C              n/a            1.000         24.938      23.938     SLICE_X58Y65     vga_driver/h_cnt_reg[0]/C
Min Period        n/a     FDRE/C              n/a            1.000         24.938      23.938     SLICE_X58Y65     vga_driver/h_cnt_reg[10]/C
Min Period        n/a     FDRE/C              n/a            1.000         24.938      23.938     SLICE_X58Y65     vga_driver/h_cnt_reg[1]/C
Min Period        n/a     FDRE/C              n/a            1.000         24.938      23.938     SLICE_X56Y67     vga_driver/h_cnt_reg[2]/C
Min Period        n/a     FDRE/C              n/a            1.000         24.938      23.938     SLICE_X56Y67     vga_driver/h_cnt_reg[3]/C
Min Period        n/a     FDRE/C              n/a            1.000         24.938      23.938     SLICE_X59Y67     vga_driver/h_cnt_reg[4]/C
Max Period        n/a     MMCME2_ADV/CLKOUT0  n/a            213.360       24.938      188.422    MMCME2_ADV_X0Y0  clk_wiz_0_inst/U0/mmcm_adv_inst/CLKOUT0
Low Pulse Width   Slow    FDRE/C              n/a            0.500         12.469      11.969     SLICE_X48Y66     vga_driver/blue_out_reg[3]/C
Low Pulse Width   Fast    FDRE/C              n/a            0.500         12.469      11.969     SLICE_X48Y66     vga_driver/blue_out_reg[3]/C
Low Pulse Width   Slow    FDRE/C              n/a            0.500         12.469      11.969     SLICE_X49Y66     vga_driver/green_out_reg[3]/C
Low Pulse Width   Fast    FDRE/C              n/a            0.500         12.469      11.969     SLICE_X49Y66     vga_driver/green_out_reg[3]/C
Low Pulse Width   Slow    FDRE/C              n/a            0.500         12.469      11.969     SLICE_X58Y65     vga_driver/h_cnt_reg[0]/C
Low Pulse Width   Fast    FDRE/C              n/a            0.500         12.469      11.969     SLICE_X58Y65     vga_driver/h_cnt_reg[0]/C
Low Pulse Width   Slow    FDRE/C              n/a            0.500         12.469      11.969     SLICE_X58Y65     vga_driver/h_cnt_reg[10]/C
Low Pulse Width   Fast    FDRE/C              n/a            0.500         12.469      11.969     SLICE_X58Y65     vga_driver/h_cnt_reg[10]/C
Low Pulse Width   Slow    FDRE/C              n/a            0.500         12.469      11.969     SLICE_X58Y65     vga_driver/h_cnt_reg[1]/C
Low Pulse Width   Fast    FDRE/C              n/a            0.500         12.469      11.969     SLICE_X58Y65     vga_driver/h_cnt_reg[1]/C
High Pulse Width  Slow    FDRE/C              n/a            0.500         12.469      11.969     SLICE_X48Y66     vga_driver/blue_out_reg[3]/C
High Pulse Width  Fast    FDRE/C              n/a            0.500         12.469      11.969     SLICE_X48Y66     vga_driver/blue_out_reg[3]/C
High Pulse Width  Slow    FDRE/C              n/a            0.500         12.469      11.969     SLICE_X49Y66     vga_driver/green_out_reg[3]/C
High Pulse Width  Fast    FDRE/C              n/a            0.500         12.469      11.969     SLICE_X49Y66     vga_driver/green_out_reg[3]/C
High Pulse Width  Slow    FDRE/C              n/a            0.500         12.469      11.969     SLICE_X58Y65     vga_driver/h_cnt_reg[0]/C
High Pulse Width  Fast    FDRE/C              n/a            0.500         12.469      11.969     SLICE_X58Y65     vga_driver/h_cnt_reg[0]/C
High Pulse Width  Slow    FDRE/C              n/a            0.500         12.469      11.969     SLICE_X58Y65     vga_driver/h_cnt_reg[10]/C
High Pulse Width  Fast    FDRE/C              n/a            0.500         12.469      11.969     SLICE_X58Y65     vga_driver/h_cnt_reg[10]/C
High Pulse Width  Slow    FDRE/C              n/a            0.500         12.469      11.969     SLICE_X58Y65     vga_driver/h_cnt_reg[1]/C
High Pulse Width  Fast    FDRE/C              n/a            0.500         12.469      11.969     SLICE_X58Y65     vga_driver/h_cnt_reg[1]/C



---------------------------------------------------------------------------------------------------
From Clock:  clkfbout_clk_wiz_0
  To Clock:  clkfbout_clk_wiz_0

Setup :           NA  Failing Endpoints,  Worst Slack           NA  ,  Total Violation           NA
Hold  :           NA  Failing Endpoints,  Worst Slack           NA  ,  Total Violation           NA
PW    :            0  Failing Endpoints,  Worst Slack        7.845ns,  Total Violation        0.000ns
---------------------------------------------------------------------------------------------------


Pulse Width Checks
--------------------------------------------------------------------------------------
Clock Name:         clkfbout_clk_wiz_0
Waveform(ns):       { 0.000 5.000 }
Period(ns):         10.000
Sources:            { clk_wiz_0_inst/U0/mmcm_adv_inst/CLKFBOUT }

Check Type  Corner  Lib Pin              Reference Pin  Required(ns)  Actual(ns)  Slack(ns)  Location         Pin
Min Period  n/a     BUFG/I               n/a            2.155         10.000      7.845      BUFGCTRL_X0Y2    clk_wiz_0_inst/U0/clkf_buf/I
Min Period  n/a     MMCME2_ADV/CLKFBOUT  n/a            1.249         10.000      8.751      MMCME2_ADV_X0Y0  clk_wiz_0_inst/U0/mmcm_adv_inst/CLKFBOUT
Min Period  n/a     MMCME2_ADV/CLKFBIN   n/a            1.249         10.000      8.751      MMCME2_ADV_X0Y0  clk_wiz_0_inst/U0/mmcm_adv_inst/CLKFBIN
Max Period  n/a     MMCME2_ADV/CLKFBIN   n/a            100.000       10.000      90.000     MMCME2_ADV_X0Y0  clk_wiz_0_inst/U0/mmcm_adv_inst/CLKFBIN
Max Period  n/a     MMCME2_ADV/CLKFBOUT  n/a            213.360       10.000      203.360    MMCME2_ADV_X0Y0  clk_wiz_0_inst/U0/mmcm_adv_inst/CLKFBOUT



---------------------------------------------------------------------------------------------------
From Clock:  sys_clk_pin
  To Clock:  clk_out1_clk_wiz_0

Setup :            2  Failing Endpoints,  Worst Slack       -6.047ns,  Total Violation      -12.087ns
Hold  :            0  Failing Endpoints,  Worst Slack        0.482ns,  Total Violation        0.000ns
---------------------------------------------------------------------------------------------------


Max Delay Paths
--------------------------------------------------------------------------------------
Slack (VIOLATED) :        -6.047ns  (required time - arrival time)
  Source:                 shippos_reg[3]/C
                            (rising edge-triggered cell FDRE clocked by sys_clk_pin  {rise@0.000ns fall@5.000ns period=10.000ns})
  Destination:            vga_driver/blue_out_reg[3]/D
                            (rising edge-triggered cell FDRE clocked by clk_out1_clk_wiz_0  {rise@0.000ns fall@12.469ns period=24.938ns})
  Path Group:             clk_out1_clk_wiz_0
  Path Type:              Setup (Max at Slow Process Corner)
  Requirement:            0.123ns  (clk_out1_clk_wiz_0 rise@1970.124ns - sys_clk_pin rise@1970.000ns)
  Data Path Delay:        5.895ns  (logic 2.750ns (46.647%)  route 3.145ns (53.353%))
  Logic Levels:           9  (CARRY4=4 LUT4=1 LUT6=4)
  Clock Path Skew:        -0.126ns (DCD - SCD + CPR)
    Destination Clock Delay (DCD):    4.929ns = ( 1975.052 - 1970.124 ) 
    Source Clock Delay      (SCD):    5.235ns = ( 1975.235 - 1970.000 ) 
    Clock Pessimism Removal (CPR):    0.180ns
  Clock Uncertainty:      0.181ns  ((TSJ^2 + DJ^2)^1/2) / 2 + PE
    Total System Jitter     (TSJ):    0.071ns
    Discrete Jitter          (DJ):    0.152ns
    Phase Error              (PE):    0.098ns

    Location             Delay type                Incr(ns)  Path(ns)    Netlist Resource(s)
  -------------------------------------------------------------------    -------------------
                         (clock sys_clk_pin rise edge)
                                                   1970.000  1970.000 r  
    E3                                                0.000  1970.000 r  clk_in (IN)
                         net (fo=0)                   0.000  1970.000    clk_in
    E3                   IBUF (Prop_ibuf_I_O)         1.482  1971.482 r  clk_in_IBUF_inst/O
                         net (fo=1, routed)           2.025  1973.506    clk_in_IBUF
    BUFGCTRL_X0Y16       BUFG (Prop_bufg_I_O)         0.096  1973.602 r  clk_in_IBUF_BUFG_inst/O
                         net (fo=38, routed)          1.632  1975.235    clk_in_IBUF_BUFG
    SLICE_X47Y59         FDRE                                         r  shippos_reg[3]/C
  -------------------------------------------------------------------    -------------------
    SLICE_X47Y59         FDRE (Prop_fdre_C_Q)         0.456  1975.691 r  shippos_reg[3]/Q
                         net (fo=43, routed)          0.915  1976.606    vga_driver/blue_out_reg[3]_i_553_0[3]
    SLICE_X51Y62         LUT4 (Prop_lut4_I1_O)        0.124  1976.730 r  vga_driver/blue_out[3]_i_1426/O
                         net (fo=1, routed)           0.000  1976.730    vga_driver/blue_out[3]_i_1426_n_0
    SLICE_X51Y62         CARRY4 (Prop_carry4_S[3]_CO[3])
                                                      0.401  1977.131 r  vga_driver/blue_out_reg[3]_i_932/CO[3]
                         net (fo=1, routed)           0.000  1977.131    vga_driver/blue_out_reg[3]_i_932_n_0
    SLICE_X51Y63         CARRY4 (Prop_carry4_CI_O[1])
                                                      0.334  1977.465 f  vga_driver/blue_out_reg[3]_i_1406/O[1]
                         net (fo=2, routed)           0.568  1978.034    vga_driver/add_sl/minusOp0_in[5]
    SLICE_X53Y65         LUT6 (Prop_lut6_I0_O)        0.303  1978.337 r  vga_driver/blue_out[3]_i_914/O
                         net (fo=1, routed)           0.466  1978.802    vga_driver/blue_out[3]_i_914_n_0
    SLICE_X51Y65         CARRY4 (Prop_carry4_DI[2]_CO[3])
                                                      0.398  1979.200 r  vga_driver/blue_out_reg[3]_i_517/CO[3]
                         net (fo=1, routed)           0.000  1979.200    vga_driver/blue_out_reg[3]_i_517_n_0
    SLICE_X51Y66         CARRY4 (Prop_carry4_CI_CO[1])
                                                      0.157  1979.357 r  vga_driver/blue_out_reg[3]_i_271/CO[1]
                         net (fo=1, routed)           0.310  1979.667    vga_driver/add_sl/geqOp6163_in
    SLICE_X49Y66         LUT6 (Prop_lut6_I4_O)        0.329  1979.996 r  vga_driver/blue_out[3]_i_100/O
                         net (fo=1, routed)           0.574  1980.570    vga_driver/blue_out[3]_i_100_n_0
    SLICE_X48Y65         LUT6 (Prop_lut6_I4_O)        0.124  1980.694 r  vga_driver/blue_out[3]_i_26/O
                         net (fo=2, routed)           0.312  1981.006    vga_driver/blue_out[3]_i_26_n_0
    SLICE_X48Y66         LUT6 (Prop_lut6_I4_O)        0.124  1981.130 r  vga_driver/blue_out[3]_i_1_comp/O
                         net (fo=1, routed)           0.000  1981.130    vga_driver/blue_out[3]_i_1_n_0
    SLICE_X48Y66         FDRE                                         r  vga_driver/blue_out_reg[3]/D
  -------------------------------------------------------------------    -------------------

                         (clock clk_out1_clk_wiz_0 rise edge)
                                                   1970.124  1970.124 r  
    E3                                                0.000  1970.124 r  clk_in (IN)
                         net (fo=0)                   0.000  1970.124    clk_in
    E3                   IBUF (Prop_ibuf_I_O)         1.411  1971.535 r  clk_in_IBUF_inst/O
                         net (fo=1, routed)           1.920  1973.455    clk_in_IBUF
    BUFGCTRL_X0Y16       BUFG (Prop_bufg_I_O)         0.091  1973.546 r  clk_in_IBUF_BUFG_inst/O
                         net (fo=38, routed)          1.683  1975.229    clk_wiz_0_inst/U0/clk_in1
    MMCME2_ADV_X0Y0      MMCME2_ADV (Prop_mmcme2_adv_CLKIN1_CLKOUT0)
                                                     -3.694  1971.535 r  clk_wiz_0_inst/U0/mmcm_adv_inst/CLKOUT0
                         net (fo=1, routed)           1.923  1973.458    clk_wiz_0_inst/U0/clk_out1_clk_wiz_0
    BUFGCTRL_X0Y1        BUFG (Prop_bufg_I_O)         0.091  1973.549 r  clk_wiz_0_inst/U0/clkout1_buf/O
                         net (fo=72, routed)          1.503  1975.052    vga_driver/clk_out1
    SLICE_X48Y66         FDRE                                         r  vga_driver/blue_out_reg[3]/C
                         clock pessimism              0.180  1975.232    
                         clock uncertainty           -0.181  1975.051    
    SLICE_X48Y66         FDRE (Setup_fdre_C_D)        0.032  1975.083    vga_driver/blue_out_reg[3]
  -------------------------------------------------------------------
                         required time                       1975.083    
                         arrival time                       -1981.130    
  -------------------------------------------------------------------
                         slack                                 -6.047    

Slack (VIOLATED) :        -6.040ns  (required time - arrival time)
  Source:                 shippos_reg[3]/C
                            (rising edge-triggered cell FDRE clocked by sys_clk_pin  {rise@0.000ns fall@5.000ns period=10.000ns})
  Destination:            vga_driver/green_out_reg[3]/D
                            (rising edge-triggered cell FDRE clocked by clk_out1_clk_wiz_0  {rise@0.000ns fall@12.469ns period=24.938ns})
  Path Group:             clk_out1_clk_wiz_0
  Path Type:              Setup (Max at Slow Process Corner)
  Requirement:            0.123ns  (clk_out1_clk_wiz_0 rise@1970.124ns - sys_clk_pin rise@1970.000ns)
  Data Path Delay:        5.888ns  (logic 2.750ns (46.705%)  route 3.138ns (53.295%))
  Logic Levels:           9  (CARRY4=4 LUT4=1 LUT6=4)
  Clock Path Skew:        -0.126ns (DCD - SCD + CPR)
    Destination Clock Delay (DCD):    4.929ns = ( 1975.052 - 1970.124 ) 
    Source Clock Delay      (SCD):    5.235ns = ( 1975.235 - 1970.000 ) 
    Clock Pessimism Removal (CPR):    0.180ns
  Clock Uncertainty:      0.181ns  ((TSJ^2 + DJ^2)^1/2) / 2 + PE
    Total System Jitter     (TSJ):    0.071ns
    Discrete Jitter          (DJ):    0.152ns
    Phase Error              (PE):    0.098ns

    Location             Delay type                Incr(ns)  Path(ns)    Netlist Resource(s)
  -------------------------------------------------------------------    -------------------
                         (clock sys_clk_pin rise edge)
                                                   1970.000  1970.000 r  
    E3                                                0.000  1970.000 r  clk_in (IN)
                         net (fo=0)                   0.000  1970.000    clk_in
    E3                   IBUF (Prop_ibuf_I_O)         1.482  1971.482 r  clk_in_IBUF_inst/O
                         net (fo=1, routed)           2.025  1973.506    clk_in_IBUF
    BUFGCTRL_X0Y16       BUFG (Prop_bufg_I_O)         0.096  1973.602 r  clk_in_IBUF_BUFG_inst/O
                         net (fo=38, routed)          1.632  1975.235    clk_in_IBUF_BUFG
    SLICE_X47Y59         FDRE                                         r  shippos_reg[3]/C
  -------------------------------------------------------------------    -------------------
    SLICE_X47Y59         FDRE (Prop_fdre_C_Q)         0.456  1975.691 r  shippos_reg[3]/Q
                         net (fo=43, routed)          0.915  1976.606    vga_driver/blue_out_reg[3]_i_553_0[3]
    SLICE_X51Y62         LUT4 (Prop_lut4_I1_O)        0.124  1976.730 r  vga_driver/blue_out[3]_i_1426/O
                         net (fo=1, routed)           0.000  1976.730    vga_driver/blue_out[3]_i_1426_n_0
    SLICE_X51Y62         CARRY4 (Prop_carry4_S[3]_CO[3])
                                                      0.401  1977.131 r  vga_driver/blue_out_reg[3]_i_932/CO[3]
                         net (fo=1, routed)           0.000  1977.131    vga_driver/blue_out_reg[3]_i_932_n_0
    SLICE_X51Y63         CARRY4 (Prop_carry4_CI_O[1])
                                                      0.334  1977.465 f  vga_driver/blue_out_reg[3]_i_1406/O[1]
                         net (fo=2, routed)           0.568  1978.034    vga_driver/add_sl/minusOp0_in[5]
    SLICE_X53Y65         LUT6 (Prop_lut6_I0_O)        0.303  1978.337 r  vga_driver/blue_out[3]_i_914/O
                         net (fo=1, routed)           0.466  1978.802    vga_driver/blue_out[3]_i_914_n_0
    SLICE_X51Y65         CARRY4 (Prop_carry4_DI[2]_CO[3])
                                                      0.398  1979.200 r  vga_driver/blue_out_reg[3]_i_517/CO[3]
                         net (fo=1, routed)           0.000  1979.200    vga_driver/blue_out_reg[3]_i_517_n_0
    SLICE_X51Y66         CARRY4 (Prop_carry4_CI_CO[1])
                                                      0.157  1979.357 r  vga_driver/blue_out_reg[3]_i_271/CO[1]
                         net (fo=1, routed)           0.310  1979.667    vga_driver/add_sl/geqOp6163_in
    SLICE_X49Y66         LUT6 (Prop_lut6_I4_O)        0.329  1979.996 r  vga_driver/blue_out[3]_i_100/O
                         net (fo=1, routed)           0.574  1980.570    vga_driver/blue_out[3]_i_100_n_0
    SLICE_X48Y65         LUT6 (Prop_lut6_I4_O)        0.124  1980.694 r  vga_driver/blue_out[3]_i_26/O
                         net (fo=2, routed)           0.305  1980.999    vga_driver/blue_out[3]_i_26_n_0
    SLICE_X49Y66         LUT6 (Prop_lut6_I3_O)        0.124  1981.123 r  vga_driver/green_out[3]_i_1_comp/O
                         net (fo=1, routed)           0.000  1981.123    vga_driver/green_out[3]_i_1_n_0
    SLICE_X49Y66         FDRE                                         r  vga_driver/green_out_reg[3]/D
  -------------------------------------------------------------------    -------------------

                         (clock clk_out1_clk_wiz_0 rise edge)
                                                   1970.124  1970.124 r  
    E3                                                0.000  1970.124 r  clk_in (IN)
                         net (fo=0)                   0.000  1970.124    clk_in
    E3                   IBUF (Prop_ibuf_I_O)         1.411  1971.535 r  clk_in_IBUF_inst/O
                         net (fo=1, routed)           1.920  1973.455    clk_in_IBUF
    BUFGCTRL_X0Y16       BUFG (Prop_bufg_I_O)         0.091  1973.546 r  clk_in_IBUF_BUFG_inst/O
                         net (fo=38, routed)          1.683  1975.229    clk_wiz_0_inst/U0/clk_in1
    MMCME2_ADV_X0Y0      MMCME2_ADV (Prop_mmcme2_adv_CLKIN1_CLKOUT0)
                                                     -3.694  1971.535 r  clk_wiz_0_inst/U0/mmcm_adv_inst/CLKOUT0
                         net (fo=1, routed)           1.923  1973.458    clk_wiz_0_inst/U0/clk_out1_clk_wiz_0
    BUFGCTRL_X0Y1        BUFG (Prop_bufg_I_O)         0.091  1973.549 r  clk_wiz_0_inst/U0/clkout1_buf/O
                         net (fo=72, routed)          1.503  1975.052    vga_driver/clk_out1
    SLICE_X49Y66         FDRE                                         r  vga_driver/green_out_reg[3]/C
                         clock pessimism              0.180  1975.232    
                         clock uncertainty           -0.181  1975.051    
    SLICE_X49Y66         FDRE (Setup_fdre_C_D)        0.032  1975.083    vga_driver/green_out_reg[3]
  -------------------------------------------------------------------
                         required time                       1975.083    
                         arrival time                       -1981.123    
  -------------------------------------------------------------------
                         slack                                 -6.040    





Min Delay Paths
--------------------------------------------------------------------------------------
Slack (MET) :             0.482ns  (arrival time - required time)
  Source:                 shippos_reg[0]_replica_3/C
                            (rising edge-triggered cell FDRE clocked by sys_clk_pin  {rise@0.000ns fall@5.000ns period=10.000ns})
  Destination:            vga_driver/green_out_reg[3]/D
                            (rising edge-triggered cell FDRE clocked by clk_out1_clk_wiz_0  {rise@0.000ns fall@12.469ns period=24.938ns})
  Path Group:             clk_out1_clk_wiz_0
  Path Type:              Hold (Min at Fast Process Corner)
  Requirement:            0.000ns  (clk_out1_clk_wiz_0 rise@0.000ns - sys_clk_pin rise@0.000ns)
  Data Path Delay:        1.020ns  (logic 0.321ns (31.473%)  route 0.699ns (68.527%))
  Logic Levels:           4  (LUT5=2 LUT6=2)
  Clock Path Skew:        0.264ns (DCD - SCD - CPR)
    Destination Clock Delay (DCD):    1.995ns
    Source Clock Delay      (SCD):    1.485ns
    Clock Pessimism Removal (CPR):    0.245ns
  Clock Uncertainty:      0.181ns  ((TSJ^2 + DJ^2)^1/2) / 2 + PE
    Total System Jitter     (TSJ):    0.071ns
    Discrete Jitter          (DJ):    0.152ns
    Phase Error              (PE):    0.098ns

    Location             Delay type                Incr(ns)  Path(ns)    Netlist Resource(s)
  -------------------------------------------------------------------    -------------------
                         (clock sys_clk_pin rise edge)
                                                      0.000     0.000 r  
    E3                                                0.000     0.000 r  clk_in (IN)
                         net (fo=0)                   0.000     0.000    clk_in
    E3                   IBUF (Prop_ibuf_I_O)         0.250     0.250 r  clk_in_IBUF_inst/O
                         net (fo=1, routed)           0.644     0.894    clk_in_IBUF
    BUFGCTRL_X0Y16       BUFG (Prop_bufg_I_O)         0.026     0.920 r  clk_in_IBUF_BUFG_inst/O
                         net (fo=38, routed)          0.566     1.485    clk_in_IBUF_BUFG
    SLICE_X43Y60         FDRE                                         r  shippos_reg[0]_replica_3/C
  -------------------------------------------------------------------    -------------------
    SLICE_X43Y60         FDRE (Prop_fdre_C_Q)         0.141     1.626 f  shippos_reg[0]_replica_3/Q
                         net (fo=3, routed)           0.343     1.969    vga_driver/shippos_reg[0]_repN_3_alias
    SLICE_X47Y59         LUT5 (Prop_lut5_I4_O)        0.045     2.014 r  vga_driver/blue_out[3]_i_268/O
                         net (fo=1, routed)           0.052     2.066    vga_driver/blue_out[3]_i_268_n_0
    SLICE_X47Y59         LUT5 (Prop_lut5_I0_O)        0.045     2.111 r  vga_driver/blue_out[3]_i_99/O
                         net (fo=1, routed)           0.187     2.298    vga_driver/blue_out[3]_i_99_n_0
    SLICE_X48Y65         LUT6 (Prop_lut6_I3_O)        0.045     2.343 r  vga_driver/blue_out[3]_i_26/O
                         net (fo=2, routed)           0.117     2.460    vga_driver/blue_out[3]_i_26_n_0
    SLICE_X49Y66         LUT6 (Prop_lut6_I3_O)        0.045     2.505 r  vga_driver/green_out[3]_i_1_comp/O
                         net (fo=1, routed)           0.000     2.505    vga_driver/green_out[3]_i_1_n_0
    SLICE_X49Y66         FDRE                                         r  vga_driver/green_out_reg[3]/D
  -------------------------------------------------------------------    -------------------

                         (clock clk_out1_clk_wiz_0 rise edge)
                                                      0.000     0.000 r  
    E3                                                0.000     0.000 r  clk_in (IN)
                         net (fo=0)                   0.000     0.000    clk_in
    E3                   IBUF (Prop_ibuf_I_O)         0.438     0.438 r  clk_in_IBUF_inst/O
                         net (fo=1, routed)           0.699     1.136    clk_in_IBUF
    BUFGCTRL_X0Y16       BUFG (Prop_bufg_I_O)         0.029     1.165 r  clk_in_IBUF_BUFG_inst/O
                         net (fo=38, routed)          0.898     2.063    clk_wiz_0_inst/U0/clk_in1
    MMCME2_ADV_X0Y0      MMCME2_ADV (Prop_mmcme2_adv_CLKIN1_CLKOUT0)
                                                     -1.625     0.438 r  clk_wiz_0_inst/U0/mmcm_adv_inst/CLKOUT0
                         net (fo=1, routed)           0.700     1.138    clk_wiz_0_inst/U0/clk_out1_clk_wiz_0
    BUFGCTRL_X0Y1        BUFG (Prop_bufg_I_O)         0.029     1.167 r  clk_wiz_0_inst/U0/clkout1_buf/O
                         net (fo=72, routed)          0.828     1.995    vga_driver/clk_out1
    SLICE_X49Y66         FDRE                                         r  vga_driver/green_out_reg[3]/C
                         clock pessimism             -0.245     1.749    
                         clock uncertainty            0.181     1.931    
    SLICE_X49Y66         FDRE (Hold_fdre_C_D)         0.092     2.023    vga_driver/green_out_reg[3]
  -------------------------------------------------------------------
                         required time                         -2.023    
                         arrival time                           2.505    
  -------------------------------------------------------------------
                         slack                                  0.482    

Slack (MET) :             0.490ns  (arrival time - required time)
  Source:                 shippos_reg[0]_replica_3/C
                            (rising edge-triggered cell FDRE clocked by sys_clk_pin  {rise@0.000ns fall@5.000ns period=10.000ns})
  Destination:            vga_driver/blue_out_reg[3]/D
                            (rising edge-triggered cell FDRE clocked by clk_out1_clk_wiz_0  {rise@0.000ns fall@12.469ns period=24.938ns})
  Path Group:             clk_out1_clk_wiz_0
  Path Type:              Hold (Min at Fast Process Corner)
  Requirement:            0.000ns  (clk_out1_clk_wiz_0 rise@0.000ns - sys_clk_pin rise@0.000ns)
  Data Path Delay:        1.027ns  (logic 0.321ns (31.247%)  route 0.706ns (68.753%))
  Logic Levels:           4  (LUT5=2 LUT6=2)
  Clock Path Skew:        0.264ns (DCD - SCD - CPR)
    Destination Clock Delay (DCD):    1.995ns
    Source Clock Delay      (SCD):    1.485ns
    Clock Pessimism Removal (CPR):    0.245ns
  Clock Uncertainty:      0.181ns  ((TSJ^2 + DJ^2)^1/2) / 2 + PE
    Total System Jitter     (TSJ):    0.071ns
    Discrete Jitter          (DJ):    0.152ns
    Phase Error              (PE):    0.098ns

    Location             Delay type                Incr(ns)  Path(ns)    Netlist Resource(s)
  -------------------------------------------------------------------    -------------------
                         (clock sys_clk_pin rise edge)
                                                      0.000     0.000 r  
    E3                                                0.000     0.000 r  clk_in (IN)
                         net (fo=0)                   0.000     0.000    clk_in
    E3                   IBUF (Prop_ibuf_I_O)         0.250     0.250 r  clk_in_IBUF_inst/O
                         net (fo=1, routed)           0.644     0.894    clk_in_IBUF
    BUFGCTRL_X0Y16       BUFG (Prop_bufg_I_O)         0.026     0.920 r  clk_in_IBUF_BUFG_inst/O
                         net (fo=38, routed)          0.566     1.485    clk_in_IBUF_BUFG
    SLICE_X43Y60         FDRE                                         r  shippos_reg[0]_replica_3/C
  -------------------------------------------------------------------    -------------------
    SLICE_X43Y60         FDRE (Prop_fdre_C_Q)         0.141     1.626 f  shippos_reg[0]_replica_3/Q
                         net (fo=3, routed)           0.343     1.969    vga_driver/shippos_reg[0]_repN_3_alias
    SLICE_X47Y59         LUT5 (Prop_lut5_I4_O)        0.045     2.014 r  vga_driver/blue_out[3]_i_268/O
                         net (fo=1, routed)           0.052     2.066    vga_driver/blue_out[3]_i_268_n_0
    SLICE_X47Y59         LUT5 (Prop_lut5_I0_O)        0.045     2.111 r  vga_driver/blue_out[3]_i_99/O
                         net (fo=1, routed)           0.187     2.298    vga_driver/blue_out[3]_i_99_n_0
    SLICE_X48Y65         LUT6 (Prop_lut6_I3_O)        0.045     2.343 r  vga_driver/blue_out[3]_i_26/O
                         net (fo=2, routed)           0.124     2.468    vga_driver/blue_out[3]_i_26_n_0
    SLICE_X48Y66         LUT6 (Prop_lut6_I4_O)        0.045     2.513 r  vga_driver/blue_out[3]_i_1_comp/O
                         net (fo=1, routed)           0.000     2.513    vga_driver/blue_out[3]_i_1_n_0
    SLICE_X48Y66         FDRE                                         r  vga_driver/blue_out_reg[3]/D
  -------------------------------------------------------------------    -------------------

                         (clock clk_out1_clk_wiz_0 rise edge)
                                                      0.000     0.000 r  
    E3                                                0.000     0.000 r  clk_in (IN)
                         net (fo=0)                   0.000     0.000    clk_in
    E3                   IBUF (Prop_ibuf_I_O)         0.438     0.438 r  clk_in_IBUF_inst/O
                         net (fo=1, routed)           0.699     1.136    clk_in_IBUF
    BUFGCTRL_X0Y16       BUFG (Prop_bufg_I_O)         0.029     1.165 r  clk_in_IBUF_BUFG_inst/O
                         net (fo=38, routed)          0.898     2.063    clk_wiz_0_inst/U0/clk_in1
    MMCME2_ADV_X0Y0      MMCME2_ADV (Prop_mmcme2_adv_CLKIN1_CLKOUT0)
                                                     -1.625     0.438 r  clk_wiz_0_inst/U0/mmcm_adv_inst/CLKOUT0
                         net (fo=1, routed)           0.700     1.138    clk_wiz_0_inst/U0/clk_out1_clk_wiz_0
    BUFGCTRL_X0Y1        BUFG (Prop_bufg_I_O)         0.029     1.167 r  clk_wiz_0_inst/U0/clkout1_buf/O
                         net (fo=72, routed)          0.828     1.995    vga_driver/clk_out1
    SLICE_X48Y66         FDRE                                         r  vga_driver/blue_out_reg[3]/C
                         clock pessimism             -0.245     1.749    
                         clock uncertainty            0.181     1.931    
    SLICE_X48Y66         FDRE (Hold_fdre_C_D)         0.092     2.023    vga_driver/blue_out_reg[3]
  -------------------------------------------------------------------
                         required time                         -2.023    
                         arrival time                           2.513    
  -------------------------------------------------------------------
                         slack                                  0.490    





--------------------------------------------------------------------------------------
Path Group:  (none)
From Clock:  
  To Clock:  

Max Delay           597 Endpoints
Min Delay           597 Endpoints
--------------------------------------------------------------------------------------


Max Delay Paths
--------------------------------------------------------------------------------------
Slack:                    inf
  Source:                 add_sl/alien0_x_reg[1]/C
                            (rising edge-triggered cell FDSE)
  Destination:            add_sl/alien_on_reg[1]/D
  Path Group:             (none)
  Path Type:              Max at Slow Process Corner
  Data Path Delay:        25.384ns  (logic 11.304ns (44.532%)  route 14.080ns (55.468%))
  Logic Levels:           20  (CARRY4=11 DSP48E1=2 FDSE=1 LUT2=3 LUT3=1 LUT4=1 LUT5=1)

    Location             Delay type                Incr(ns)  Path(ns)    Netlist Resource(s)
  -------------------------------------------------------------------    -------------------
    SLICE_X54Y56         FDSE                         0.000     0.000 r  add_sl/alien0_x_reg[1]/C
    SLICE_X54Y56         FDSE (Prop_fdse_C_Q)         0.518     0.518 r  add_sl/alien0_x_reg[1]/Q
                         net (fo=56, routed)          3.026     3.544    add_sl/data3[0]
    SLICE_X56Y27         CARRY4 (Prop_carry4_S[0]_O[0])
                                                      0.376     3.920 r  add_sl/alien_on5__24_i_44/O[0]
                         net (fo=6, routed)           3.420     7.340    vga_driver/alien_on5__45_0[0]
    SLICE_X12Y42         LUT2 (Prop_lut2_I1_O)        0.295     7.635 r  vga_driver/alien_on5__44_i_23/O
                         net (fo=1, routed)           0.000     7.635    vga_driver/alien_on5__44_i_23_n_0
    SLICE_X12Y42         CARRY4 (Prop_carry4_S[1]_CO[3])
                                                      0.533     8.168 r  vga_driver/alien_on5__44_i_4/CO[3]
                         net (fo=1, routed)           0.000     8.168    vga_driver/alien_on5__44_i_4_n_0
    SLICE_X12Y43         CARRY4 (Prop_carry4_CI_CO[3])
                                                      0.117     8.285 r  vga_driver/alien_on5__44_i_3/CO[3]
                         net (fo=1, routed)           0.000     8.285    vga_driver/alien_on5__44_i_3_n_0
    SLICE_X12Y44         CARRY4 (Prop_carry4_CI_CO[3])
                                                      0.117     8.402 r  vga_driver/alien_on5__44_i_2/CO[3]
                         net (fo=1, routed)           0.000     8.402    add_sl/alien_on5__45_1[0]
    SLICE_X12Y45         CARRY4 (Prop_carry4_CI_O[2])
                                                      0.239     8.641 r  add_sl/alien_on5__44_i_1/O[2]
                         net (fo=22, routed)          1.288     9.929    add_sl/alien_on5__44_i_1_n_5
    DSP48_X0Y18          DSP48E1 (Prop_dsp48e1_B[14]_PCOUT[47])
                                                      4.028    13.957 r  add_sl/alien_on5__45/PCOUT[47]
                         net (fo=1, routed)           0.002    13.959    add_sl/alien_on5__45_n_106
    DSP48_X0Y19          DSP48E1 (Prop_dsp48e1_PCIN[47]_P[0])
                                                      1.518    15.477 r  add_sl/alien_on5__46/P[0]
                         net (fo=2, routed)           0.923    16.400    add_sl/alien_on5__46_n_105
    SLICE_X11Y44         LUT2 (Prop_lut2_I0_O)        0.124    16.524 r  add_sl/alien_on_reg[9]_i_116/O
                         net (fo=1, routed)           0.000    16.524    add_sl/alien_on_reg[9]_i_116_n_0
    SLICE_X11Y44         CARRY4 (Prop_carry4_S[1]_CO[3])
                                                      0.550    17.074 r  add_sl/alien_on_reg[9]_i_101/CO[3]
                         net (fo=1, routed)           0.000    17.074    add_sl/alien_on_reg[9]_i_101_n_0
    SLICE_X11Y45         CARRY4 (Prop_carry4_CI_O[0])
                                                      0.222    17.296 r  add_sl/alien_on_reg[9]_i_76/O[0]
                         net (fo=4, routed)           1.114    18.410    add_sl/alien_on_reg[9]_i_76_n_7
    SLICE_X19Y45         LUT3 (Prop_lut3_I0_O)        0.327    18.737 r  add_sl/alien_on_reg[1]_i_62/O
                         net (fo=2, routed)           1.380    20.118    add_sl/alien_on_reg[1]_i_62_n_0
    SLICE_X19Y45         LUT4 (Prop_lut4_I3_O)        0.326    20.444 r  add_sl/alien_on_reg[1]_i_66/O
                         net (fo=1, routed)           0.000    20.444    add_sl/alien_on_reg[1]_i_66_n_0
    SLICE_X19Y45         CARRY4 (Prop_carry4_S[1]_CO[3])
                                                      0.550    20.994 r  add_sl/alien_on_reg[1]_i_36/CO[3]
                         net (fo=1, routed)           0.000    20.994    add_sl/alien_on_reg[1]_i_36_n_0
    SLICE_X19Y46         CARRY4 (Prop_carry4_CI_O[0])
                                                      0.223    21.217 f  add_sl/alien_on_reg[1]_i_18/O[0]
                         net (fo=2, routed)           1.004    22.220    add_sl/alien_on_reg[1]_i_18_n_7
    SLICE_X16Y46         LUT2 (Prop_lut2_I1_O)        0.299    22.519 r  add_sl/alien_on_reg[1]_i_14/O
                         net (fo=1, routed)           0.000    22.519    add_sl/alien_on_reg[1]_i_14_n_0
    SLICE_X16Y46         CARRY4 (Prop_carry4_S[3]_CO[3])
                                                      0.401    22.920 r  add_sl/alien_on_reg[1]_i_4/CO[3]
                         net (fo=1, routed)           0.000    22.920    add_sl/alien_on_reg[1]_i_4_n_0
    SLICE_X16Y47         CARRY4 (Prop_carry4_CI_CO[2])
                                                      0.228    23.148 r  add_sl/alien_on_reg[1]_i_2/CO[2]
                         net (fo=1, routed)           0.938    24.086    add_sl/alien_on22348_in
    SLICE_X17Y48         LUT5 (Prop_lut5_I1_O)        0.313    24.399 r  add_sl/alien_on_reg[1]_i_1/O
                         net (fo=1, routed)           0.985    25.384    add_sl/p_43_out[1]
    SLICE_X41Y48         LDCE                                         r  add_sl/alien_on_reg[1]/D
  -------------------------------------------------------------------    -------------------

Slack:                    inf
  Source:                 add_sl/alien0_x_reg[1]/C
                            (rising edge-triggered cell FDSE)
  Destination:            add_sl/alien_on_reg[9]/D
  Path Group:             (none)
  Path Type:              Max at Slow Process Corner
  Data Path Delay:        25.311ns  (logic 11.198ns (44.242%)  route 14.113ns (55.758%))
  Logic Levels:           20  (CARRY4=11 DSP48E1=2 FDSE=1 LUT2=3 LUT3=1 LUT4=1 LUT5=1)

    Location             Delay type                Incr(ns)  Path(ns)    Netlist Resource(s)
  -------------------------------------------------------------------    -------------------
    SLICE_X54Y56         FDSE                         0.000     0.000 r  add_sl/alien0_x_reg[1]/C
    SLICE_X54Y56         FDSE (Prop_fdse_C_Q)         0.518     0.518 r  add_sl/alien0_x_reg[1]/Q
                         net (fo=56, routed)          3.026     3.544    add_sl/data3[0]
    SLICE_X56Y27         CARRY4 (Prop_carry4_S[0]_O[0])
                                                      0.376     3.920 r  add_sl/alien_on5__24_i_44/O[0]
                         net (fo=6, routed)           3.420     7.340    vga_driver/alien_on5__45_0[0]
    SLICE_X12Y42         LUT2 (Prop_lut2_I1_O)        0.295     7.635 r  vga_driver/alien_on5__44_i_23/O
                         net (fo=1, routed)           0.000     7.635    vga_driver/alien_on5__44_i_23_n_0
    SLICE_X12Y42         CARRY4 (Prop_carry4_S[1]_CO[3])
                                                      0.533     8.168 r  vga_driver/alien_on5__44_i_4/CO[3]
                         net (fo=1, routed)           0.000     8.168    vga_driver/alien_on5__44_i_4_n_0
    SLICE_X12Y43         CARRY4 (Prop_carry4_CI_CO[3])
                                                      0.117     8.285 r  vga_driver/alien_on5__44_i_3/CO[3]
                         net (fo=1, routed)           0.000     8.285    vga_driver/alien_on5__44_i_3_n_0
    SLICE_X12Y44         CARRY4 (Prop_carry4_CI_CO[3])
                                                      0.117     8.402 r  vga_driver/alien_on5__44_i_2/CO[3]
                         net (fo=1, routed)           0.000     8.402    add_sl/alien_on5__45_1[0]
    SLICE_X12Y45         CARRY4 (Prop_carry4_CI_O[2])
                                                      0.239     8.641 r  add_sl/alien_on5__44_i_1/O[2]
                         net (fo=22, routed)          1.288     9.929    add_sl/alien_on5__44_i_1_n_5
    DSP48_X0Y18          DSP48E1 (Prop_dsp48e1_B[14]_PCOUT[47])
                                                      4.028    13.957 r  add_sl/alien_on5__45/PCOUT[47]
                         net (fo=1, routed)           0.002    13.959    add_sl/alien_on5__45_n_106
    DSP48_X0Y19          DSP48E1 (Prop_dsp48e1_PCIN[47]_P[0])
                                                      1.518    15.477 r  add_sl/alien_on5__46/P[0]
                         net (fo=2, routed)           0.923    16.400    add_sl/alien_on5__46_n_105
    SLICE_X11Y44         LUT2 (Prop_lut2_I0_O)        0.124    16.524 r  add_sl/alien_on_reg[9]_i_116/O
                         net (fo=1, routed)           0.000    16.524    add_sl/alien_on_reg[9]_i_116_n_0
    SLICE_X11Y44         CARRY4 (Prop_carry4_S[1]_CO[3])
                                                      0.550    17.074 r  add_sl/alien_on_reg[9]_i_101/CO[3]
                         net (fo=1, routed)           0.000    17.074    add_sl/alien_on_reg[9]_i_101_n_0
    SLICE_X11Y45         CARRY4 (Prop_carry4_CI_O[0])
                                                      0.222    17.296 r  add_sl/alien_on_reg[9]_i_76/O[0]
                         net (fo=4, routed)           0.902    18.199    add_sl/alien_on_reg[9]_i_76_n_7
    SLICE_X18Y45         LUT3 (Prop_lut3_I2_O)        0.325    18.524 r  add_sl/alien_on_reg[9]_i_64/O
                         net (fo=2, routed)           1.122    19.645    add_sl/alien_on_reg[9]_i_64_n_0
    SLICE_X18Y45         LUT4 (Prop_lut4_I3_O)        0.326    19.971 r  add_sl/alien_on_reg[9]_i_68/O
                         net (fo=1, routed)           0.000    19.971    add_sl/alien_on_reg[9]_i_68_n_0
    SLICE_X18Y45         CARRY4 (Prop_carry4_S[1]_CO[3])
                                                      0.550    20.521 r  add_sl/alien_on_reg[9]_i_36/CO[3]
                         net (fo=1, routed)           0.000    20.521    add_sl/alien_on_reg[9]_i_36_n_0
    SLICE_X18Y46         CARRY4 (Prop_carry4_CI_CO[3])
                                                      0.114    20.635 r  add_sl/alien_on_reg[9]_i_18/CO[3]
                         net (fo=1, routed)           0.000    20.635    add_sl/alien_on_reg[9]_i_18_n_0
    SLICE_X18Y47         CARRY4 (Prop_carry4_CI_O[3])
                                                      0.313    20.948 f  add_sl/alien_on_reg[9]_i_5/O[3]
                         net (fo=4, routed)           1.278    22.226    add_sl/alien_on_reg[9]_i_5_n_4
    SLICE_X16Y43         LUT2 (Prop_lut2_I0_O)        0.306    22.532 r  add_sl/alien_on_reg[9]_i_6/O
                         net (fo=1, routed)           0.000    22.532    add_sl/alien_on_reg[9]_i_6_n_0
    SLICE_X16Y43         CARRY4 (Prop_carry4_S[2]_CO[2])
                                                      0.314    22.846 r  add_sl/alien_on_reg[9]_i_2/CO[2]
                         net (fo=1, routed)           0.963    23.809    add_sl/alien_on26120_in
    SLICE_X20Y43         LUT5 (Prop_lut5_I1_O)        0.313    24.122 r  add_sl/alien_on_reg[9]_i_1/O
                         net (fo=1, routed)           1.189    25.311    add_sl/p_43_out[9]
    SLICE_X39Y46         LDCE                                         r  add_sl/alien_on_reg[9]/D
  -------------------------------------------------------------------    -------------------

Slack:                    inf
  Source:                 add_sl/alien0_x_reg[4]/C
                            (rising edge-triggered cell FDSE)
  Destination:            add_sl/alien_on_reg[17]/D
  Path Group:             (none)
  Path Type:              Max at Slow Process Corner
  Data Path Delay:        25.254ns  (logic 12.082ns (47.841%)  route 13.172ns (52.159%))
  Logic Levels:           20  (CARRY4=10 DSP48E1=2 FDSE=1 LUT1=2 LUT2=2 LUT3=1 LUT4=1 LUT5=1)

    Location             Delay type                Incr(ns)  Path(ns)    Netlist Resource(s)
  -------------------------------------------------------------------    -------------------
    SLICE_X54Y57         FDSE                         0.000     0.000 r  add_sl/alien0_x_reg[4]/C
    SLICE_X54Y57         FDSE (Prop_fdse_C_Q)         0.518     0.518 f  add_sl/alien0_x_reg[4]/Q
                         net (fo=30, routed)          5.097     5.615    add_sl/alien0_x_reg[10]_0[1]
    SLICE_X74Y59         LUT1 (Prop_lut1_I0_O)        0.124     5.739 r  add_sl/alien_on5__17_i_50/O
                         net (fo=1, routed)           0.000     5.739    add_sl/alien_on5__17_i_50_n_0
    SLICE_X74Y59         CARRY4 (Prop_carry4_S[0]_CO[3])
                                                      0.513     6.252 r  add_sl/alien_on5__17_i_47/CO[3]
                         net (fo=1, routed)           0.000     6.252    add_sl/alien_on5__17_i_47_n_0
    SLICE_X74Y60         CARRY4 (Prop_carry4_CI_CO[3])
                                                      0.117     6.369 r  add_sl/alien_on5__17_i_46/CO[3]
                         net (fo=1, routed)           0.000     6.369    add_sl/alien_on5__17_i_46_n_0
    SLICE_X74Y61         CARRY4 (Prop_carry4_CI_O[1])
                                                      0.323     6.692 f  add_sl/alien_on5__17_i_45/O[1]
                         net (fo=1, routed)           1.172     7.864    add_sl/alien_x[17]__0[13]
    SLICE_X76Y65         LUT1 (Prop_lut1_I0_O)        0.306     8.170 r  add_sl/alien_on5__17_i_27/O
                         net (fo=1, routed)           0.000     8.170    add_sl/alien_on5__17_i_27_n_0
    SLICE_X76Y65         CARRY4 (Prop_carry4_S[1]_CO[3])
                                                      0.533     8.703 r  add_sl/alien_on5__17_i_5/CO[3]
                         net (fo=1, routed)           0.000     8.703    add_sl/alien_on5__17_i_5_n_0
    SLICE_X76Y66         CARRY4 (Prop_carry4_CI_O[0])
                                                      0.219     8.922 r  add_sl/alien_on5__17_i_4/O[0]
                         net (fo=4, routed)           0.959     9.881    add_sl/alien_on5__17_i_4_n_7
    DSP48_X2Y29          DSP48E1 (Prop_dsp48e1_A[16]_PCOUT[47])
                                                      4.207    14.088 r  add_sl/alien_on5__18/PCOUT[47]
                         net (fo=1, routed)           0.056    14.144    add_sl/alien_on5__18_n_106
    DSP48_X2Y30          DSP48E1 (Prop_dsp48e1_PCIN[47]_P[0])
                                                      1.518    15.662 r  add_sl/alien_on5__19/P[0]
                         net (fo=2, routed)           0.935    16.597    add_sl/alien_on5__19_n_105
    SLICE_X77Y75         LUT2 (Prop_lut2_I0_O)        0.124    16.721 r  add_sl/alien_on_reg[17]_i_116/O
                         net (fo=1, routed)           0.000    16.721    add_sl/alien_on_reg[17]_i_116_n_0
    SLICE_X77Y75         CARRY4 (Prop_carry4_S[1]_CO[3])
                                                      0.550    17.271 r  add_sl/alien_on_reg[17]_i_101/CO[3]
                         net (fo=1, routed)           0.000    17.271    add_sl/alien_on_reg[17]_i_101_n_0
    SLICE_X77Y76         CARRY4 (Prop_carry4_CI_O[3])
                                                      0.313    17.584 r  add_sl/alien_on_reg[17]_i_76/O[3]
                         net (fo=2, routed)           0.936    18.520    add_sl/alien_on_reg[17]_i_76_n_4
    SLICE_X75Y75         LUT3 (Prop_lut3_I2_O)        0.332    18.852 r  add_sl/alien_on_reg[17]_i_41/O
                         net (fo=2, routed)           0.645    19.498    add_sl/alien_on_reg[17]_i_41_n_0
    SLICE_X75Y76         LUT4 (Prop_lut4_I3_O)        0.332    19.830 r  add_sl/alien_on_reg[17]_i_45/O
                         net (fo=1, routed)           0.000    19.830    add_sl/alien_on_reg[17]_i_45_n_0
    SLICE_X75Y76         CARRY4 (Prop_carry4_S[0]_CO[3])
                                                      0.532    20.362 r  add_sl/alien_on_reg[17]_i_18/CO[3]
                         net (fo=1, routed)           0.000    20.362    add_sl/alien_on_reg[17]_i_18_n_0
    SLICE_X75Y77         CARRY4 (Prop_carry4_CI_O[1])
                                                      0.334    20.696 f  add_sl/alien_on_reg[17]_i_5/O[1]
                         net (fo=2, routed)           0.806    21.502    add_sl/alien_on_reg[17]_i_5_n_6
    SLICE_X74Y76         LUT2 (Prop_lut2_I0_O)        0.303    21.805 r  add_sl/alien_on_reg[17]_i_7/O
                         net (fo=1, routed)           0.000    21.805    add_sl/alien_on_reg[17]_i_7_n_0
    SLICE_X74Y76         CARRY4 (Prop_carry4_S[1]_CO[2])
                                                      0.574    22.379 r  add_sl/alien_on_reg[17]_i_2/CO[2]
                         net (fo=1, routed)           1.223    23.602    add_sl/alien_on26134_in
    SLICE_X73Y66         LUT5 (Prop_lut5_I1_O)        0.310    23.912 r  add_sl/alien_on_reg[17]_i_1/O
                         net (fo=1, routed)           1.342    25.254    add_sl/p_43_out[17]
    SLICE_X69Y51         LDCE                                         r  add_sl/alien_on_reg[17]/D
  -------------------------------------------------------------------    -------------------

Slack:                    inf
  Source:                 add_sl/alien0_x_reg[5]/C
                            (rising edge-triggered cell FDSE)
  Destination:            add_sl/alien_on_reg[12]/D
  Path Group:             (none)
  Path Type:              Max at Slow Process Corner
  Data Path Delay:        24.437ns  (logic 11.731ns (48.005%)  route 12.706ns (51.995%))
  Logic Levels:           19  (CARRY4=10 DSP48E1=2 FDSE=1 LUT2=3 LUT3=1 LUT4=1 LUT5=1)

    Location             Delay type                Incr(ns)  Path(ns)    Netlist Resource(s)
  -------------------------------------------------------------------    -------------------
    SLICE_X54Y57         FDSE                         0.000     0.000 r  add_sl/alien0_x_reg[5]/C
    SLICE_X54Y57         FDSE (Prop_fdse_C_Q)         0.518     0.518 r  add_sl/alien0_x_reg[5]/Q
                         net (fo=28, routed)          4.393     4.911    add_sl/alien0_x_reg[10]_0[2]
    SLICE_X14Y59         CARRY4 (Prop_carry4_S[2]_CO[3])
                                                      0.504     5.415 r  add_sl/alien_on5__35_i_44/CO[3]
                         net (fo=1, routed)           0.000     5.415    add_sl/alien_on5__35_i_44_n_0
    SLICE_X14Y60         CARRY4 (Prop_carry4_CI_O[1])
                                                      0.323     5.738 r  add_sl/alien_on5__35_i_43/O[1]
                         net (fo=5, routed)           0.960     6.698    vga_driver/data4[5]
    SLICE_X12Y60         LUT2 (Prop_lut2_I1_O)        0.306     7.004 r  vga_driver/alien_on5__35_i_16/O
                         net (fo=1, routed)           0.000     7.004    vga_driver/alien_on5__35_i_16_n_0
    SLICE_X12Y60         CARRY4 (Prop_carry4_S[0]_CO[3])
                                                      0.513     7.517 r  vga_driver/alien_on5__35_i_2/CO[3]
                         net (fo=1, routed)           0.000     7.517    add_sl/alien_on5__36_1[0]
    SLICE_X12Y61         CARRY4 (Prop_carry4_CI_O[2])
                                                      0.239     7.756 r  add_sl/alien_on5__35_i_1/O[2]
                         net (fo=22, routed)          0.968     8.724    add_sl/alien_on5__35_i_1_n_5
    DSP48_X0Y25          DSP48E1 (Prop_dsp48e1_A[14]_PCOUT[47])
                                                      4.213    12.937 r  add_sl/alien_on5__36/PCOUT[47]
                         net (fo=1, routed)           0.002    12.939    add_sl/alien_on5__36_n_106
    DSP48_X0Y26          DSP48E1 (Prop_dsp48e1_PCIN[47]_P[0])
                                                      1.518    14.457 r  add_sl/alien_on5__37/P[0]
                         net (fo=2, routed)           1.163    15.620    add_sl/alien_on5__37_n_105
    SLICE_X10Y62         LUT2 (Prop_lut2_I0_O)        0.124    15.744 r  add_sl/alien_on_reg[12]_i_116/O
                         net (fo=1, routed)           0.000    15.744    add_sl/alien_on_reg[12]_i_116_n_0
    SLICE_X10Y62         CARRY4 (Prop_carry4_S[1]_CO[3])
                                                      0.533    16.277 r  add_sl/alien_on_reg[12]_i_101/CO[3]
                         net (fo=1, routed)           0.000    16.277    add_sl/alien_on_reg[12]_i_101_n_0
    SLICE_X10Y63         CARRY4 (Prop_carry4_CI_CO[3])
                                                      0.117    16.394 r  add_sl/alien_on_reg[12]_i_76/CO[3]
                         net (fo=1, routed)           0.000    16.394    add_sl/alien_on_reg[12]_i_76_n_0
    SLICE_X10Y64         CARRY4 (Prop_carry4_CI_O[0])
                                                      0.219    16.613 r  add_sl/alien_on_reg[12]_i_47/O[0]
                         net (fo=4, routed)           0.824    17.437    add_sl/alien_on_reg[12]_i_47_n_7
    SLICE_X9Y64          LUT3 (Prop_lut3_I2_O)        0.323    17.760 r  add_sl/alien_on_reg[12]_i_40/O
                         net (fo=2, routed)           1.048    18.808    add_sl/alien_on_reg[12]_i_40_n_0
    SLICE_X9Y64          LUT4 (Prop_lut4_I3_O)        0.326    19.134 r  add_sl/alien_on_reg[12]_i_44/O
                         net (fo=1, routed)           0.000    19.134    add_sl/alien_on_reg[12]_i_44_n_0
    SLICE_X9Y64          CARRY4 (Prop_carry4_S[1]_CO[3])
                                                      0.550    19.684 r  add_sl/alien_on_reg[12]_i_18/CO[3]
                         net (fo=1, routed)           0.000    19.684    add_sl/alien_on_reg[12]_i_18_n_0
    SLICE_X9Y65          CARRY4 (Prop_carry4_CI_O[0])
                                                      0.223    19.907 f  add_sl/alien_on_reg[12]_i_5/O[0]
                         net (fo=2, routed)           1.263    21.170    add_sl/alien_on_reg[12]_i_5_n_7
    SLICE_X13Y62         LUT2 (Prop_lut2_I1_O)        0.299    21.469 r  add_sl/alien_on_reg[12]_i_11/O
                         net (fo=1, routed)           0.000    21.469    add_sl/alien_on_reg[12]_i_11_n_0
    SLICE_X13Y62         CARRY4 (Prop_carry4_S[1]_CO[2])
                                                      0.570    22.039 r  add_sl/alien_on_reg[12]_i_3/CO[2]
                         net (fo=1, routed)           0.923    22.962    add_sl/alien_on32385_in
    SLICE_X13Y58         LUT5 (Prop_lut5_I4_O)        0.313    23.275 r  add_sl/alien_on_reg[12]_i_1/O
                         net (fo=1, routed)           1.163    24.437    add_sl/p_43_out[12]
    SLICE_X38Y48         LDCE                                         r  add_sl/alien_on_reg[12]/D
  -------------------------------------------------------------------    -------------------

Slack:                    inf
  Source:                 add_sl/alien0_y_reg[1]/C
                            (rising edge-triggered cell FDSE)
  Destination:            add_sl/alien_on_reg[20]/D
  Path Group:             (none)
  Path Type:              Max at Slow Process Corner
  Data Path Delay:        24.268ns  (logic 10.577ns (43.585%)  route 13.691ns (56.415%))
  Logic Levels:           19  (CARRY4=10 DSP48E1=2 FDSE=1 LUT1=1 LUT2=2 LUT3=1 LUT4=1 LUT5=1)

    Location             Delay type                Incr(ns)  Path(ns)    Netlist Resource(s)
  -------------------------------------------------------------------    -------------------
    SLICE_X55Y60         FDSE                         0.000     0.000 r  add_sl/alien0_y_reg[1]/C
    SLICE_X55Y60         FDSE (Prop_fdse_C_Q)         0.456     0.456 f  add_sl/alien0_y_reg[1]/Q
                         net (fo=26, routed)          1.180     1.636    add_sl/alien0_y_reg[12]_0[0]
    SLICE_X47Y63         LUT1 (Prop_lut1_I0_O)        0.124     1.760 r  add_sl/alien_laser_y[1]_i_3/O
                         net (fo=1, routed)           0.000     1.760    add_sl/alien_laser_y[1]_i_3_n_0
    SLICE_X47Y63         CARRY4 (Prop_carry4_S[1]_O[2])
                                                      0.580     2.340 r  add_sl/alien_laser_y_reg[1]_i_2/O[2]
                         net (fo=9, routed)           2.120     4.459    vga_driver/alien_on5[2]
    SLICE_X53Y67         LUT2 (Prop_lut2_I1_O)        0.302     4.761 r  vga_driver/alien_on5_i_22/O
                         net (fo=1, routed)           0.000     4.761    vga_driver/alien_on5_i_22_n_0
    SLICE_X53Y67         CARRY4 (Prop_carry4_S[2]_CO[3])
                                                      0.398     5.159 r  vga_driver/alien_on5_i_4/CO[3]
                         net (fo=1, routed)           0.000     5.159    vga_driver/alien_on5_i_4_n_0
    SLICE_X53Y68         CARRY4 (Prop_carry4_CI_CO[3])
                                                      0.114     5.273 r  vga_driver/alien_on5_i_3/CO[3]
                         net (fo=1, routed)           0.000     5.273    vga_driver/alien_on5_i_3_n_0
    SLICE_X53Y69         CARRY4 (Prop_carry4_CI_CO[3])
                                                      0.114     5.387 r  vga_driver/alien_on5_i_2/CO[3]
                         net (fo=1, routed)           0.000     5.387    add_sl/alien_on5__3_0[0]
    SLICE_X53Y70         CARRY4 (Prop_carry4_CI_O[1])
                                                      0.334     5.721 r  add_sl/alien_on5_i_1/O[1]
                         net (fo=4, routed)           1.118     6.839    add_sl/alien_on6[13]
    DSP48_X1Y29          DSP48E1 (Prop_dsp48e1_B[13]_PCOUT[47])
                                                      4.030    10.869 r  add_sl/alien_on5__3/PCOUT[47]
                         net (fo=1, routed)           0.056    10.925    add_sl/alien_on5__3_n_106
    DSP48_X1Y30          DSP48E1 (Prop_dsp48e1_PCIN[47]_P[1])
                                                      1.518    12.443 r  add_sl/alien_on5__4/P[1]
                         net (fo=21, routed)          5.138    17.581    add_sl/p_1_in[18]
    SLICE_X60Y35         LUT3 (Prop_lut3_I2_O)        0.153    17.734 r  add_sl/alien_on_reg[20]_i_70/O
                         net (fo=2, routed)           0.822    18.557    add_sl/alien_on_reg[20]_i_70_n_0
    SLICE_X60Y35         LUT4 (Prop_lut4_I3_O)        0.331    18.888 r  add_sl/alien_on_reg[20]_i_72/O
                         net (fo=1, routed)           0.000    18.888    add_sl/alien_on_reg[20]_i_72_n_0
    SLICE_X60Y35         CARRY4 (Prop_carry4_S[3]_CO[3])
                                                      0.376    19.264 r  add_sl/alien_on_reg[20]_i_37/CO[3]
                         net (fo=1, routed)           0.000    19.264    add_sl/alien_on_reg[20]_i_37_n_0
    SLICE_X60Y36         CARRY4 (Prop_carry4_CI_CO[3])
                                                      0.117    19.381 r  add_sl/alien_on_reg[20]_i_36/CO[3]
                         net (fo=1, routed)           0.000    19.381    add_sl/alien_on_reg[20]_i_36_n_0
    SLICE_X60Y37         CARRY4 (Prop_carry4_CI_CO[3])
                                                      0.117    19.498 r  add_sl/alien_on_reg[20]_i_18/CO[3]
                         net (fo=1, routed)           0.000    19.498    add_sl/alien_on_reg[20]_i_18_n_0
    SLICE_X60Y38         CARRY4 (Prop_carry4_CI_O[1])
                                                      0.323    19.821 f  add_sl/alien_on_reg[20]_i_5/O[1]
                         net (fo=2, routed)           1.508    21.329    add_sl/alien_on_reg[20]_i_5_n_6
    SLICE_X62Y34         LUT2 (Prop_lut2_I0_O)        0.306    21.635 r  add_sl/alien_on_reg[20]_i_7/O
                         net (fo=1, routed)           0.000    21.635    add_sl/alien_on_reg[20]_i_7_n_0
    SLICE_X62Y34         CARRY4 (Prop_carry4_S[1]_CO[2])
                                                      0.574    22.209 r  add_sl/alien_on_reg[20]_i_2/CO[2]
                         net (fo=1, routed)           1.059    23.268    add_sl/alien_on26146_in
    SLICE_X62Y45         LUT5 (Prop_lut5_I1_O)        0.310    23.578 r  add_sl/alien_on_reg[20]_i_1/O
                         net (fo=1, routed)           0.690    24.268    add_sl/p_43_out[20]
    SLICE_X65Y51         LDCE                                         r  add_sl/alien_on_reg[20]/D
  -------------------------------------------------------------------    -------------------

Slack:                    inf
  Source:                 add_sl/alien0_x_reg[5]/C
                            (rising edge-triggered cell FDSE)
  Destination:            add_sl/alien_on_reg[15]/D
  Path Group:             (none)
  Path Type:              Max at Slow Process Corner
  Data Path Delay:        24.187ns  (logic 11.649ns (48.162%)  route 12.538ns (51.838%))
  Logic Levels:           20  (CARRY4=10 DSP48E1=2 FDSE=1 LUT1=1 LUT2=3 LUT3=1 LUT4=1 LUT5=1)

    Location             Delay type                Incr(ns)  Path(ns)    Netlist Resource(s)
  -------------------------------------------------------------------    -------------------
    SLICE_X54Y57         FDSE                         0.000     0.000 r  add_sl/alien0_x_reg[5]/C
    SLICE_X54Y57         FDSE (Prop_fdse_C_Q)         0.518     0.518 f  add_sl/alien0_x_reg[5]/Q
                         net (fo=28, routed)          3.147     3.665    add_sl/alien0_x_reg[10]_0[2]
    SLICE_X56Y28         LUT1 (Prop_lut1_I0_O)        0.124     3.789 r  add_sl/alien_on5__24_i_51/O
                         net (fo=1, routed)           0.000     3.789    add_sl/alien_on5__24_i_51_n_0
    SLICE_X56Y28         CARRY4 (Prop_carry4_S[0]_CO[3])
                                                      0.513     4.302 r  add_sl/alien_on5__24_i_43/CO[3]
                         net (fo=1, routed)           0.000     4.302    add_sl/alien_on5__24_i_43_n_0
    SLICE_X56Y29         CARRY4 (Prop_carry4_CI_O[0])
                                                      0.219     4.521 r  add_sl/alien_on5__24_i_42/O[0]
                         net (fo=5, routed)           0.709     5.229    vga_driver/alien_on5__25_0[7]
    SLICE_X57Y29         LUT2 (Prop_lut2_I1_O)        0.295     5.524 r  vga_driver/alien_on5__24_i_15/O
                         net (fo=1, routed)           0.000     5.524    vga_driver/alien_on5__24_i_15_n_0
    SLICE_X57Y29         CARRY4 (Prop_carry4_S[1]_CO[3])
                                                      0.550     6.074 r  vga_driver/alien_on5__24_i_2/CO[3]
                         net (fo=1, routed)           0.000     6.074    add_sl/alien_on5__25_1[0]
    SLICE_X57Y30         CARRY4 (Prop_carry4_CI_O[2])
                                                      0.239     6.313 r  add_sl/alien_on5__24_i_1/O[2]
                         net (fo=22, routed)          1.560     7.873    add_sl/alien_on5__24_i_1_n_5
    DSP48_X1Y9           DSP48E1 (Prop_dsp48e1_A[14]_PCOUT[47])
                                                      4.214    12.087 r  add_sl/alien_on5__25/PCOUT[47]
                         net (fo=1, routed)           0.056    12.143    add_sl/alien_on5__25_n_106
    DSP48_X1Y10          DSP48E1 (Prop_dsp48e1_PCIN[47]_P[0])
                                                      1.518    13.661 r  add_sl/alien_on5__26/P[0]
                         net (fo=2, routed)           1.350    15.011    add_sl/alien_on5__26_n_105
    SLICE_X57Y23         LUT2 (Prop_lut2_I0_O)        0.124    15.135 r  add_sl/alien_on_reg[15]_i_144/O
                         net (fo=1, routed)           0.000    15.135    add_sl/alien_on_reg[15]_i_144_n_0
    SLICE_X57Y23         CARRY4 (Prop_carry4_S[1]_CO[3])
                                                      0.550    15.685 r  add_sl/alien_on_reg[15]_i_129/CO[3]
                         net (fo=1, routed)           0.000    15.685    add_sl/alien_on_reg[15]_i_129_n_0
    SLICE_X57Y24         CARRY4 (Prop_carry4_CI_O[0])
                                                      0.222    15.907 r  add_sl/alien_on_reg[15]_i_104/O[0]
                         net (fo=4, routed)           1.857    17.764    add_sl/alien_on5__53[20]
    SLICE_X48Y40         LUT3 (Prop_lut3_I2_O)        0.327    18.091 r  add_sl/alien_on_reg[15]_i_92/O
                         net (fo=2, routed)           0.863    18.953    add_sl/alien_on_reg[15]_i_92_n_0
    SLICE_X48Y40         LUT4 (Prop_lut4_I3_O)        0.326    19.279 r  add_sl/alien_on_reg[15]_i_96/O
                         net (fo=1, routed)           0.000    19.279    add_sl/alien_on_reg[15]_i_96_n_0
    SLICE_X48Y40         CARRY4 (Prop_carry4_S[1]_CO[3])
                                                      0.550    19.829 r  add_sl/alien_on_reg[15]_i_64/CO[3]
                         net (fo=1, routed)           0.000    19.829    add_sl/alien_on_reg[15]_i_64_n_0
    SLICE_X48Y41         CARRY4 (Prop_carry4_CI_CO[3])
                                                      0.114    19.943 r  add_sl/alien_on_reg[15]_i_38/CO[3]
                         net (fo=1, routed)           0.000    19.943    add_sl/alien_on_reg[15]_i_38_n_0
    SLICE_X48Y42         CARRY4 (Prop_carry4_CI_O[3])
                                                      0.313    20.256 f  add_sl/alien_on_reg[15]_i_12/O[3]
                         net (fo=4, routed)           1.476    21.733    add_sl/alien_on_reg[15]_i_12_n_4
    SLICE_X55Y40         LUT2 (Prop_lut2_I0_O)        0.306    22.039 r  add_sl/alien_on_reg[15]_i_22/O
                         net (fo=1, routed)           0.000    22.039    add_sl/alien_on_reg[15]_i_22_n_0
    SLICE_X55Y40         CARRY4 (Prop_carry4_S[2]_CO[2])
                                                      0.314    22.353 r  add_sl/alien_on_reg[15]_i_5/CO[2]
                         net (fo=1, routed)           1.005    23.358    add_sl/alien_on32391_in
    SLICE_X52Y43         LUT5 (Prop_lut5_I4_O)        0.313    23.671 r  add_sl/alien_on_reg[15]_i_1/O
                         net (fo=1, routed)           0.516    24.187    add_sl/p_43_out[15]
    SLICE_X46Y45         LDCE                                         r  add_sl/alien_on_reg[15]/D
  -------------------------------------------------------------------    -------------------

Slack:                    inf
  Source:                 add_sl/alien0_x_reg[7]/C
                            (rising edge-triggered cell FDRE)
  Destination:            add_sl/alien_on_reg[5]/D
  Path Group:             (none)
  Path Type:              Max at Slow Process Corner
  Data Path Delay:        24.184ns  (logic 11.358ns (46.965%)  route 12.826ns (53.035%))
  Logic Levels:           18  (CARRY4=8 DSP48E1=2 FDRE=1 LUT1=1 LUT2=3 LUT3=1 LUT4=1 LUT5=1)

    Location             Delay type                Incr(ns)  Path(ns)    Netlist Resource(s)
  -------------------------------------------------------------------    -------------------
    SLICE_X54Y57         FDRE                         0.000     0.000 r  add_sl/alien0_x_reg[7]/C
    SLICE_X54Y57         FDRE (Prop_fdre_C_Q)         0.518     0.518 f  add_sl/alien0_x_reg[7]/Q
                         net (fo=29, routed)          3.437     3.955    add_sl/alien0_x_reg[10]_0[4]
    SLICE_X55Y28         LUT1 (Prop_lut1_I0_O)        0.124     4.079 r  add_sl/alien_on5__32_i_50/O
                         net (fo=1, routed)           0.000     4.079    add_sl/alien_on5__32_i_50_n_0
    SLICE_X55Y28         CARRY4 (Prop_carry4_S[2]_CO[3])
                                                      0.398     4.477 r  add_sl/alien_on5__32_i_43/CO[3]
                         net (fo=1, routed)           0.000     4.477    add_sl/alien_on5__32_i_43_n_0
    SLICE_X55Y29         CARRY4 (Prop_carry4_CI_O[0])
                                                      0.222     4.699 r  add_sl/alien_on5__32_i_42/O[0]
                         net (fo=5, routed)           0.993     5.692    vga_driver/alien_on5__33_0[7]
    SLICE_X58Y29         LUT2 (Prop_lut2_I1_O)        0.299     5.991 r  vga_driver/alien_on5__32_i_15/O
                         net (fo=1, routed)           0.000     5.991    vga_driver/alien_on5__32_i_15_n_0
    SLICE_X58Y29         CARRY4 (Prop_carry4_S[1]_CO[3])
                                                      0.533     6.524 r  vga_driver/alien_on5__32_i_2/CO[3]
                         net (fo=1, routed)           0.000     6.524    add_sl/alien_on5__33_1[0]
    SLICE_X58Y30         CARRY4 (Prop_carry4_CI_O[2])
                                                      0.239     6.763 r  add_sl/alien_on5__32_i_1/O[2]
                         net (fo=22, routed)          1.279     8.042    add_sl/alien_on5__32_i_1_n_5
    DSP48_X1Y12          DSP48E1 (Prop_dsp48e1_A[14]_PCOUT[47])
                                                      4.213    12.255 r  add_sl/alien_on5__33/PCOUT[47]
                         net (fo=1, routed)           0.002    12.257    add_sl/alien_on5__33_n_106
    DSP48_X1Y13          DSP48E1 (Prop_dsp48e1_PCIN[47]_P[2])
                                                      1.518    13.775 r  add_sl/alien_on5__34/P[2]
                         net (fo=2, routed)           1.033    14.808    add_sl/alien_on5__34_n_103
    SLICE_X59Y30         LUT2 (Prop_lut2_I0_O)        0.124    14.932 r  add_sl/alien_on_reg[13]_i_114/O
                         net (fo=1, routed)           0.000    14.932    add_sl/alien_on_reg[13]_i_114_n_0
    SLICE_X59Y30         CARRY4 (Prop_carry4_S[3]_CO[3])
                                                      0.401    15.333 r  add_sl/alien_on_reg[13]_i_101/CO[3]
                         net (fo=1, routed)           0.000    15.333    add_sl/alien_on_reg[13]_i_101_n_0
    SLICE_X59Y31         CARRY4 (Prop_carry4_CI_O[3])
                                                      0.313    15.646 r  add_sl/alien_on_reg[13]_i_76/O[3]
                         net (fo=4, routed)           1.496    17.142    add_sl/alien_on_reg[13]_i_76_n_4
    SLICE_X58Y40         LUT3 (Prop_lut3_I0_O)        0.338    17.480 r  add_sl/alien_on_reg[5]_i_41/O
                         net (fo=2, routed)           0.867    18.348    add_sl/alien_on_reg[5]_i_41_n_0
    SLICE_X58Y41         LUT4 (Prop_lut4_I3_O)        0.355    18.703 r  add_sl/alien_on_reg[5]_i_45/O
                         net (fo=1, routed)           0.000    18.703    add_sl/alien_on_reg[5]_i_45_n_0
    SLICE_X58Y41         CARRY4 (Prop_carry4_S[0]_O[3])
                                                      0.608    19.311 f  add_sl/alien_on_reg[5]_i_18/O[3]
                         net (fo=2, routed)           1.307    20.618    add_sl/alien_on_reg[5]_i_18_n_4
    SLICE_X62Y39         LUT2 (Prop_lut2_I0_O)        0.307    20.925 r  add_sl/alien_on_reg[5]_i_8/O
                         net (fo=1, routed)           0.000    20.925    add_sl/alien_on_reg[5]_i_8_n_0
    SLICE_X62Y39         CARRY4 (Prop_carry4_S[0]_CO[2])
                                                      0.538    21.463 r  add_sl/alien_on_reg[5]_i_2/CO[2]
                         net (fo=1, routed)           1.400    22.862    add_sl/alien_on22364_in
    SLICE_X50Y41         LUT5 (Prop_lut5_I1_O)        0.310    23.172 r  add_sl/alien_on_reg[5]_i_1/O
                         net (fo=1, routed)           1.012    24.184    add_sl/p_43_out[5]
    SLICE_X42Y46         LDCE                                         r  add_sl/alien_on_reg[5]/D
  -------------------------------------------------------------------    -------------------

Slack:                    inf
  Source:                 add_sl/alien0_x_reg[4]/C
                            (rising edge-triggered cell FDSE)
  Destination:            add_sl/alien_on_reg[22]/D
  Path Group:             (none)
  Path Type:              Max at Slow Process Corner
  Data Path Delay:        24.168ns  (logic 11.777ns (48.731%)  route 12.391ns (51.269%))
  Logic Levels:           20  (CARRY4=11 DSP48E1=2 FDSE=1 LUT2=3 LUT3=1 LUT4=1 LUT5=1)

    Location             Delay type                Incr(ns)  Path(ns)    Netlist Resource(s)
  -------------------------------------------------------------------    -------------------
    SLICE_X54Y57         FDSE                         0.000     0.000 r  add_sl/alien0_x_reg[4]/C
    SLICE_X54Y57         FDSE (Prop_fdse_C_Q)         0.518     0.518 r  add_sl/alien0_x_reg[4]/Q
                         net (fo=30, routed)          4.357     4.875    add_sl/alien0_x_reg[10]_0[1]
    SLICE_X76Y54         CARRY4 (Prop_carry4_S[0]_CO[3])
                                                      0.637     5.512 r  add_sl/alien_on5__0_i_47/CO[3]
                         net (fo=1, routed)           0.000     5.512    add_sl/alien_on5__0_i_47_n_0
    SLICE_X76Y55         CARRY4 (Prop_carry4_CI_O[1])
                                                      0.323     5.835 r  add_sl/alien_on5__0_i_46/O[1]
                         net (fo=5, routed)           0.958     6.793    vga_driver/data14[8]
    SLICE_X75Y57         LUT2 (Prop_lut2_I1_O)        0.306     7.099 r  vga_driver/alien_on5__0_i_31/O
                         net (fo=1, routed)           0.000     7.099    vga_driver/alien_on5__0_i_31_n_0
    SLICE_X75Y57         CARRY4 (Prop_carry4_S[1]_CO[3])
                                                      0.550     7.649 r  vga_driver/alien_on5__0_i_6/CO[3]
                         net (fo=1, routed)           0.000     7.649    add_sl/alien_on5__2_0[0]
    SLICE_X75Y58         CARRY4 (Prop_carry4_CI_CO[3])
                                                      0.114     7.763 r  add_sl/alien_on5__0_i_5/CO[3]
                         net (fo=1, routed)           0.000     7.763    add_sl/alien_on5__0_i_5_n_0
    SLICE_X75Y59         CARRY4 (Prop_carry4_CI_O[0])
                                                      0.222     7.985 r  add_sl/alien_on5__0_i_4/O[0]
                         net (fo=4, routed)           1.166     9.151    add_sl/alien_on5__0_i_4_n_7
    DSP48_X2Y24          DSP48E1 (Prop_dsp48e1_B[16]_PCOUT[47])
                                                      4.026    13.177 r  add_sl/alien_on5__1/PCOUT[47]
                         net (fo=1, routed)           0.002    13.179    add_sl/alien_on5__1_n_106
    DSP48_X2Y25          DSP48E1 (Prop_dsp48e1_PCIN[47]_P[2])
                                                      1.518    14.697 r  add_sl/alien_on5__2/P[2]
                         net (fo=2, routed)           1.164    15.862    add_sl/alien_on5__2_n_103
    SLICE_X79Y62         LUT2 (Prop_lut2_I0_O)        0.124    15.986 r  add_sl/alien_on_reg[22]_i_142/O
                         net (fo=1, routed)           0.000    15.986    add_sl/alien_on_reg[22]_i_142_n_0
    SLICE_X79Y62         CARRY4 (Prop_carry4_S[3]_CO[3])
                                                      0.401    16.387 r  add_sl/alien_on_reg[22]_i_129/CO[3]
                         net (fo=1, routed)           0.000    16.387    add_sl/alien_on_reg[22]_i_129_n_0
    SLICE_X79Y63         CARRY4 (Prop_carry4_CI_O[0])
                                                      0.222    16.609 r  add_sl/alien_on_reg[22]_i_104/O[0]
                         net (fo=2, routed)           0.997    17.605    add_sl/alien_on_reg[22]_i_104_n_7
    SLICE_X78Y64         LUT3 (Prop_lut3_I2_O)        0.325    17.930 r  add_sl/alien_on_reg[22]_i_92/O
                         net (fo=2, routed)           0.857    18.787    add_sl/alien_on_reg[22]_i_92_n_0
    SLICE_X78Y64         LUT4 (Prop_lut4_I3_O)        0.328    19.115 r  add_sl/alien_on_reg[22]_i_96/O
                         net (fo=1, routed)           0.000    19.115    add_sl/alien_on_reg[22]_i_96_n_0
    SLICE_X78Y64         CARRY4 (Prop_carry4_S[1]_CO[3])
                                                      0.533    19.648 r  add_sl/alien_on_reg[22]_i_64/CO[3]
                         net (fo=1, routed)           0.000    19.648    add_sl/alien_on_reg[22]_i_64_n_0
    SLICE_X78Y65         CARRY4 (Prop_carry4_CI_CO[3])
                                                      0.117    19.765 r  add_sl/alien_on_reg[22]_i_38/CO[3]
                         net (fo=1, routed)           0.000    19.765    add_sl/alien_on_reg[22]_i_38_n_0
    SLICE_X78Y66         CARRY4 (Prop_carry4_CI_O[1])
                                                      0.323    20.088 f  add_sl/alien_on_reg[22]_i_12/O[1]
                         net (fo=2, routed)           1.140    21.228    add_sl/alien_on4[29]
    SLICE_X80Y64         LUT2 (Prop_lut2_I0_O)        0.306    21.534 r  add_sl/alien_on_reg[22]_i_14/O
                         net (fo=1, routed)           0.000    21.534    add_sl/alien_on_reg[22]_i_14_n_0
    SLICE_X80Y64         CARRY4 (Prop_carry4_S[1]_CO[2])
                                                      0.574    22.108 r  add_sl/alien_on_reg[22]_i_3/CO[2]
                         net (fo=1, routed)           0.759    22.867    add_sl/alien_on26154_in
    SLICE_X75Y64         LUT5 (Prop_lut5_I1_O)        0.310    23.177 r  add_sl/alien_on_reg[22]_i_1/O
                         net (fo=1, routed)           0.991    24.168    add_sl/p_43_out[22]
    SLICE_X71Y51         LDCE                                         r  add_sl/alien_on_reg[22]/D
  -------------------------------------------------------------------    -------------------

Slack:                    inf
  Source:                 add_sl/alien0_x_reg[7]/C
                            (rising edge-triggered cell FDRE)
  Destination:            add_sl/alien_on_reg[2]/D
  Path Group:             (none)
  Path Type:              Max at Slow Process Corner
  Data Path Delay:        24.096ns  (logic 11.857ns (49.207%)  route 12.239ns (50.793%))
  Logic Levels:           20  (CARRY4=10 DSP48E1=2 FDRE=1 LUT1=2 LUT2=2 LUT3=1 LUT4=1 LUT5=1)

    Location             Delay type                Incr(ns)  Path(ns)    Netlist Resource(s)
  -------------------------------------------------------------------    -------------------
    SLICE_X54Y57         FDRE                         0.000     0.000 r  add_sl/alien0_x_reg[7]/C
    SLICE_X54Y57         FDRE (Prop_fdre_C_Q)         0.518     0.518 f  add_sl/alien0_x_reg[7]/Q
                         net (fo=29, routed)          4.065     4.583    add_sl/alien0_x_reg[10]_0[4]
    SLICE_X13Y50         LUT1 (Prop_lut1_I0_O)        0.124     4.707 r  add_sl/alien_on5__41_i_49/O
                         net (fo=1, routed)           0.000     4.707    add_sl/alien_on5__41_i_49_n_0
    SLICE_X13Y50         CARRY4 (Prop_carry4_S[1]_CO[3])
                                                      0.550     5.257 r  add_sl/alien_on5__41_i_43/CO[3]
                         net (fo=1, routed)           0.000     5.257    add_sl/alien_on5__41_i_43_n_0
    SLICE_X13Y51         CARRY4 (Prop_carry4_CI_O[1])
                                                      0.334     5.591 f  add_sl/alien_on5__41_i_42/O[1]
                         net (fo=3, routed)           0.986     6.576    add_sl/alien_x[2]_10[11]
    SLICE_X11Y50         LUT1 (Prop_lut1_I0_O)        0.303     6.879 r  add_sl/alien_on5__41_i_13/O
                         net (fo=1, routed)           0.000     6.879    vga_driver/alien_on5__42[0]
    SLICE_X11Y50         CARRY4 (Prop_carry4_S[3]_CO[3])
                                                      0.401     7.280 r  vga_driver/alien_on5__41_i_2/CO[3]
                         net (fo=1, routed)           0.000     7.280    add_sl/alien_on5__42_1[0]
    SLICE_X11Y51         CARRY4 (Prop_carry4_CI_O[1])
                                                      0.334     7.614 r  add_sl/alien_on5__41_i_1/O[1]
                         net (fo=4, routed)           0.764     8.378    add_sl/alien_on5__41_i_1_n_6
    DSP48_X0Y21          DSP48E1 (Prop_dsp48e1_A[13]_PCOUT[47])
                                                      4.215    12.593 r  add_sl/alien_on5__42/PCOUT[47]
                         net (fo=1, routed)           0.002    12.595    add_sl/alien_on5__42_n_106
    DSP48_X0Y22          DSP48E1 (Prop_dsp48e1_PCIN[47]_P[2])
                                                      1.518    14.113 r  add_sl/alien_on5__43/P[2]
                         net (fo=2, routed)           1.148    15.261    add_sl/alien_on5__43_n_103
    SLICE_X11Y56         LUT2 (Prop_lut2_I0_O)        0.124    15.385 r  add_sl/alien_on_reg[10]_i_114/O
                         net (fo=1, routed)           0.000    15.385    add_sl/alien_on_reg[10]_i_114_n_0
    SLICE_X11Y56         CARRY4 (Prop_carry4_S[3]_CO[3])
                                                      0.401    15.786 r  add_sl/alien_on_reg[10]_i_101/CO[3]
                         net (fo=1, routed)           0.000    15.786    add_sl/alien_on_reg[10]_i_101_n_0
    SLICE_X11Y57         CARRY4 (Prop_carry4_CI_CO[3])
                                                      0.114    15.900 r  add_sl/alien_on_reg[10]_i_76/CO[3]
                         net (fo=1, routed)           0.000    15.900    add_sl/alien_on_reg[10]_i_76_n_0
    SLICE_X11Y58         CARRY4 (Prop_carry4_CI_O[0])
                                                      0.222    16.122 r  add_sl/alien_on_reg[10]_i_47/O[0]
                         net (fo=4, routed)           1.273    17.395    add_sl/alien_on_reg[10]_i_47_n_7
    SLICE_X12Y56         LUT3 (Prop_lut3_I0_O)        0.325    17.720 r  add_sl/alien_on_reg[2]_i_40/O
                         net (fo=2, routed)           0.857    18.577    add_sl/alien_on_reg[2]_i_40_n_0
    SLICE_X12Y56         LUT4 (Prop_lut4_I3_O)        0.328    18.905 r  add_sl/alien_on_reg[2]_i_44/O
                         net (fo=1, routed)           0.000    18.905    add_sl/alien_on_reg[2]_i_44_n_0
    SLICE_X12Y56         CARRY4 (Prop_carry4_S[1]_CO[3])
                                                      0.533    19.438 r  add_sl/alien_on_reg[2]_i_18/CO[3]
                         net (fo=1, routed)           0.000    19.438    add_sl/alien_on_reg[2]_i_18_n_0
    SLICE_X12Y57         CARRY4 (Prop_carry4_CI_O[1])
                                                      0.323    19.761 f  add_sl/alien_on_reg[2]_i_5/O[1]
                         net (fo=2, routed)           0.956    20.716    add_sl/alien_on_reg[2]_i_5_n_6
    SLICE_X14Y54         LUT2 (Prop_lut2_I0_O)        0.306    21.022 r  add_sl/alien_on_reg[2]_i_11/O
                         net (fo=1, routed)           0.000    21.022    add_sl/alien_on_reg[2]_i_11_n_0
    SLICE_X14Y54         CARRY4 (Prop_carry4_S[1]_CO[2])
                                                      0.574    21.596 r  add_sl/alien_on_reg[2]_i_3/CO[2]
                         net (fo=1, routed)           1.158    22.755    add_sl/alien_on32354_in
    SLICE_X15Y49         LUT5 (Prop_lut5_I4_O)        0.310    23.065 r  add_sl/alien_on_reg[2]_i_1/O
                         net (fo=1, routed)           1.031    24.096    add_sl/p_43_out[2]
    SLICE_X40Y50         LDCE                                         r  add_sl/alien_on_reg[2]/D
  -------------------------------------------------------------------    -------------------

Slack:                    inf
  Source:                 add_sl/alien0_x_reg[5]/C
                            (rising edge-triggered cell FDSE)
  Destination:            add_sl/alien_on_reg[4]/D
  Path Group:             (none)
  Path Type:              Max at Slow Process Corner
  Data Path Delay:        23.993ns  (logic 11.727ns (48.877%)  route 12.266ns (51.123%))
  Logic Levels:           19  (CARRY4=10 DSP48E1=2 FDSE=1 LUT2=3 LUT3=1 LUT4=1 LUT5=1)

    Location             Delay type                Incr(ns)  Path(ns)    Netlist Resource(s)
  -------------------------------------------------------------------    -------------------
    SLICE_X54Y57         FDSE                         0.000     0.000 r  add_sl/alien0_x_reg[5]/C
    SLICE_X54Y57         FDSE (Prop_fdse_C_Q)         0.518     0.518 r  add_sl/alien0_x_reg[5]/Q
                         net (fo=28, routed)          4.393     4.911    add_sl/alien0_x_reg[10]_0[2]
    SLICE_X14Y59         CARRY4 (Prop_carry4_S[2]_CO[3])
                                                      0.504     5.415 r  add_sl/alien_on5__35_i_44/CO[3]
                         net (fo=1, routed)           0.000     5.415    add_sl/alien_on5__35_i_44_n_0
    SLICE_X14Y60         CARRY4 (Prop_carry4_CI_O[1])
                                                      0.323     5.738 r  add_sl/alien_on5__35_i_43/O[1]
                         net (fo=5, routed)           0.960     6.698    vga_driver/data4[5]
    SLICE_X12Y60         LUT2 (Prop_lut2_I1_O)        0.306     7.004 r  vga_driver/alien_on5__35_i_16/O
                         net (fo=1, routed)           0.000     7.004    vga_driver/alien_on5__35_i_16_n_0
    SLICE_X12Y60         CARRY4 (Prop_carry4_S[0]_CO[3])
                                                      0.513     7.517 r  vga_driver/alien_on5__35_i_2/CO[3]
                         net (fo=1, routed)           0.000     7.517    add_sl/alien_on5__36_1[0]
    SLICE_X12Y61         CARRY4 (Prop_carry4_CI_O[2])
                                                      0.239     7.756 r  add_sl/alien_on5__35_i_1/O[2]
                         net (fo=22, routed)          0.968     8.724    add_sl/alien_on5__35_i_1_n_5
    DSP48_X0Y25          DSP48E1 (Prop_dsp48e1_A[14]_PCOUT[47])
                                                      4.213    12.937 r  add_sl/alien_on5__36/PCOUT[47]
                         net (fo=1, routed)           0.002    12.939    add_sl/alien_on5__36_n_106
    DSP48_X0Y26          DSP48E1 (Prop_dsp48e1_PCIN[47]_P[0])
                                                      1.518    14.457 r  add_sl/alien_on5__37/P[0]
                         net (fo=2, routed)           1.163    15.620    add_sl/alien_on5__37_n_105
    SLICE_X10Y62         LUT2 (Prop_lut2_I0_O)        0.124    15.744 r  add_sl/alien_on_reg[12]_i_116/O
                         net (fo=1, routed)           0.000    15.744    add_sl/alien_on_reg[12]_i_116_n_0
    SLICE_X10Y62         CARRY4 (Prop_carry4_S[1]_CO[3])
                                                      0.533    16.277 r  add_sl/alien_on_reg[12]_i_101/CO[3]
                         net (fo=1, routed)           0.000    16.277    add_sl/alien_on_reg[12]_i_101_n_0
    SLICE_X10Y63         CARRY4 (Prop_carry4_CI_CO[3])
                                                      0.117    16.394 r  add_sl/alien_on_reg[12]_i_76/CO[3]
                         net (fo=1, routed)           0.000    16.394    add_sl/alien_on_reg[12]_i_76_n_0
    SLICE_X10Y64         CARRY4 (Prop_carry4_CI_O[2])
                                                      0.239    16.633 r  add_sl/alien_on_reg[12]_i_47/O[2]
                         net (fo=4, routed)           0.974    17.607    add_sl/alien_on_reg[12]_i_47_n_5
    SLICE_X15Y64         LUT3 (Prop_lut3_I0_O)        0.331    17.938 r  add_sl/alien_on_reg[4]_i_38/O
                         net (fo=2, routed)           1.082    19.020    add_sl/alien_on_reg[4]_i_38_n_0
    SLICE_X15Y64         LUT4 (Prop_lut4_I3_O)        0.327    19.347 r  add_sl/alien_on_reg[4]_i_42/O
                         net (fo=1, routed)           0.000    19.347    add_sl/alien_on_reg[4]_i_42_n_0
    SLICE_X15Y64         CARRY4 (Prop_carry4_S[3]_CO[3])
                                                      0.401    19.748 r  add_sl/alien_on_reg[4]_i_18/CO[3]
                         net (fo=1, routed)           0.000    19.748    add_sl/alien_on_reg[4]_i_18_n_0
    SLICE_X15Y65         CARRY4 (Prop_carry4_CI_O[1])
                                                      0.334    20.082 f  add_sl/alien_on_reg[4]_i_5/O[1]
                         net (fo=2, routed)           1.334    21.417    add_sl/alien_on_reg[4]_i_5_n_6
    SLICE_X14Y58         LUT2 (Prop_lut2_I0_O)        0.303    21.720 r  add_sl/alien_on_reg[4]_i_11/O
                         net (fo=1, routed)           0.000    21.720    add_sl/alien_on_reg[4]_i_11_n_0
    SLICE_X14Y58         CARRY4 (Prop_carry4_S[1]_CO[2])
                                                      0.574    22.294 r  add_sl/alien_on_reg[4]_i_3/CO[2]
                         net (fo=1, routed)           0.412    22.706    add_sl/alien_on32362_in
    SLICE_X13Y57         LUT5 (Prop_lut5_I4_O)        0.310    23.016 r  add_sl/alien_on_reg[4]_i_1/O
                         net (fo=1, routed)           0.977    23.993    add_sl/p_43_out[4]
    SLICE_X36Y50         LDCE                                         r  add_sl/alien_on_reg[4]/D
  -------------------------------------------------------------------    -------------------





Min Delay Paths
--------------------------------------------------------------------------------------
Slack:                    inf
  Source:                 add_sl/laser_y_reg[1]/C
                            (rising edge-triggered cell FDSE)
  Destination:            add_sl/laser_y_reg[3]/D
  Path Group:             (none)
  Path Type:              Min at Fast Process Corner
  Data Path Delay:        0.307ns  (logic 0.186ns (60.498%)  route 0.121ns (39.502%))
  Logic Levels:           2  (FDSE=1 LUT4=1)

    Location             Delay type                Incr(ns)  Path(ns)    Netlist Resource(s)
  -------------------------------------------------------------------    -------------------
    SLICE_X51Y56         FDSE                         0.000     0.000 r  add_sl/laser_y_reg[1]/C
    SLICE_X51Y56         FDSE (Prop_fdse_C_Q)         0.141     0.141 r  add_sl/laser_y_reg[1]/Q
                         net (fo=30, routed)          0.121     0.262    add_sl/laser_y_reg[1]_0[0]
    SLICE_X50Y56         LUT4 (Prop_lut4_I1_O)        0.045     0.307 r  add_sl/laser_y[3]_i_1/O
                         net (fo=1, routed)           0.000     0.307    add_sl/laser_y[3]_i_1_n_0
    SLICE_X50Y56         FDSE                                         r  add_sl/laser_y_reg[3]/D
  -------------------------------------------------------------------    -------------------

Slack:                    inf
  Source:                 add_sl/move_alien_laser.laser_start_reg[2]/C
                            (rising edge-triggered cell FDRE)
  Destination:            add_sl/move_alien_laser.laser_start_reg_rep[2]/D
  Path Group:             (none)
  Path Type:              Min at Fast Process Corner
  Data Path Delay:        0.318ns  (logic 0.252ns (79.170%)  route 0.066ns (20.830%))
  Logic Levels:           2  (CARRY4=1 FDRE=1)

    Location             Delay type                Incr(ns)  Path(ns)    Netlist Resource(s)
  -------------------------------------------------------------------    -------------------
    SLICE_X61Y46         FDRE                         0.000     0.000 r  add_sl/move_alien_laser.laser_start_reg[2]/C
    SLICE_X61Y46         FDRE (Prop_fdre_C_Q)         0.141     0.141 r  add_sl/move_alien_laser.laser_start_reg[2]/Q
                         net (fo=2, routed)           0.066     0.207    add_sl/move_alien_laser.laser_start_reg[2]
    SLICE_X60Y46         CARRY4 (Prop_carry4_S[1]_O[1])
                                                      0.111     0.318 r  add_sl/move_alien_laser.laser_start_reg_rep[4]_i_1/O[1]
                         net (fo=2, routed)           0.000     0.318    add_sl/move_alien_laser.laser_start_reg_rep[4]_i_1_n_6
    SLICE_X60Y46         FDRE                                         r  add_sl/move_alien_laser.laser_start_reg_rep[2]/D
  -------------------------------------------------------------------    -------------------

Slack:                    inf
  Source:                 add_sl/move_alien_laser.laser_start_reg[6]/C
                            (rising edge-triggered cell FDRE)
  Destination:            add_sl/move_alien_laser.laser_start_reg_rep[6]/D
  Path Group:             (none)
  Path Type:              Min at Fast Process Corner
  Data Path Delay:        0.318ns  (logic 0.252ns (79.170%)  route 0.066ns (20.830%))
  Logic Levels:           2  (CARRY4=1 FDRE=1)

    Location             Delay type                Incr(ns)  Path(ns)    Netlist Resource(s)
  -------------------------------------------------------------------    -------------------
    SLICE_X61Y47         FDRE                         0.000     0.000 r  add_sl/move_alien_laser.laser_start_reg[6]/C
    SLICE_X61Y47         FDRE (Prop_fdre_C_Q)         0.141     0.141 r  add_sl/move_alien_laser.laser_start_reg[6]/Q
                         net (fo=2, routed)           0.066     0.207    add_sl/move_alien_laser.laser_start_reg[6]
    SLICE_X60Y47         CARRY4 (Prop_carry4_S[1]_O[1])
                                                      0.111     0.318 r  add_sl/move_alien_laser.laser_start_reg_rep[6]_i_3/O[1]
                         net (fo=2, routed)           0.000     0.318    add_sl/move_alien_laser.laser_start_reg_rep[6]_i_3_n_6
    SLICE_X60Y47         FDRE                                         r  add_sl/move_alien_laser.laser_start_reg_rep[6]/D
  -------------------------------------------------------------------    -------------------

Slack:                    inf
  Source:                 add_sl/laser_y_reg[2]/C
                            (rising edge-triggered cell FDSE)
  Destination:            add_sl/laser_y_reg[4]/D
  Path Group:             (none)
  Path Type:              Min at Fast Process Corner
  Data Path Delay:        0.320ns  (logic 0.186ns (58.079%)  route 0.134ns (41.921%))
  Logic Levels:           2  (FDSE=1 LUT6=1)

    Location             Delay type                Incr(ns)  Path(ns)    Netlist Resource(s)
  -------------------------------------------------------------------    -------------------
    SLICE_X48Y56         FDSE                         0.000     0.000 r  add_sl/laser_y_reg[2]/C
    SLICE_X48Y56         FDSE (Prop_fdse_C_Q)         0.141     0.141 r  add_sl/laser_y_reg[2]/Q
                         net (fo=26, routed)          0.134     0.275    add_sl/laser_y_reg_n_0_[2]
    SLICE_X49Y56         LUT6 (Prop_lut6_I1_O)        0.045     0.320 r  add_sl/laser_y[4]_i_1/O
                         net (fo=1, routed)           0.000     0.320    add_sl/laser_y[4]_i_1_n_0
    SLICE_X49Y56         FDRE                                         r  add_sl/laser_y_reg[4]/D
  -------------------------------------------------------------------    -------------------

Slack:                    inf
  Source:                 add_sl/movespeed_reg[3]/C
                            (rising edge-triggered cell FDRE)
  Destination:            add_sl/movespeed_reg[4]/D
  Path Group:             (none)
  Path Type:              Min at Fast Process Corner
  Data Path Delay:        0.323ns  (logic 0.141ns (43.657%)  route 0.182ns (56.343%))
  Logic Levels:           1  (FDRE=1)

    Location             Delay type                Incr(ns)  Path(ns)    Netlist Resource(s)
  -------------------------------------------------------------------    -------------------
    SLICE_X52Y52         FDRE                         0.000     0.000 r  add_sl/movespeed_reg[3]/C
    SLICE_X52Y52         FDRE (Prop_fdre_C_Q)         0.141     0.141 r  add_sl/movespeed_reg[3]/Q
                         net (fo=2, routed)           0.182     0.323    add_sl/movespeed_reg_n_0_[3]
    SLICE_X52Y52         FDRE                                         r  add_sl/movespeed_reg[4]/D
  -------------------------------------------------------------------    -------------------

Slack:                    inf
  Source:                 add_sl/movespeed_reg[2]/C
                            (rising edge-triggered cell FDSE)
  Destination:            add_sl/movespeed_reg[3]/D
  Path Group:             (none)
  Path Type:              Min at Fast Process Corner
  Data Path Delay:        0.327ns  (logic 0.141ns (43.113%)  route 0.186ns (56.887%))
  Logic Levels:           1  (FDSE=1)

    Location             Delay type                Incr(ns)  Path(ns)    Netlist Resource(s)
  -------------------------------------------------------------------    -------------------
    SLICE_X52Y52         FDSE                         0.000     0.000 r  add_sl/movespeed_reg[2]/C
    SLICE_X52Y52         FDSE (Prop_fdse_C_Q)         0.141     0.141 r  add_sl/movespeed_reg[2]/Q
                         net (fo=2, routed)           0.186     0.327    add_sl/movespeed_reg_n_0_[2]
    SLICE_X52Y52         FDRE                                         r  add_sl/movespeed_reg[3]/D
  -------------------------------------------------------------------    -------------------

Slack:                    inf
  Source:                 add_sl/alien_on_screen_reg[16]/C
                            (rising edge-triggered cell FDRE)
  Destination:            add_sl/alien_on_screen_reg[16]/D
  Path Group:             (none)
  Path Type:              Min at Fast Process Corner
  Data Path Delay:        0.331ns  (logic 0.186ns (56.169%)  route 0.145ns (43.831%))
  Logic Levels:           2  (FDRE=1 LUT6=1)

    Location             Delay type                Incr(ns)  Path(ns)    Netlist Resource(s)
  -------------------------------------------------------------------    -------------------
    SLICE_X67Y49         FDRE                         0.000     0.000 r  add_sl/alien_on_screen_reg[16]/C
    SLICE_X67Y49         FDRE (Prop_fdre_C_Q)         0.141     0.141 r  add_sl/alien_on_screen_reg[16]/Q
                         net (fo=5, routed)           0.145     0.286    add_sl/p_0_in2320_in
    SLICE_X67Y49         LUT6 (Prop_lut6_I2_O)        0.045     0.331 r  add_sl/alien_on_screen[16]_i_1/O
                         net (fo=1, routed)           0.000     0.331    add_sl/alien_on_screen[16]_i_1_n_0
    SLICE_X67Y49         FDRE                                         r  add_sl/alien_on_screen_reg[16]/D
  -------------------------------------------------------------------    -------------------

Slack:                    inf
  Source:                 add_sl/movespeed_reg[4]/C
                            (rising edge-triggered cell FDRE)
  Destination:            add_sl/movespeed_reg[5]/D
  Path Group:             (none)
  Path Type:              Min at Fast Process Corner
  Data Path Delay:        0.335ns  (logic 0.141ns (42.036%)  route 0.194ns (57.964%))
  Logic Levels:           1  (FDRE=1)

    Location             Delay type                Incr(ns)  Path(ns)    Netlist Resource(s)
  -------------------------------------------------------------------    -------------------
    SLICE_X52Y52         FDRE                         0.000     0.000 r  add_sl/movespeed_reg[4]/C
    SLICE_X52Y52         FDRE (Prop_fdre_C_Q)         0.141     0.141 r  add_sl/movespeed_reg[4]/Q
                         net (fo=2, routed)           0.194     0.335    add_sl/movespeed_reg_n_0_[4]
    SLICE_X52Y52         FDRE                                         r  add_sl/movespeed_reg[5]/D
  -------------------------------------------------------------------    -------------------

Slack:                    inf
  Source:                 add_sl/alien_laser_y_reg[4]/C
                            (rising edge-triggered cell FDRE)
  Destination:            add_sl/alien_laser_y_reg[4]/D
  Path Group:             (none)
  Path Type:              Min at Fast Process Corner
  Data Path Delay:        0.344ns  (logic 0.186ns (54.008%)  route 0.158ns (45.992%))
  Logic Levels:           2  (FDRE=1 LUT6=1)

    Location             Delay type                Incr(ns)  Path(ns)    Netlist Resource(s)
  -------------------------------------------------------------------    -------------------
    SLICE_X57Y58         FDRE                         0.000     0.000 r  add_sl/alien_laser_y_reg[4]/C
    SLICE_X57Y58         FDRE (Prop_fdre_C_Q)         0.141     0.141 r  add_sl/alien_laser_y_reg[4]/Q
                         net (fo=16, routed)          0.158     0.299    add_sl/alien_laser_y[4]
    SLICE_X57Y58         LUT6 (Prop_lut6_I3_O)        0.045     0.344 r  add_sl/alien_laser_y[4]_i_1/O
                         net (fo=1, routed)           0.000     0.344    add_sl/alien_laser_y[4]_i_1_n_0
    SLICE_X57Y58         FDRE                                         r  add_sl/alien_laser_y_reg[4]/D
  -------------------------------------------------------------------    -------------------

Slack:                    inf
  Source:                 add_sl/aliens_move_reg[4]/C
                            (rising edge-triggered cell FDRE)
  Destination:            add_sl/aliens_move_reg[5]/D
  Path Group:             (none)
  Path Type:              Min at Fast Process Corner
  Data Path Delay:        0.350ns  (logic 0.268ns (76.574%)  route 0.082ns (23.426%))
  Logic Levels:           2  (CARRY4=1 FDRE=1)

    Location             Delay type                Incr(ns)  Path(ns)    Netlist Resource(s)
  -------------------------------------------------------------------    -------------------
    SLICE_X52Y54         FDRE                         0.000     0.000 r  add_sl/aliens_move_reg[4]/C
    SLICE_X52Y54         FDRE (Prop_fdre_C_Q)         0.141     0.141 r  add_sl/aliens_move_reg[4]/Q
                         net (fo=3, routed)           0.082     0.223    add_sl/aliens_move_reg[4]
    SLICE_X52Y54         CARRY4 (Prop_carry4_DI[2]_O[3])
                                                      0.127     0.350 r  add_sl/aliens_move_reg[5]_i_1/O[3]
                         net (fo=1, routed)           0.000     0.350    add_sl/plusOp__0[5]
    SLICE_X52Y54         FDRE                                         r  add_sl/aliens_move_reg[5]/D
  -------------------------------------------------------------------    -------------------





--------------------------------------------------------------------------------------
Path Group:  (none)
From Clock:  clk_out1_clk_wiz_0
  To Clock:  

Max Delay            28 Endpoints
Min Delay            28 Endpoints
--------------------------------------------------------------------------------------


Max Delay Paths
--------------------------------------------------------------------------------------
Slack:                    inf
  Source:                 vga_driver/pixel_col_reg[6]/C
                            (rising edge-triggered cell FDRE clocked by clk_out1_clk_wiz_0  {rise@0.000ns fall@12.469ns period=24.938ns})
  Destination:            add_sl/alien_on_reg[17]/D
  Path Group:             (none)
  Path Type:              Max at Slow Process Corner
  Data Path Delay:        25.825ns  (logic 10.751ns (41.630%)  route 15.074ns (58.370%))
  Logic Levels:           16  (CARRY4=8 DSP48E1=2 LUT2=3 LUT3=1 LUT4=1 LUT5=1)
  Clock Uncertainty:      0.178ns  ((TSJ^2 + DJ^2)^1/2) / 2 + PE
    Total System Jitter     (TSJ):    0.050ns
    Discrete Jitter          (DJ):    0.152ns
    Phase Error              (PE):    0.098ns

    Location             Delay type                Incr(ns)  Path(ns)    Netlist Resource(s)
  -------------------------------------------------------------------    -------------------
                         (clock clk_out1_clk_wiz_0 rise edge)
                                                      0.000     0.000 r  
    E3                                                0.000     0.000 r  clk_in (IN)
                         net (fo=0)                   0.000     0.000    clk_in
    E3                   IBUF (Prop_ibuf_I_O)         1.482     1.482 r  clk_in_IBUF_inst/O
                         net (fo=1, routed)           2.025     3.506    clk_in_IBUF
    BUFGCTRL_X0Y16       BUFG (Prop_bufg_I_O)         0.096     3.602 r  clk_in_IBUF_BUFG_inst/O
                         net (fo=38, routed)          1.809     5.412    clk_wiz_0_inst/U0/clk_in1
    MMCME2_ADV_X0Y0      MMCME2_ADV (Prop_mmcme2_adv_CLKIN1_CLKOUT0)
                                                     -3.922     1.490 r  clk_wiz_0_inst/U0/mmcm_adv_inst/CLKOUT0
                         net (fo=1, routed)           2.018     3.508    clk_wiz_0_inst/U0/clk_out1_clk_wiz_0
    BUFGCTRL_X0Y1        BUFG (Prop_bufg_I_O)         0.096     3.604 r  clk_wiz_0_inst/U0/clkout1_buf/O
                         net (fo=72, routed)          1.612     5.217    vga_driver/clk_out1
    SLICE_X52Y68         FDRE                                         r  vga_driver/pixel_col_reg[6]/C
  -------------------------------------------------------------------    -------------------
    SLICE_X52Y68         FDRE (Prop_fdre_C_Q)         0.456     5.673 r  vga_driver/pixel_col_reg[6]/Q
                         net (fo=105, routed)         8.024    13.697    vga_driver/Q[5]
    SLICE_X76Y63         LUT2 (Prop_lut2_I0_O)        0.124    13.821 r  vga_driver/alien_on5__17_i_34/O
                         net (fo=1, routed)           0.000    13.821    vga_driver/alien_on5__17_i_34_n_0
    SLICE_X76Y63         CARRY4 (Prop_carry4_S[2]_CO[3])
                                                      0.380    14.201 r  vga_driver/alien_on5__17_i_7/CO[3]
                         net (fo=1, routed)           0.000    14.201    vga_driver/alien_on5__17_i_7_n_0
    SLICE_X76Y64         CARRY4 (Prop_carry4_CI_CO[3])
                                                      0.117    14.318 r  vga_driver/alien_on5__17_i_6/CO[3]
                         net (fo=1, routed)           0.000    14.318    add_sl/alien_on5__19_0[0]
    SLICE_X76Y65         CARRY4 (Prop_carry4_CI_O[2])
                                                      0.239    14.557 r  add_sl/alien_on5__17_i_5/O[2]
                         net (fo=4, routed)           1.106    15.663    add_sl/alien_on5__17_i_5_n_5
    DSP48_X2Y29          DSP48E1 (Prop_dsp48e1_A[14]_PCOUT[47])
                                                      4.213    19.876 r  add_sl/alien_on5__18/PCOUT[47]
                         net (fo=1, routed)           0.056    19.932    add_sl/alien_on5__18_n_106
    DSP48_X2Y30          DSP48E1 (Prop_dsp48e1_PCIN[47]_P[0])
                                                      1.518    21.450 r  add_sl/alien_on5__19/P[0]
                         net (fo=2, routed)           0.935    22.384    add_sl/alien_on5__19_n_105
    SLICE_X77Y75         LUT2 (Prop_lut2_I0_O)        0.124    22.508 r  add_sl/alien_on_reg[17]_i_116/O
                         net (fo=1, routed)           0.000    22.508    add_sl/alien_on_reg[17]_i_116_n_0
    SLICE_X77Y75         CARRY4 (Prop_carry4_S[1]_CO[3])
                                                      0.550    23.058 r  add_sl/alien_on_reg[17]_i_101/CO[3]
                         net (fo=1, routed)           0.000    23.058    add_sl/alien_on_reg[17]_i_101_n_0
    SLICE_X77Y76         CARRY4 (Prop_carry4_CI_O[3])
                                                      0.313    23.371 r  add_sl/alien_on_reg[17]_i_76/O[3]
                         net (fo=2, routed)           0.936    24.308    add_sl/alien_on_reg[17]_i_76_n_4
    SLICE_X75Y75         LUT3 (Prop_lut3_I2_O)        0.332    24.640 r  add_sl/alien_on_reg[17]_i_41/O
                         net (fo=2, routed)           0.645    25.285    add_sl/alien_on_reg[17]_i_41_n_0
    SLICE_X75Y76         LUT4 (Prop_lut4_I3_O)        0.332    25.617 r  add_sl/alien_on_reg[17]_i_45/O
                         net (fo=1, routed)           0.000    25.617    add_sl/alien_on_reg[17]_i_45_n_0
    SLICE_X75Y76         CARRY4 (Prop_carry4_S[0]_CO[3])
                                                      0.532    26.149 r  add_sl/alien_on_reg[17]_i_18/CO[3]
                         net (fo=1, routed)           0.000    26.149    add_sl/alien_on_reg[17]_i_18_n_0
    SLICE_X75Y77         CARRY4 (Prop_carry4_CI_O[1])
                                                      0.334    26.483 f  add_sl/alien_on_reg[17]_i_5/O[1]
                         net (fo=2, routed)           0.806    27.290    add_sl/alien_on_reg[17]_i_5_n_6
    SLICE_X74Y76         LUT2 (Prop_lut2_I0_O)        0.303    27.593 r  add_sl/alien_on_reg[17]_i_7/O
                         net (fo=1, routed)           0.000    27.593    add_sl/alien_on_reg[17]_i_7_n_0
    SLICE_X74Y76         CARRY4 (Prop_carry4_S[1]_CO[2])
                                                      0.574    28.167 r  add_sl/alien_on_reg[17]_i_2/CO[2]
                         net (fo=1, routed)           1.223    29.390    add_sl/alien_on26134_in
    SLICE_X73Y66         LUT5 (Prop_lut5_I1_O)        0.310    29.700 r  add_sl/alien_on_reg[17]_i_1/O
                         net (fo=1, routed)           1.342    31.042    add_sl/p_43_out[17]
    SLICE_X69Y51         LDCE                                         r  add_sl/alien_on_reg[17]/D
  -------------------------------------------------------------------    -------------------

Slack:                    inf
  Source:                 vga_driver/pixel_col_reg[0]/C
                            (rising edge-triggered cell FDRE clocked by clk_out1_clk_wiz_0  {rise@0.000ns fall@12.469ns period=24.938ns})
  Destination:            add_sl/alien_on_reg[15]/D
  Path Group:             (none)
  Path Type:              Max at Slow Process Corner
  Data Path Delay:        25.394ns  (logic 10.770ns (42.412%)  route 14.624ns (57.588%))
  Logic Levels:           18  (CARRY4=10 DSP48E1=2 LUT2=3 LUT3=1 LUT4=1 LUT5=1)
  Clock Uncertainty:      0.178ns  ((TSJ^2 + DJ^2)^1/2) / 2 + PE
    Total System Jitter     (TSJ):    0.050ns
    Discrete Jitter          (DJ):    0.152ns
    Phase Error              (PE):    0.098ns

    Location             Delay type                Incr(ns)  Path(ns)    Netlist Resource(s)
  -------------------------------------------------------------------    -------------------
                         (clock clk_out1_clk_wiz_0 rise edge)
                                                      0.000     0.000 r  
    E3                                                0.000     0.000 r  clk_in (IN)
                         net (fo=0)                   0.000     0.000    clk_in
    E3                   IBUF (Prop_ibuf_I_O)         1.482     1.482 r  clk_in_IBUF_inst/O
                         net (fo=1, routed)           2.025     3.506    clk_in_IBUF
    BUFGCTRL_X0Y16       BUFG (Prop_bufg_I_O)         0.096     3.602 r  clk_in_IBUF_BUFG_inst/O
                         net (fo=38, routed)          1.809     5.412    clk_wiz_0_inst/U0/clk_in1
    MMCME2_ADV_X0Y0      MMCME2_ADV (Prop_mmcme2_adv_CLKIN1_CLKOUT0)
                                                     -3.922     1.490 r  clk_wiz_0_inst/U0/mmcm_adv_inst/CLKOUT0
                         net (fo=1, routed)           2.018     3.508    clk_wiz_0_inst/U0/clk_out1_clk_wiz_0
    BUFGCTRL_X0Y1        BUFG (Prop_bufg_I_O)         0.096     3.604 r  clk_wiz_0_inst/U0/clkout1_buf/O
                         net (fo=72, routed)          1.617     5.222    vga_driver/clk_out1
    SLICE_X59Y68         FDRE                                         r  vga_driver/pixel_col_reg[0]/C
  -------------------------------------------------------------------    -------------------
    SLICE_X59Y68         FDRE (Prop_fdre_C_Q)         0.456     5.678 r  vga_driver/pixel_col_reg[0]/Q
                         net (fo=133, routed)         5.941    11.619    vga_driver/Q[0]
    SLICE_X57Y27         LUT2 (Prop_lut2_I0_O)        0.124    11.743 r  vga_driver/alien_on5__24_i_24/O
                         net (fo=1, routed)           0.000    11.743    vga_driver/alien_on5__24_i_24_n_0
    SLICE_X57Y27         CARRY4 (Prop_carry4_S[0]_CO[3])
                                                      0.532    12.275 r  vga_driver/alien_on5__24_i_4/CO[3]
                         net (fo=1, routed)           0.000    12.275    vga_driver/alien_on5__24_i_4_n_0
    SLICE_X57Y28         CARRY4 (Prop_carry4_CI_CO[3])
                                                      0.114    12.389 r  vga_driver/alien_on5__24_i_3/CO[3]
                         net (fo=1, routed)           0.000    12.389    vga_driver/alien_on5__24_i_3_n_0
    SLICE_X57Y29         CARRY4 (Prop_carry4_CI_CO[3])
                                                      0.114    12.503 r  vga_driver/alien_on5__24_i_2/CO[3]
                         net (fo=1, routed)           0.000    12.503    add_sl/alien_on5__25_1[0]
    SLICE_X57Y30         CARRY4 (Prop_carry4_CI_O[2])
                                                      0.239    12.742 r  add_sl/alien_on5__24_i_1/O[2]
                         net (fo=22, routed)          1.560    14.301    add_sl/alien_on5__24_i_1_n_5
    DSP48_X1Y9           DSP48E1 (Prop_dsp48e1_A[14]_PCOUT[47])
                                                      4.214    18.515 r  add_sl/alien_on5__25/PCOUT[47]
                         net (fo=1, routed)           0.056    18.571    add_sl/alien_on5__25_n_106
    DSP48_X1Y10          DSP48E1 (Prop_dsp48e1_PCIN[47]_P[0])
                                                      1.518    20.089 r  add_sl/alien_on5__26/P[0]
                         net (fo=2, routed)           1.350    21.439    add_sl/alien_on5__26_n_105
    SLICE_X57Y23         LUT2 (Prop_lut2_I0_O)        0.124    21.563 r  add_sl/alien_on_reg[15]_i_144/O
                         net (fo=1, routed)           0.000    21.563    add_sl/alien_on_reg[15]_i_144_n_0
    SLICE_X57Y23         CARRY4 (Prop_carry4_S[1]_CO[3])
                                                      0.550    22.113 r  add_sl/alien_on_reg[15]_i_129/CO[3]
                         net (fo=1, routed)           0.000    22.113    add_sl/alien_on_reg[15]_i_129_n_0
    SLICE_X57Y24         CARRY4 (Prop_carry4_CI_O[0])
                                                      0.222    22.335 r  add_sl/alien_on_reg[15]_i_104/O[0]
                         net (fo=4, routed)           1.857    24.192    add_sl/alien_on5__53[20]
    SLICE_X48Y40         LUT3 (Prop_lut3_I2_O)        0.327    24.519 r  add_sl/alien_on_reg[15]_i_92/O
                         net (fo=2, routed)           0.863    25.382    add_sl/alien_on_reg[15]_i_92_n_0
    SLICE_X48Y40         LUT4 (Prop_lut4_I3_O)        0.326    25.708 r  add_sl/alien_on_reg[15]_i_96/O
                         net (fo=1, routed)           0.000    25.708    add_sl/alien_on_reg[15]_i_96_n_0
    SLICE_X48Y40         CARRY4 (Prop_carry4_S[1]_CO[3])
                                                      0.550    26.258 r  add_sl/alien_on_reg[15]_i_64/CO[3]
                         net (fo=1, routed)           0.000    26.258    add_sl/alien_on_reg[15]_i_64_n_0
    SLICE_X48Y41         CARRY4 (Prop_carry4_CI_CO[3])
                                                      0.114    26.372 r  add_sl/alien_on_reg[15]_i_38/CO[3]
                         net (fo=1, routed)           0.000    26.372    add_sl/alien_on_reg[15]_i_38_n_0
    SLICE_X48Y42         CARRY4 (Prop_carry4_CI_O[3])
                                                      0.313    26.685 f  add_sl/alien_on_reg[15]_i_12/O[3]
                         net (fo=4, routed)           1.476    28.161    add_sl/alien_on_reg[15]_i_12_n_4
    SLICE_X55Y40         LUT2 (Prop_lut2_I0_O)        0.306    28.467 r  add_sl/alien_on_reg[15]_i_22/O
                         net (fo=1, routed)           0.000    28.467    add_sl/alien_on_reg[15]_i_22_n_0
    SLICE_X55Y40         CARRY4 (Prop_carry4_S[2]_CO[2])
                                                      0.314    28.781 r  add_sl/alien_on_reg[15]_i_5/CO[2]
                         net (fo=1, routed)           1.005    29.786    add_sl/alien_on32391_in
    SLICE_X52Y43         LUT5 (Prop_lut5_I4_O)        0.313    30.099 r  add_sl/alien_on_reg[15]_i_1/O
                         net (fo=1, routed)           0.516    30.615    add_sl/p_43_out[15]
    SLICE_X46Y45         LDCE                                         r  add_sl/alien_on_reg[15]/D
  -------------------------------------------------------------------    -------------------

Slack:                    inf
  Source:                 vga_driver/pixel_col_reg[6]/C
                            (rising edge-triggered cell FDRE clocked by clk_out1_clk_wiz_0  {rise@0.000ns fall@12.469ns period=24.938ns})
  Destination:            add_sl/alien_on_reg[22]/D
  Path Group:             (none)
  Path Type:              Max at Slow Process Corner
  Data Path Delay:        25.299ns  (logic 10.535ns (41.642%)  route 14.764ns (58.358%))
  Logic Levels:           18  (CARRY4=10 DSP48E1=2 LUT2=3 LUT3=1 LUT4=1 LUT5=1)
  Clock Uncertainty:      0.178ns  ((TSJ^2 + DJ^2)^1/2) / 2 + PE
    Total System Jitter     (TSJ):    0.050ns
    Discrete Jitter          (DJ):    0.152ns
    Phase Error              (PE):    0.098ns

    Location             Delay type                Incr(ns)  Path(ns)    Netlist Resource(s)
  -------------------------------------------------------------------    -------------------
                         (clock clk_out1_clk_wiz_0 rise edge)
                                                      0.000     0.000 r  
    E3                                                0.000     0.000 r  clk_in (IN)
                         net (fo=0)                   0.000     0.000    clk_in
    E3                   IBUF (Prop_ibuf_I_O)         1.482     1.482 r  clk_in_IBUF_inst/O
                         net (fo=1, routed)           2.025     3.506    clk_in_IBUF
    BUFGCTRL_X0Y16       BUFG (Prop_bufg_I_O)         0.096     3.602 r  clk_in_IBUF_BUFG_inst/O
                         net (fo=38, routed)          1.809     5.412    clk_wiz_0_inst/U0/clk_in1
    MMCME2_ADV_X0Y0      MMCME2_ADV (Prop_mmcme2_adv_CLKIN1_CLKOUT0)
                                                     -3.922     1.490 r  clk_wiz_0_inst/U0/mmcm_adv_inst/CLKOUT0
                         net (fo=1, routed)           2.018     3.508    clk_wiz_0_inst/U0/clk_out1_clk_wiz_0
    BUFGCTRL_X0Y1        BUFG (Prop_bufg_I_O)         0.096     3.604 r  clk_wiz_0_inst/U0/clkout1_buf/O
                         net (fo=72, routed)          1.612     5.217    vga_driver/clk_out1
    SLICE_X52Y68         FDRE                                         r  vga_driver/pixel_col_reg[6]/C
  -------------------------------------------------------------------    -------------------
    SLICE_X52Y68         FDRE (Prop_fdre_C_Q)         0.456     5.673 r  vga_driver/pixel_col_reg[6]/Q
                         net (fo=105, routed)         7.688    13.361    vga_driver/Q[5]
    SLICE_X75Y56         LUT2 (Prop_lut2_I0_O)        0.124    13.485 r  vga_driver/alien_on5__0_i_34/O
                         net (fo=1, routed)           0.000    13.485    vga_driver/alien_on5__0_i_34_n_0
    SLICE_X75Y56         CARRY4 (Prop_carry4_S[2]_CO[3])
                                                      0.398    13.883 r  vga_driver/alien_on5__0_i_7/CO[3]
                         net (fo=1, routed)           0.000    13.883    vga_driver/alien_on5__0_i_7_n_0
    SLICE_X75Y57         CARRY4 (Prop_carry4_CI_CO[3])
                                                      0.114    13.997 r  vga_driver/alien_on5__0_i_6/CO[3]
                         net (fo=1, routed)           0.000    13.997    add_sl/alien_on5__2_0[0]
    SLICE_X75Y58         CARRY4 (Prop_carry4_CI_CO[3])
                                                      0.114    14.111 r  add_sl/alien_on5__0_i_5/CO[3]
                         net (fo=1, routed)           0.000    14.111    add_sl/alien_on5__0_i_5_n_0
    SLICE_X75Y59         CARRY4 (Prop_carry4_CI_O[0])
                                                      0.222    14.333 r  add_sl/alien_on5__0_i_4/O[0]
                         net (fo=4, routed)           1.166    15.499    add_sl/alien_on5__0_i_4_n_7
    DSP48_X2Y24          DSP48E1 (Prop_dsp48e1_B[16]_PCOUT[47])
                                                      4.026    19.525 r  add_sl/alien_on5__1/PCOUT[47]
                         net (fo=1, routed)           0.002    19.527    add_sl/alien_on5__1_n_106
    DSP48_X2Y25          DSP48E1 (Prop_dsp48e1_PCIN[47]_P[2])
                                                      1.518    21.045 r  add_sl/alien_on5__2/P[2]
                         net (fo=2, routed)           1.164    22.210    add_sl/alien_on5__2_n_103
    SLICE_X79Y62         LUT2 (Prop_lut2_I0_O)        0.124    22.334 r  add_sl/alien_on_reg[22]_i_142/O
                         net (fo=1, routed)           0.000    22.334    add_sl/alien_on_reg[22]_i_142_n_0
    SLICE_X79Y62         CARRY4 (Prop_carry4_S[3]_CO[3])
                                                      0.401    22.735 r  add_sl/alien_on_reg[22]_i_129/CO[3]
                         net (fo=1, routed)           0.000    22.735    add_sl/alien_on_reg[22]_i_129_n_0
    SLICE_X79Y63         CARRY4 (Prop_carry4_CI_O[0])
                                                      0.222    22.957 r  add_sl/alien_on_reg[22]_i_104/O[0]
                         net (fo=2, routed)           0.997    23.953    add_sl/alien_on_reg[22]_i_104_n_7
    SLICE_X78Y64         LUT3 (Prop_lut3_I2_O)        0.325    24.278 r  add_sl/alien_on_reg[22]_i_92/O
                         net (fo=2, routed)           0.857    25.135    add_sl/alien_on_reg[22]_i_92_n_0
    SLICE_X78Y64         LUT4 (Prop_lut4_I3_O)        0.328    25.463 r  add_sl/alien_on_reg[22]_i_96/O
                         net (fo=1, routed)           0.000    25.463    add_sl/alien_on_reg[22]_i_96_n_0
    SLICE_X78Y64         CARRY4 (Prop_carry4_S[1]_CO[3])
                                                      0.533    25.996 r  add_sl/alien_on_reg[22]_i_64/CO[3]
                         net (fo=1, routed)           0.000    25.996    add_sl/alien_on_reg[22]_i_64_n_0
    SLICE_X78Y65         CARRY4 (Prop_carry4_CI_CO[3])
                                                      0.117    26.113 r  add_sl/alien_on_reg[22]_i_38/CO[3]
                         net (fo=1, routed)           0.000    26.113    add_sl/alien_on_reg[22]_i_38_n_0
    SLICE_X78Y66         CARRY4 (Prop_carry4_CI_O[1])
                                                      0.323    26.436 f  add_sl/alien_on_reg[22]_i_12/O[1]
                         net (fo=2, routed)           1.140    27.576    add_sl/alien_on4[29]
    SLICE_X80Y64         LUT2 (Prop_lut2_I0_O)        0.306    27.882 r  add_sl/alien_on_reg[22]_i_14/O
                         net (fo=1, routed)           0.000    27.882    add_sl/alien_on_reg[22]_i_14_n_0
    SLICE_X80Y64         CARRY4 (Prop_carry4_S[1]_CO[2])
                                                      0.574    28.456 r  add_sl/alien_on_reg[22]_i_3/CO[2]
                         net (fo=1, routed)           0.759    29.214    add_sl/alien_on26154_in
    SLICE_X75Y64         LUT5 (Prop_lut5_I1_O)        0.310    29.524 r  add_sl/alien_on_reg[22]_i_1/O
                         net (fo=1, routed)           0.991    30.515    add_sl/p_43_out[22]
    SLICE_X71Y51         LDCE                                         r  add_sl/alien_on_reg[22]/D
  -------------------------------------------------------------------    -------------------

Slack:                    inf
  Source:                 vga_driver/pixel_col_reg[0]/C
                            (rising edge-triggered cell FDRE clocked by clk_out1_clk_wiz_0  {rise@0.000ns fall@12.469ns period=24.938ns})
  Destination:            add_sl/alien_on_reg[7]/D
  Path Group:             (none)
  Path Type:              Max at Slow Process Corner
  Data Path Delay:        24.965ns  (logic 11.044ns (44.239%)  route 13.921ns (55.761%))
  Logic Levels:           18  (CARRY4=10 DSP48E1=2 LUT2=3 LUT3=1 LUT4=1 LUT5=1)
  Clock Uncertainty:      0.178ns  ((TSJ^2 + DJ^2)^1/2) / 2 + PE
    Total System Jitter     (TSJ):    0.050ns
    Discrete Jitter          (DJ):    0.152ns
    Phase Error              (PE):    0.098ns

    Location             Delay type                Incr(ns)  Path(ns)    Netlist Resource(s)
  -------------------------------------------------------------------    -------------------
                         (clock clk_out1_clk_wiz_0 rise edge)
                                                      0.000     0.000 r  
    E3                                                0.000     0.000 r  clk_in (IN)
                         net (fo=0)                   0.000     0.000    clk_in
    E3                   IBUF (Prop_ibuf_I_O)         1.482     1.482 r  clk_in_IBUF_inst/O
                         net (fo=1, routed)           2.025     3.506    clk_in_IBUF
    BUFGCTRL_X0Y16       BUFG (Prop_bufg_I_O)         0.096     3.602 r  clk_in_IBUF_BUFG_inst/O
                         net (fo=38, routed)          1.809     5.412    clk_wiz_0_inst/U0/clk_in1
    MMCME2_ADV_X0Y0      MMCME2_ADV (Prop_mmcme2_adv_CLKIN1_CLKOUT0)
                                                     -3.922     1.490 r  clk_wiz_0_inst/U0/mmcm_adv_inst/CLKOUT0
                         net (fo=1, routed)           2.018     3.508    clk_wiz_0_inst/U0/clk_out1_clk_wiz_0
    BUFGCTRL_X0Y1        BUFG (Prop_bufg_I_O)         0.096     3.604 r  clk_wiz_0_inst/U0/clkout1_buf/O
                         net (fo=72, routed)          1.617     5.222    vga_driver/clk_out1
    SLICE_X59Y68         FDRE                                         r  vga_driver/pixel_col_reg[0]/C
  -------------------------------------------------------------------    -------------------
    SLICE_X59Y68         FDRE (Prop_fdre_C_Q)         0.456     5.678 r  vga_driver/pixel_col_reg[0]/Q
                         net (fo=133, routed)         5.941    11.619    vga_driver/Q[0]
    SLICE_X57Y27         LUT2 (Prop_lut2_I0_O)        0.124    11.743 r  vga_driver/alien_on5__24_i_24/O
                         net (fo=1, routed)           0.000    11.743    vga_driver/alien_on5__24_i_24_n_0
    SLICE_X57Y27         CARRY4 (Prop_carry4_S[0]_CO[3])
                                                      0.532    12.275 r  vga_driver/alien_on5__24_i_4/CO[3]
                         net (fo=1, routed)           0.000    12.275    vga_driver/alien_on5__24_i_4_n_0
    SLICE_X57Y28         CARRY4 (Prop_carry4_CI_CO[3])
                                                      0.114    12.389 r  vga_driver/alien_on5__24_i_3/CO[3]
                         net (fo=1, routed)           0.000    12.389    vga_driver/alien_on5__24_i_3_n_0
    SLICE_X57Y29         CARRY4 (Prop_carry4_CI_CO[3])
                                                      0.114    12.503 r  vga_driver/alien_on5__24_i_2/CO[3]
                         net (fo=1, routed)           0.000    12.503    add_sl/alien_on5__25_1[0]
    SLICE_X57Y30         CARRY4 (Prop_carry4_CI_O[2])
                                                      0.239    12.742 r  add_sl/alien_on5__24_i_1/O[2]
                         net (fo=22, routed)          1.560    14.301    add_sl/alien_on5__24_i_1_n_5
    DSP48_X1Y9           DSP48E1 (Prop_dsp48e1_A[14]_PCOUT[47])
                                                      4.214    18.515 r  add_sl/alien_on5__25/PCOUT[47]
                         net (fo=1, routed)           0.056    18.571    add_sl/alien_on5__25_n_106
    DSP48_X1Y10          DSP48E1 (Prop_dsp48e1_PCIN[47]_P[0])
                                                      1.518    20.089 r  add_sl/alien_on5__26/P[0]
                         net (fo=2, routed)           1.350    21.439    add_sl/alien_on5__26_n_105
    SLICE_X57Y23         LUT2 (Prop_lut2_I0_O)        0.124    21.563 r  add_sl/alien_on_reg[15]_i_144/O
                         net (fo=1, routed)           0.000    21.563    add_sl/alien_on_reg[15]_i_144_n_0
    SLICE_X57Y23         CARRY4 (Prop_carry4_S[1]_CO[3])
                                                      0.550    22.113 r  add_sl/alien_on_reg[15]_i_129/CO[3]
                         net (fo=1, routed)           0.000    22.113    add_sl/alien_on_reg[15]_i_129_n_0
    SLICE_X57Y24         CARRY4 (Prop_carry4_CI_CO[3])
                                                      0.114    22.227 r  add_sl/alien_on_reg[15]_i_104/CO[3]
                         net (fo=1, routed)           0.009    22.236    add_sl/alien_on_reg[15]_i_104_n_0
    SLICE_X57Y25         CARRY4 (Prop_carry4_CI_O[0])
                                                      0.222    22.458 r  add_sl/alien_on_reg[15]_i_75/O[0]
                         net (fo=4, routed)           1.512    23.969    add_sl/alien_on5__53[24]
    SLICE_X53Y41         LUT3 (Prop_lut3_I0_O)        0.327    24.296 r  add_sl/alien_on_reg[7]_i_68/O
                         net (fo=2, routed)           1.048    25.345    add_sl/alien_on_reg[7]_i_68_n_0
    SLICE_X53Y41         LUT4 (Prop_lut4_I3_O)        0.326    25.671 r  add_sl/alien_on_reg[7]_i_72/O
                         net (fo=1, routed)           0.000    25.671    add_sl/alien_on_reg[7]_i_72_n_0
    SLICE_X53Y41         CARRY4 (Prop_carry4_S[1]_CO[3])
                                                      0.550    26.221 r  add_sl/alien_on_reg[7]_i_38/CO[3]
                         net (fo=1, routed)           0.000    26.221    add_sl/alien_on_reg[7]_i_38_n_0
    SLICE_X53Y42         CARRY4 (Prop_carry4_CI_O[1])
                                                      0.334    26.555 f  add_sl/alien_on_reg[7]_i_12/O[1]
                         net (fo=2, routed)           1.104    27.659    add_sl/alien_on_reg[7]_i_12_n_6
    SLICE_X51Y39         LUT2 (Prop_lut2_I0_O)        0.303    27.962 r  add_sl/alien_on_reg[7]_i_14/O
                         net (fo=1, routed)           0.000    27.962    add_sl/alien_on_reg[7]_i_14_n_0
    SLICE_X51Y39         CARRY4 (Prop_carry4_S[1]_CO[2])
                                                      0.570    28.532 r  add_sl/alien_on_reg[7]_i_3/CO[2]
                         net (fo=1, routed)           0.665    29.197    add_sl/alien_on22372_in
    SLICE_X50Y41         LUT5 (Prop_lut5_I1_O)        0.313    29.510 r  add_sl/alien_on_reg[7]_i_1/O
                         net (fo=1, routed)           0.676    30.186    add_sl/p_43_out[7]
    SLICE_X43Y46         LDCE                                         r  add_sl/alien_on_reg[7]/D
  -------------------------------------------------------------------    -------------------

Slack:                    inf
  Source:                 vga_driver/pixel_col_reg[0]/C
                            (rising edge-triggered cell FDRE clocked by clk_out1_clk_wiz_0  {rise@0.000ns fall@12.469ns period=24.938ns})
  Destination:            add_sl/alien_on_reg[5]/D
  Path Group:             (none)
  Path Type:              Max at Slow Process Corner
  Data Path Delay:        24.943ns  (logic 10.591ns (42.460%)  route 14.352ns (57.540%))
  Logic Levels:           16  (CARRY4=8 DSP48E1=2 LUT2=3 LUT3=1 LUT4=1 LUT5=1)
  Clock Uncertainty:      0.178ns  ((TSJ^2 + DJ^2)^1/2) / 2 + PE
    Total System Jitter     (TSJ):    0.050ns
    Discrete Jitter          (DJ):    0.152ns
    Phase Error              (PE):    0.098ns

    Location             Delay type                Incr(ns)  Path(ns)    Netlist Resource(s)
  -------------------------------------------------------------------    -------------------
                         (clock clk_out1_clk_wiz_0 rise edge)
                                                      0.000     0.000 r  
    E3                                                0.000     0.000 r  clk_in (IN)
                         net (fo=0)                   0.000     0.000    clk_in
    E3                   IBUF (Prop_ibuf_I_O)         1.482     1.482 r  clk_in_IBUF_inst/O
                         net (fo=1, routed)           2.025     3.506    clk_in_IBUF
    BUFGCTRL_X0Y16       BUFG (Prop_bufg_I_O)         0.096     3.602 r  clk_in_IBUF_BUFG_inst/O
                         net (fo=38, routed)          1.809     5.412    clk_wiz_0_inst/U0/clk_in1
    MMCME2_ADV_X0Y0      MMCME2_ADV (Prop_mmcme2_adv_CLKIN1_CLKOUT0)
                                                     -3.922     1.490 r  clk_wiz_0_inst/U0/mmcm_adv_inst/CLKOUT0
                         net (fo=1, routed)           2.018     3.508    clk_wiz_0_inst/U0/clk_out1_clk_wiz_0
    BUFGCTRL_X0Y1        BUFG (Prop_bufg_I_O)         0.096     3.604 r  clk_wiz_0_inst/U0/clkout1_buf/O
                         net (fo=72, routed)          1.617     5.222    vga_driver/clk_out1
    SLICE_X59Y68         FDRE                                         r  vga_driver/pixel_col_reg[0]/C
  -------------------------------------------------------------------    -------------------
    SLICE_X59Y68         FDRE (Prop_fdre_C_Q)         0.456     5.678 r  vga_driver/pixel_col_reg[0]/Q
                         net (fo=133, routed)         5.956    11.634    vga_driver/Q[0]
    SLICE_X58Y27         LUT2 (Prop_lut2_I0_O)        0.124    11.758 r  vga_driver/alien_on5__32_i_24/O
                         net (fo=1, routed)           0.000    11.758    vga_driver/alien_on5__32_i_24_n_0
    SLICE_X58Y27         CARRY4 (Prop_carry4_S[0]_CO[3])
                                                      0.513    12.271 r  vga_driver/alien_on5__32_i_4/CO[3]
                         net (fo=1, routed)           0.000    12.271    vga_driver/alien_on5__32_i_4_n_0
    SLICE_X58Y28         CARRY4 (Prop_carry4_CI_CO[3])
                                                      0.117    12.388 r  vga_driver/alien_on5__32_i_3/CO[3]
                         net (fo=1, routed)           0.000    12.388    vga_driver/alien_on5__32_i_3_n_0
    SLICE_X58Y29         CARRY4 (Prop_carry4_CI_CO[3])
                                                      0.117    12.505 r  vga_driver/alien_on5__32_i_2/CO[3]
                         net (fo=1, routed)           0.000    12.505    add_sl/alien_on5__33_1[0]
    SLICE_X58Y30         CARRY4 (Prop_carry4_CI_O[2])
                                                      0.239    12.744 r  add_sl/alien_on5__32_i_1/O[2]
                         net (fo=22, routed)          1.279    14.023    add_sl/alien_on5__32_i_1_n_5
    DSP48_X1Y12          DSP48E1 (Prop_dsp48e1_A[14]_PCOUT[47])
                                                      4.213    18.236 r  add_sl/alien_on5__33/PCOUT[47]
                         net (fo=1, routed)           0.002    18.238    add_sl/alien_on5__33_n_106
    DSP48_X1Y13          DSP48E1 (Prop_dsp48e1_PCIN[47]_P[2])
                                                      1.518    19.756 r  add_sl/alien_on5__34/P[2]
                         net (fo=2, routed)           1.033    20.789    add_sl/alien_on5__34_n_103
    SLICE_X59Y30         LUT2 (Prop_lut2_I0_O)        0.124    20.913 r  add_sl/alien_on_reg[13]_i_114/O
                         net (fo=1, routed)           0.000    20.913    add_sl/alien_on_reg[13]_i_114_n_0
    SLICE_X59Y30         CARRY4 (Prop_carry4_S[3]_CO[3])
                                                      0.401    21.314 r  add_sl/alien_on_reg[13]_i_101/CO[3]
                         net (fo=1, routed)           0.000    21.314    add_sl/alien_on_reg[13]_i_101_n_0
    SLICE_X59Y31         CARRY4 (Prop_carry4_CI_O[3])
                                                      0.313    21.627 r  add_sl/alien_on_reg[13]_i_76/O[3]
                         net (fo=4, routed)           1.496    23.124    add_sl/alien_on_reg[13]_i_76_n_4
    SLICE_X58Y40         LUT3 (Prop_lut3_I0_O)        0.338    23.462 r  add_sl/alien_on_reg[5]_i_41/O
                         net (fo=2, routed)           0.867    24.329    add_sl/alien_on_reg[5]_i_41_n_0
    SLICE_X58Y41         LUT4 (Prop_lut4_I3_O)        0.355    24.684 r  add_sl/alien_on_reg[5]_i_45/O
                         net (fo=1, routed)           0.000    24.684    add_sl/alien_on_reg[5]_i_45_n_0
    SLICE_X58Y41         CARRY4 (Prop_carry4_S[0]_O[3])
                                                      0.608    25.292 f  add_sl/alien_on_reg[5]_i_18/O[3]
                         net (fo=2, routed)           1.307    26.599    add_sl/alien_on_reg[5]_i_18_n_4
    SLICE_X62Y39         LUT2 (Prop_lut2_I0_O)        0.307    26.906 r  add_sl/alien_on_reg[5]_i_8/O
                         net (fo=1, routed)           0.000    26.906    add_sl/alien_on_reg[5]_i_8_n_0
    SLICE_X62Y39         CARRY4 (Prop_carry4_S[0]_CO[2])
                                                      0.538    27.444 r  add_sl/alien_on_reg[5]_i_2/CO[2]
                         net (fo=1, routed)           1.400    28.843    add_sl/alien_on22364_in
    SLICE_X50Y41         LUT5 (Prop_lut5_I1_O)        0.310    29.153 r  add_sl/alien_on_reg[5]_i_1/O
                         net (fo=1, routed)           1.012    30.165    add_sl/p_43_out[5]
    SLICE_X42Y46         LDCE                                         r  add_sl/alien_on_reg[5]/D
  -------------------------------------------------------------------    -------------------

Slack:                    inf
  Source:                 vga_driver/pixel_row_reg[0]/C
                            (rising edge-triggered cell FDRE clocked by clk_out1_clk_wiz_0  {rise@0.000ns fall@12.469ns period=24.938ns})
  Destination:            add_sl/alien_on_reg[20]/D
  Path Group:             (none)
  Path Type:              Max at Slow Process Corner
  Data Path Delay:        24.543ns  (logic 9.829ns (40.049%)  route 14.714ns (59.951%))
  Logic Levels:           16  (CARRY4=9 DSP48E1=2 LUT2=2 LUT3=1 LUT4=1 LUT5=1)
  Clock Uncertainty:      0.178ns  ((TSJ^2 + DJ^2)^1/2) / 2 + PE
    Total System Jitter     (TSJ):    0.050ns
    Discrete Jitter          (DJ):    0.152ns
    Phase Error              (PE):    0.098ns

    Location             Delay type                Incr(ns)  Path(ns)    Netlist Resource(s)
  -------------------------------------------------------------------    -------------------
                         (clock clk_out1_clk_wiz_0 rise edge)
                                                      0.000     0.000 r  
    E3                                                0.000     0.000 r  clk_in (IN)
                         net (fo=0)                   0.000     0.000    clk_in
    E3                   IBUF (Prop_ibuf_I_O)         1.482     1.482 r  clk_in_IBUF_inst/O
                         net (fo=1, routed)           2.025     3.506    clk_in_IBUF
    BUFGCTRL_X0Y16       BUFG (Prop_bufg_I_O)         0.096     3.602 r  clk_in_IBUF_BUFG_inst/O
                         net (fo=38, routed)          1.809     5.412    clk_wiz_0_inst/U0/clk_in1
    MMCME2_ADV_X0Y0      MMCME2_ADV (Prop_mmcme2_adv_CLKIN1_CLKOUT0)
                                                     -3.922     1.490 r  clk_wiz_0_inst/U0/mmcm_adv_inst/CLKOUT0
                         net (fo=1, routed)           2.018     3.508    clk_wiz_0_inst/U0/clk_out1_clk_wiz_0
    BUFGCTRL_X0Y1        BUFG (Prop_bufg_I_O)         0.096     3.604 r  clk_wiz_0_inst/U0/clkout1_buf/O
                         net (fo=72, routed)          1.619     5.224    vga_driver/clk_out1
    SLICE_X57Y63         FDRE                                         r  vga_driver/pixel_row_reg[0]/C
  -------------------------------------------------------------------    -------------------
    SLICE_X57Y63         FDRE (Prop_fdre_C_Q)         0.456     5.680 r  vga_driver/pixel_row_reg[0]/Q
                         net (fo=100, routed)         4.322    10.002    vga_driver/pixel_row_reg[10]_1[0]
    SLICE_X53Y67         LUT2 (Prop_lut2_I0_O)        0.124    10.126 r  vga_driver/alien_on5_i_24/O
                         net (fo=1, routed)           0.000    10.126    vga_driver/alien_on5_i_24_n_0
    SLICE_X53Y67         CARRY4 (Prop_carry4_S[0]_CO[3])
                                                      0.532    10.658 r  vga_driver/alien_on5_i_4/CO[3]
                         net (fo=1, routed)           0.000    10.658    vga_driver/alien_on5_i_4_n_0
    SLICE_X53Y68         CARRY4 (Prop_carry4_CI_CO[3])
                                                      0.114    10.772 r  vga_driver/alien_on5_i_3/CO[3]
                         net (fo=1, routed)           0.000    10.772    vga_driver/alien_on5_i_3_n_0
    SLICE_X53Y69         CARRY4 (Prop_carry4_CI_CO[3])
                                                      0.114    10.886 r  vga_driver/alien_on5_i_2/CO[3]
                         net (fo=1, routed)           0.000    10.886    add_sl/alien_on5__3_0[0]
    SLICE_X53Y70         CARRY4 (Prop_carry4_CI_O[1])
                                                      0.334    11.220 r  add_sl/alien_on5_i_1/O[1]
                         net (fo=4, routed)           1.118    12.338    add_sl/alien_on6[13]
    DSP48_X1Y29          DSP48E1 (Prop_dsp48e1_B[13]_PCOUT[47])
                                                      4.030    16.368 r  add_sl/alien_on5__3/PCOUT[47]
                         net (fo=1, routed)           0.056    16.424    add_sl/alien_on5__3_n_106
    DSP48_X1Y30          DSP48E1 (Prop_dsp48e1_PCIN[47]_P[1])
                                                      1.518    17.942 r  add_sl/alien_on5__4/P[1]
                         net (fo=21, routed)          5.138    23.080    add_sl/p_1_in[18]
    SLICE_X60Y35         LUT3 (Prop_lut3_I2_O)        0.153    23.233 r  add_sl/alien_on_reg[20]_i_70/O
                         net (fo=2, routed)           0.822    24.055    add_sl/alien_on_reg[20]_i_70_n_0
    SLICE_X60Y35         LUT4 (Prop_lut4_I3_O)        0.331    24.386 r  add_sl/alien_on_reg[20]_i_72/O
                         net (fo=1, routed)           0.000    24.386    add_sl/alien_on_reg[20]_i_72_n_0
    SLICE_X60Y35         CARRY4 (Prop_carry4_S[3]_CO[3])
                                                      0.376    24.762 r  add_sl/alien_on_reg[20]_i_37/CO[3]
                         net (fo=1, routed)           0.000    24.762    add_sl/alien_on_reg[20]_i_37_n_0
    SLICE_X60Y36         CARRY4 (Prop_carry4_CI_CO[3])
                                                      0.117    24.879 r  add_sl/alien_on_reg[20]_i_36/CO[3]
                         net (fo=1, routed)           0.000    24.879    add_sl/alien_on_reg[20]_i_36_n_0
    SLICE_X60Y37         CARRY4 (Prop_carry4_CI_CO[3])
                                                      0.117    24.996 r  add_sl/alien_on_reg[20]_i_18/CO[3]
                         net (fo=1, routed)           0.000    24.996    add_sl/alien_on_reg[20]_i_18_n_0
    SLICE_X60Y38         CARRY4 (Prop_carry4_CI_O[1])
                                                      0.323    25.319 f  add_sl/alien_on_reg[20]_i_5/O[1]
                         net (fo=2, routed)           1.508    26.827    add_sl/alien_on_reg[20]_i_5_n_6
    SLICE_X62Y34         LUT2 (Prop_lut2_I0_O)        0.306    27.133 r  add_sl/alien_on_reg[20]_i_7/O
                         net (fo=1, routed)           0.000    27.133    add_sl/alien_on_reg[20]_i_7_n_0
    SLICE_X62Y34         CARRY4 (Prop_carry4_S[1]_CO[2])
                                                      0.574    27.707 r  add_sl/alien_on_reg[20]_i_2/CO[2]
                         net (fo=1, routed)           1.059    28.766    add_sl/alien_on26146_in
    SLICE_X62Y45         LUT5 (Prop_lut5_I1_O)        0.310    29.076 r  add_sl/alien_on_reg[20]_i_1/O
                         net (fo=1, routed)           0.690    29.766    add_sl/p_43_out[20]
    SLICE_X65Y51         LDCE                                         r  add_sl/alien_on_reg[20]/D
  -------------------------------------------------------------------    -------------------

Slack:                    inf
  Source:                 vga_driver/pixel_col_reg[1]/C
                            (rising edge-triggered cell FDRE clocked by clk_out1_clk_wiz_0  {rise@0.000ns fall@12.469ns period=24.938ns})
  Destination:            add_sl/alien_on_reg[8]/D
  Path Group:             (none)
  Path Type:              Max at Slow Process Corner
  Data Path Delay:        24.458ns  (logic 11.141ns (45.552%)  route 13.317ns (54.448%))
  Logic Levels:           19  (CARRY4=11 DSP48E1=2 LUT2=3 LUT3=1 LUT4=1 LUT5=1)
  Clock Uncertainty:      0.178ns  ((TSJ^2 + DJ^2)^1/2) / 2 + PE
    Total System Jitter     (TSJ):    0.050ns
    Discrete Jitter          (DJ):    0.152ns
    Phase Error              (PE):    0.098ns

    Location             Delay type                Incr(ns)  Path(ns)    Netlist Resource(s)
  -------------------------------------------------------------------    -------------------
                         (clock clk_out1_clk_wiz_0 rise edge)
                                                      0.000     0.000 r  
    E3                                                0.000     0.000 r  clk_in (IN)
                         net (fo=0)                   0.000     0.000    clk_in
    E3                   IBUF (Prop_ibuf_I_O)         1.482     1.482 r  clk_in_IBUF_inst/O
                         net (fo=1, routed)           2.025     3.506    clk_in_IBUF
    BUFGCTRL_X0Y16       BUFG (Prop_bufg_I_O)         0.096     3.602 r  clk_in_IBUF_BUFG_inst/O
                         net (fo=38, routed)          1.809     5.412    clk_wiz_0_inst/U0/clk_in1
    MMCME2_ADV_X0Y0      MMCME2_ADV (Prop_mmcme2_adv_CLKIN1_CLKOUT0)
                                                     -3.922     1.490 r  clk_wiz_0_inst/U0/mmcm_adv_inst/CLKOUT0
                         net (fo=1, routed)           2.018     3.508    clk_wiz_0_inst/U0/clk_out1_clk_wiz_0
    BUFGCTRL_X0Y1        BUFG (Prop_bufg_I_O)         0.096     3.604 r  clk_wiz_0_inst/U0/clkout1_buf/O
                         net (fo=72, routed)          1.617     5.222    vga_driver/clk_out1
    SLICE_X59Y68         FDRE                                         r  vga_driver/pixel_col_reg[1]/C
  -------------------------------------------------------------------    -------------------
    SLICE_X59Y68         FDRE (Prop_fdre_C_Q)         0.456     5.678 r  vga_driver/pixel_col_reg[1]/Q
                         net (fo=181, routed)         6.392    12.070    vga_driver/Q[1]
    SLICE_X12Y34         LUT2 (Prop_lut2_I0_O)        0.124    12.194 r  vga_driver/alien_on5__47_i_23/O
                         net (fo=1, routed)           0.000    12.194    vga_driver/alien_on5__47_i_23_n_0
    SLICE_X12Y34         CARRY4 (Prop_carry4_S[1]_CO[3])
                                                      0.533    12.727 r  vga_driver/alien_on5__47_i_4/CO[3]
                         net (fo=1, routed)           0.000    12.727    vga_driver/alien_on5__47_i_4_n_0
    SLICE_X12Y35         CARRY4 (Prop_carry4_CI_CO[3])
                                                      0.117    12.844 r  vga_driver/alien_on5__47_i_3/CO[3]
                         net (fo=1, routed)           0.000    12.844    vga_driver/alien_on5__47_i_3_n_0
    SLICE_X12Y36         CARRY4 (Prop_carry4_CI_CO[3])
                                                      0.117    12.961 r  vga_driver/alien_on5__47_i_2/CO[3]
                         net (fo=1, routed)           0.000    12.961    add_sl/alien_on5__48_1[0]
    SLICE_X12Y37         CARRY4 (Prop_carry4_CI_CO[3])
                                                      0.117    13.078 r  add_sl/alien_on5__47_i_1/CO[3]
                         net (fo=1, routed)           0.000    13.078    add_sl/alien_on5__47_i_1_n_0
    SLICE_X12Y38         CARRY4 (Prop_carry4_CI_O[0])
                                                      0.219    13.297 r  add_sl/alien_on5__47_i_8/O[0]
                         net (fo=2, routed)           0.743    14.040    add_sl/alien_on5__47_i_8_n_7
    DSP48_X0Y15          DSP48E1 (Prop_dsp48e1_A[16]_PCOUT[47])
                                                      4.207    18.247 r  add_sl/alien_on5__48/PCOUT[47]
                         net (fo=1, routed)           0.002    18.249    add_sl/alien_on5__48_n_106
    DSP48_X0Y16          DSP48E1 (Prop_dsp48e1_PCIN[47]_P[0])
                                                      1.518    19.767 r  add_sl/alien_on5__49/P[0]
                         net (fo=2, routed)           1.167    20.935    add_sl/alien_on5__49_n_105
    SLICE_X9Y39          LUT2 (Prop_lut2_I0_O)        0.124    21.059 r  add_sl/alien_on_reg[8]_i_116/O
                         net (fo=1, routed)           0.000    21.059    add_sl/alien_on_reg[8]_i_116_n_0
    SLICE_X9Y39          CARRY4 (Prop_carry4_S[1]_CO[3])
                                                      0.550    21.609 r  add_sl/alien_on_reg[8]_i_101/CO[3]
                         net (fo=1, routed)           0.000    21.609    add_sl/alien_on_reg[8]_i_101_n_0
    SLICE_X9Y40          CARRY4 (Prop_carry4_CI_CO[3])
                                                      0.114    21.723 r  add_sl/alien_on_reg[8]_i_76/CO[3]
                         net (fo=1, routed)           0.000    21.723    add_sl/alien_on_reg[8]_i_76_n_0
    SLICE_X9Y41          CARRY4 (Prop_carry4_CI_O[0])
                                                      0.222    21.945 r  add_sl/alien_on_reg[8]_i_47/O[0]
                         net (fo=4, routed)           0.981    22.926    add_sl/alien_on_reg[8]_i_47_n_7
    SLICE_X13Y41         LUT3 (Prop_lut3_I2_O)        0.327    23.253 r  add_sl/alien_on_reg[8]_i_40/O
                         net (fo=2, routed)           0.668    23.920    add_sl/alien_on_reg[8]_i_40_n_0
    SLICE_X13Y41         LUT4 (Prop_lut4_I3_O)        0.326    24.246 r  add_sl/alien_on_reg[8]_i_44/O
                         net (fo=1, routed)           0.000    24.246    add_sl/alien_on_reg[8]_i_44_n_0
    SLICE_X13Y41         CARRY4 (Prop_carry4_S[1]_CO[3])
                                                      0.550    24.796 r  add_sl/alien_on_reg[8]_i_18/CO[3]
                         net (fo=1, routed)           0.000    24.796    add_sl/alien_on_reg[8]_i_18_n_0
    SLICE_X13Y42         CARRY4 (Prop_carry4_CI_O[1])
                                                      0.334    25.130 f  add_sl/alien_on_reg[8]_i_5/O[1]
                         net (fo=2, routed)           0.965    26.095    add_sl/alien_on_reg[8]_i_5_n_6
    SLICE_X11Y41         LUT2 (Prop_lut2_I0_O)        0.303    26.398 r  add_sl/alien_on_reg[8]_i_7/O
                         net (fo=1, routed)           0.000    26.398    add_sl/alien_on_reg[8]_i_7_n_0
    SLICE_X11Y41         CARRY4 (Prop_carry4_S[1]_CO[2])
                                                      0.570    26.968 r  add_sl/alien_on_reg[8]_i_2/CO[2]
                         net (fo=1, routed)           0.780    27.748    add_sl/alien_on26122_in
    SLICE_X11Y43         LUT5 (Prop_lut5_I1_O)        0.313    28.061 r  add_sl/alien_on_reg[8]_i_1/O
                         net (fo=1, routed)           1.618    29.680    add_sl/p_43_out[8]
    SLICE_X38Y46         LDCE                                         r  add_sl/alien_on_reg[8]/D
  -------------------------------------------------------------------    -------------------

Slack:                    inf
  Source:                 vga_driver/pixel_col_reg[1]/C
                            (rising edge-triggered cell FDRE clocked by clk_out1_clk_wiz_0  {rise@0.000ns fall@12.469ns period=24.938ns})
  Destination:            add_sl/alien_on_reg[0]/D
  Path Group:             (none)
  Path Type:              Max at Slow Process Corner
  Data Path Delay:        24.436ns  (logic 10.943ns (44.782%)  route 13.493ns (55.218%))
  Logic Levels:           18  (CARRY4=10 DSP48E1=2 LUT2=3 LUT3=1 LUT4=1 LUT5=1)
  Clock Uncertainty:      0.178ns  ((TSJ^2 + DJ^2)^1/2) / 2 + PE
    Total System Jitter     (TSJ):    0.050ns
    Discrete Jitter          (DJ):    0.152ns
    Phase Error              (PE):    0.098ns

    Location             Delay type                Incr(ns)  Path(ns)    Netlist Resource(s)
  -------------------------------------------------------------------    -------------------
                         (clock clk_out1_clk_wiz_0 rise edge)
                                                      0.000     0.000 r  
    E3                                                0.000     0.000 r  clk_in (IN)
                         net (fo=0)                   0.000     0.000    clk_in
    E3                   IBUF (Prop_ibuf_I_O)         1.482     1.482 r  clk_in_IBUF_inst/O
                         net (fo=1, routed)           2.025     3.506    clk_in_IBUF
    BUFGCTRL_X0Y16       BUFG (Prop_bufg_I_O)         0.096     3.602 r  clk_in_IBUF_BUFG_inst/O
                         net (fo=38, routed)          1.809     5.412    clk_wiz_0_inst/U0/clk_in1
    MMCME2_ADV_X0Y0      MMCME2_ADV (Prop_mmcme2_adv_CLKIN1_CLKOUT0)
                                                     -3.922     1.490 r  clk_wiz_0_inst/U0/mmcm_adv_inst/CLKOUT0
                         net (fo=1, routed)           2.018     3.508    clk_wiz_0_inst/U0/clk_out1_clk_wiz_0
    BUFGCTRL_X0Y1        BUFG (Prop_bufg_I_O)         0.096     3.604 r  clk_wiz_0_inst/U0/clkout1_buf/O
                         net (fo=72, routed)          1.617     5.222    vga_driver/clk_out1
    SLICE_X59Y68         FDRE                                         r  vga_driver/pixel_col_reg[1]/C
  -------------------------------------------------------------------    -------------------
    SLICE_X59Y68         FDRE (Prop_fdre_C_Q)         0.456     5.678 r  vga_driver/pixel_col_reg[1]/Q
                         net (fo=181, routed)         6.392    12.070    vga_driver/Q[1]
    SLICE_X12Y34         LUT2 (Prop_lut2_I0_O)        0.124    12.194 r  vga_driver/alien_on5__47_i_23/O
                         net (fo=1, routed)           0.000    12.194    vga_driver/alien_on5__47_i_23_n_0
    SLICE_X12Y34         CARRY4 (Prop_carry4_S[1]_CO[3])
                                                      0.533    12.727 r  vga_driver/alien_on5__47_i_4/CO[3]
                         net (fo=1, routed)           0.000    12.727    vga_driver/alien_on5__47_i_4_n_0
    SLICE_X12Y35         CARRY4 (Prop_carry4_CI_CO[3])
                                                      0.117    12.844 r  vga_driver/alien_on5__47_i_3/CO[3]
                         net (fo=1, routed)           0.000    12.844    vga_driver/alien_on5__47_i_3_n_0
    SLICE_X12Y36         CARRY4 (Prop_carry4_CI_CO[3])
                                                      0.117    12.961 r  vga_driver/alien_on5__47_i_2/CO[3]
                         net (fo=1, routed)           0.000    12.961    add_sl/alien_on5__48_1[0]
    SLICE_X12Y37         CARRY4 (Prop_carry4_CI_CO[3])
                                                      0.117    13.078 r  add_sl/alien_on5__47_i_1/CO[3]
                         net (fo=1, routed)           0.000    13.078    add_sl/alien_on5__47_i_1_n_0
    SLICE_X12Y38         CARRY4 (Prop_carry4_CI_O[0])
                                                      0.219    13.297 r  add_sl/alien_on5__47_i_8/O[0]
                         net (fo=2, routed)           0.743    14.040    add_sl/alien_on5__47_i_8_n_7
    DSP48_X0Y15          DSP48E1 (Prop_dsp48e1_A[16]_PCOUT[47])
                                                      4.207    18.247 r  add_sl/alien_on5__48/PCOUT[47]
                         net (fo=1, routed)           0.002    18.249    add_sl/alien_on5__48_n_106
    DSP48_X0Y16          DSP48E1 (Prop_dsp48e1_PCIN[47]_P[0])
                                                      1.518    19.767 r  add_sl/alien_on5__49/P[0]
                         net (fo=2, routed)           1.167    20.935    add_sl/alien_on5__49_n_105
    SLICE_X9Y39          LUT2 (Prop_lut2_I0_O)        0.124    21.059 r  add_sl/alien_on_reg[8]_i_116/O
                         net (fo=1, routed)           0.000    21.059    add_sl/alien_on_reg[8]_i_116_n_0
    SLICE_X9Y39          CARRY4 (Prop_carry4_S[1]_O[3])
                                                      0.640    21.699 r  add_sl/alien_on_reg[8]_i_101/O[3]
                         net (fo=4, routed)           1.124    22.822    add_sl/alien_on_reg[8]_i_101_n_4
    SLICE_X14Y39         LUT3 (Prop_lut3_I0_O)        0.332    23.154 r  add_sl/alien_on_reg[0]_i_63/O
                         net (fo=2, routed)           1.002    24.156    add_sl/alien_on_reg[0]_i_63_n_0
    SLICE_X14Y40         LUT4 (Prop_lut4_I3_O)        0.355    24.511 r  add_sl/alien_on_reg[0]_i_67/O
                         net (fo=1, routed)           0.000    24.511    add_sl/alien_on_reg[0]_i_67_n_0
    SLICE_X14Y40         CARRY4 (Prop_carry4_S[0]_CO[3])
                                                      0.513    25.024 r  add_sl/alien_on_reg[0]_i_36/CO[3]
                         net (fo=1, routed)           0.000    25.024    add_sl/alien_on_reg[0]_i_36_n_0
    SLICE_X14Y41         CARRY4 (Prop_carry4_CI_O[1])
                                                      0.323    25.347 f  add_sl/alien_on_reg[0]_i_18/O[1]
                         net (fo=2, routed)           1.057    26.405    add_sl/alien_on_reg[0]_i_18_n_6
    SLICE_X16Y38         LUT2 (Prop_lut2_I0_O)        0.306    26.711 r  add_sl/alien_on_reg[0]_i_14/O
                         net (fo=1, routed)           0.000    26.711    add_sl/alien_on_reg[0]_i_14_n_0
    SLICE_X16Y38         CARRY4 (Prop_carry4_S[3]_CO[3])
                                                      0.401    27.112 r  add_sl/alien_on_reg[0]_i_4/CO[3]
                         net (fo=1, routed)           0.000    27.112    add_sl/alien_on_reg[0]_i_4_n_0
    SLICE_X16Y39         CARRY4 (Prop_carry4_CI_CO[2])
                                                      0.228    27.340 r  add_sl/alien_on_reg[0]_i_2/CO[2]
                         net (fo=1, routed)           0.953    28.293    add_sl/alien_on2
    SLICE_X15Y41         LUT5 (Prop_lut5_I1_O)        0.313    28.606 r  add_sl/alien_on_reg[0]_i_1/O
                         net (fo=1, routed)           1.052    29.658    add_sl/p_43_out[0]
    SLICE_X36Y47         LDCE                                         r  add_sl/alien_on_reg[0]/D
  -------------------------------------------------------------------    -------------------

Slack:                    inf
  Source:                 vga_driver/pixel_col_reg[1]/C
                            (rising edge-triggered cell FDRE clocked by clk_out1_clk_wiz_0  {rise@0.000ns fall@12.469ns period=24.938ns})
  Destination:            add_sl/alien_on_reg[1]/D
  Path Group:             (none)
  Path Type:              Max at Slow Process Corner
  Data Path Delay:        24.362ns  (logic 10.695ns (43.901%)  route 13.667ns (56.099%))
  Logic Levels:           18  (CARRY4=10 DSP48E1=2 LUT2=3 LUT3=1 LUT4=1 LUT5=1)
  Clock Uncertainty:      0.178ns  ((TSJ^2 + DJ^2)^1/2) / 2 + PE
    Total System Jitter     (TSJ):    0.050ns
    Discrete Jitter          (DJ):    0.152ns
    Phase Error              (PE):    0.098ns

    Location             Delay type                Incr(ns)  Path(ns)    Netlist Resource(s)
  -------------------------------------------------------------------    -------------------
                         (clock clk_out1_clk_wiz_0 rise edge)
                                                      0.000     0.000 r  
    E3                                                0.000     0.000 r  clk_in (IN)
                         net (fo=0)                   0.000     0.000    clk_in
    E3                   IBUF (Prop_ibuf_I_O)         1.482     1.482 r  clk_in_IBUF_inst/O
                         net (fo=1, routed)           2.025     3.506    clk_in_IBUF
    BUFGCTRL_X0Y16       BUFG (Prop_bufg_I_O)         0.096     3.602 r  clk_in_IBUF_BUFG_inst/O
                         net (fo=38, routed)          1.809     5.412    clk_wiz_0_inst/U0/clk_in1
    MMCME2_ADV_X0Y0      MMCME2_ADV (Prop_mmcme2_adv_CLKIN1_CLKOUT0)
                                                     -3.922     1.490 r  clk_wiz_0_inst/U0/mmcm_adv_inst/CLKOUT0
                         net (fo=1, routed)           2.018     3.508    clk_wiz_0_inst/U0/clk_out1_clk_wiz_0
    BUFGCTRL_X0Y1        BUFG (Prop_bufg_I_O)         0.096     3.604 r  clk_wiz_0_inst/U0/clkout1_buf/O
                         net (fo=72, routed)          1.617     5.222    vga_driver/clk_out1
    SLICE_X59Y68         FDRE                                         r  vga_driver/pixel_col_reg[1]/C
  -------------------------------------------------------------------    -------------------
    SLICE_X59Y68         FDRE (Prop_fdre_C_Q)         0.456     5.678 r  vga_driver/pixel_col_reg[1]/Q
                         net (fo=181, routed)         6.033    11.711    vga_driver/Q[1]
    SLICE_X12Y42         LUT2 (Prop_lut2_I0_O)        0.124    11.835 r  vga_driver/alien_on5__44_i_23/O
                         net (fo=1, routed)           0.000    11.835    vga_driver/alien_on5__44_i_23_n_0
    SLICE_X12Y42         CARRY4 (Prop_carry4_S[1]_CO[3])
                                                      0.533    12.368 r  vga_driver/alien_on5__44_i_4/CO[3]
                         net (fo=1, routed)           0.000    12.368    vga_driver/alien_on5__44_i_4_n_0
    SLICE_X12Y43         CARRY4 (Prop_carry4_CI_CO[3])
                                                      0.117    12.485 r  vga_driver/alien_on5__44_i_3/CO[3]
                         net (fo=1, routed)           0.000    12.485    vga_driver/alien_on5__44_i_3_n_0
    SLICE_X12Y44         CARRY4 (Prop_carry4_CI_CO[3])
                                                      0.117    12.602 r  vga_driver/alien_on5__44_i_2/CO[3]
                         net (fo=1, routed)           0.000    12.602    add_sl/alien_on5__45_1[0]
    SLICE_X12Y45         CARRY4 (Prop_carry4_CI_O[2])
                                                      0.239    12.841 r  add_sl/alien_on5__44_i_1/O[2]
                         net (fo=22, routed)          1.288    14.129    add_sl/alien_on5__44_i_1_n_5
    DSP48_X0Y18          DSP48E1 (Prop_dsp48e1_B[14]_PCOUT[47])
                                                      4.028    18.157 r  add_sl/alien_on5__45/PCOUT[47]
                         net (fo=1, routed)           0.002    18.159    add_sl/alien_on5__45_n_106
    DSP48_X0Y19          DSP48E1 (Prop_dsp48e1_PCIN[47]_P[0])
                                                      1.518    19.677 r  add_sl/alien_on5__46/P[0]
                         net (fo=2, routed)           0.923    20.600    add_sl/alien_on5__46_n_105
    SLICE_X11Y44         LUT2 (Prop_lut2_I0_O)        0.124    20.724 r  add_sl/alien_on_reg[9]_i_116/O
                         net (fo=1, routed)           0.000    20.724    add_sl/alien_on_reg[9]_i_116_n_0
    SLICE_X11Y44         CARRY4 (Prop_carry4_S[1]_CO[3])
                                                      0.550    21.274 r  add_sl/alien_on_reg[9]_i_101/CO[3]
                         net (fo=1, routed)           0.000    21.274    add_sl/alien_on_reg[9]_i_101_n_0
    SLICE_X11Y45         CARRY4 (Prop_carry4_CI_O[0])
                                                      0.222    21.496 r  add_sl/alien_on_reg[9]_i_76/O[0]
                         net (fo=4, routed)           1.114    22.610    add_sl/alien_on_reg[9]_i_76_n_7
    SLICE_X19Y45         LUT3 (Prop_lut3_I0_O)        0.327    22.937 r  add_sl/alien_on_reg[1]_i_62/O
                         net (fo=2, routed)           1.380    24.318    add_sl/alien_on_reg[1]_i_62_n_0
    SLICE_X19Y45         LUT4 (Prop_lut4_I3_O)        0.326    24.644 r  add_sl/alien_on_reg[1]_i_66/O
                         net (fo=1, routed)           0.000    24.644    add_sl/alien_on_reg[1]_i_66_n_0
    SLICE_X19Y45         CARRY4 (Prop_carry4_S[1]_CO[3])
                                                      0.550    25.194 r  add_sl/alien_on_reg[1]_i_36/CO[3]
                         net (fo=1, routed)           0.000    25.194    add_sl/alien_on_reg[1]_i_36_n_0
    SLICE_X19Y46         CARRY4 (Prop_carry4_CI_O[0])
                                                      0.223    25.417 f  add_sl/alien_on_reg[1]_i_18/O[0]
                         net (fo=2, routed)           1.004    26.420    add_sl/alien_on_reg[1]_i_18_n_7
    SLICE_X16Y46         LUT2 (Prop_lut2_I1_O)        0.299    26.719 r  add_sl/alien_on_reg[1]_i_14/O
                         net (fo=1, routed)           0.000    26.719    add_sl/alien_on_reg[1]_i_14_n_0
    SLICE_X16Y46         CARRY4 (Prop_carry4_S[3]_CO[3])
                                                      0.401    27.120 r  add_sl/alien_on_reg[1]_i_4/CO[3]
                         net (fo=1, routed)           0.000    27.120    add_sl/alien_on_reg[1]_i_4_n_0
    SLICE_X16Y47         CARRY4 (Prop_carry4_CI_CO[2])
                                                      0.228    27.348 r  add_sl/alien_on_reg[1]_i_2/CO[2]
                         net (fo=1, routed)           0.938    28.286    add_sl/alien_on22348_in
    SLICE_X17Y48         LUT5 (Prop_lut5_I1_O)        0.313    28.599 r  add_sl/alien_on_reg[1]_i_1/O
                         net (fo=1, routed)           0.985    29.583    add_sl/p_43_out[1]
    SLICE_X41Y48         LDCE                                         r  add_sl/alien_on_reg[1]/D
  -------------------------------------------------------------------    -------------------

Slack:                    inf
  Source:                 vga_driver/pixel_col_reg[1]/C
                            (rising edge-triggered cell FDRE clocked by clk_out1_clk_wiz_0  {rise@0.000ns fall@12.469ns period=24.938ns})
  Destination:            add_sl/alien_on_reg[9]/D
  Path Group:             (none)
  Path Type:              Max at Slow Process Corner
  Data Path Delay:        24.289ns  (logic 10.589ns (43.596%)  route 13.700ns (56.404%))
  Logic Levels:           18  (CARRY4=10 DSP48E1=2 LUT2=3 LUT3=1 LUT4=1 LUT5=1)
  Clock Uncertainty:      0.178ns  ((TSJ^2 + DJ^2)^1/2) / 2 + PE
    Total System Jitter     (TSJ):    0.050ns
    Discrete Jitter          (DJ):    0.152ns
    Phase Error              (PE):    0.098ns

    Location             Delay type                Incr(ns)  Path(ns)    Netlist Resource(s)
  -------------------------------------------------------------------    -------------------
                         (clock clk_out1_clk_wiz_0 rise edge)
                                                      0.000     0.000 r  
    E3                                                0.000     0.000 r  clk_in (IN)
                         net (fo=0)                   0.000     0.000    clk_in
    E3                   IBUF (Prop_ibuf_I_O)         1.482     1.482 r  clk_in_IBUF_inst/O
                         net (fo=1, routed)           2.025     3.506    clk_in_IBUF
    BUFGCTRL_X0Y16       BUFG (Prop_bufg_I_O)         0.096     3.602 r  clk_in_IBUF_BUFG_inst/O
                         net (fo=38, routed)          1.809     5.412    clk_wiz_0_inst/U0/clk_in1
    MMCME2_ADV_X0Y0      MMCME2_ADV (Prop_mmcme2_adv_CLKIN1_CLKOUT0)
                                                     -3.922     1.490 r  clk_wiz_0_inst/U0/mmcm_adv_inst/CLKOUT0
                         net (fo=1, routed)           2.018     3.508    clk_wiz_0_inst/U0/clk_out1_clk_wiz_0
    BUFGCTRL_X0Y1        BUFG (Prop_bufg_I_O)         0.096     3.604 r  clk_wiz_0_inst/U0/clkout1_buf/O
                         net (fo=72, routed)          1.617     5.222    vga_driver/clk_out1
    SLICE_X59Y68         FDRE                                         r  vga_driver/pixel_col_reg[1]/C
  -------------------------------------------------------------------    -------------------
    SLICE_X59Y68         FDRE (Prop_fdre_C_Q)         0.456     5.678 r  vga_driver/pixel_col_reg[1]/Q
                         net (fo=181, routed)         6.033    11.711    vga_driver/Q[1]
    SLICE_X12Y42         LUT2 (Prop_lut2_I0_O)        0.124    11.835 r  vga_driver/alien_on5__44_i_23/O
                         net (fo=1, routed)           0.000    11.835    vga_driver/alien_on5__44_i_23_n_0
    SLICE_X12Y42         CARRY4 (Prop_carry4_S[1]_CO[3])
                                                      0.533    12.368 r  vga_driver/alien_on5__44_i_4/CO[3]
                         net (fo=1, routed)           0.000    12.368    vga_driver/alien_on5__44_i_4_n_0
    SLICE_X12Y43         CARRY4 (Prop_carry4_CI_CO[3])
                                                      0.117    12.485 r  vga_driver/alien_on5__44_i_3/CO[3]
                         net (fo=1, routed)           0.000    12.485    vga_driver/alien_on5__44_i_3_n_0
    SLICE_X12Y44         CARRY4 (Prop_carry4_CI_CO[3])
                                                      0.117    12.602 r  vga_driver/alien_on5__44_i_2/CO[3]
                         net (fo=1, routed)           0.000    12.602    add_sl/alien_on5__45_1[0]
    SLICE_X12Y45         CARRY4 (Prop_carry4_CI_O[2])
                                                      0.239    12.841 r  add_sl/alien_on5__44_i_1/O[2]
                         net (fo=22, routed)          1.288    14.129    add_sl/alien_on5__44_i_1_n_5
    DSP48_X0Y18          DSP48E1 (Prop_dsp48e1_B[14]_PCOUT[47])
                                                      4.028    18.157 r  add_sl/alien_on5__45/PCOUT[47]
                         net (fo=1, routed)           0.002    18.159    add_sl/alien_on5__45_n_106
    DSP48_X0Y19          DSP48E1 (Prop_dsp48e1_PCIN[47]_P[0])
                                                      1.518    19.677 r  add_sl/alien_on5__46/P[0]
                         net (fo=2, routed)           0.923    20.600    add_sl/alien_on5__46_n_105
    SLICE_X11Y44         LUT2 (Prop_lut2_I0_O)        0.124    20.724 r  add_sl/alien_on_reg[9]_i_116/O
                         net (fo=1, routed)           0.000    20.724    add_sl/alien_on_reg[9]_i_116_n_0
    SLICE_X11Y44         CARRY4 (Prop_carry4_S[1]_CO[3])
                                                      0.550    21.274 r  add_sl/alien_on_reg[9]_i_101/CO[3]
                         net (fo=1, routed)           0.000    21.274    add_sl/alien_on_reg[9]_i_101_n_0
    SLICE_X11Y45         CARRY4 (Prop_carry4_CI_O[0])
                                                      0.222    21.496 r  add_sl/alien_on_reg[9]_i_76/O[0]
                         net (fo=4, routed)           0.902    22.398    add_sl/alien_on_reg[9]_i_76_n_7
    SLICE_X18Y45         LUT3 (Prop_lut3_I2_O)        0.325    22.723 r  add_sl/alien_on_reg[9]_i_64/O
                         net (fo=2, routed)           1.122    23.845    add_sl/alien_on_reg[9]_i_64_n_0
    SLICE_X18Y45         LUT4 (Prop_lut4_I3_O)        0.326    24.171 r  add_sl/alien_on_reg[9]_i_68/O
                         net (fo=1, routed)           0.000    24.171    add_sl/alien_on_reg[9]_i_68_n_0
    SLICE_X18Y45         CARRY4 (Prop_carry4_S[1]_CO[3])
                                                      0.550    24.721 r  add_sl/alien_on_reg[9]_i_36/CO[3]
                         net (fo=1, routed)           0.000    24.721    add_sl/alien_on_reg[9]_i_36_n_0
    SLICE_X18Y46         CARRY4 (Prop_carry4_CI_CO[3])
                                                      0.114    24.835 r  add_sl/alien_on_reg[9]_i_18/CO[3]
                         net (fo=1, routed)           0.000    24.835    add_sl/alien_on_reg[9]_i_18_n_0
    SLICE_X18Y47         CARRY4 (Prop_carry4_CI_O[3])
                                                      0.313    25.148 f  add_sl/alien_on_reg[9]_i_5/O[3]
                         net (fo=4, routed)           1.278    26.426    add_sl/alien_on_reg[9]_i_5_n_4
    SLICE_X16Y43         LUT2 (Prop_lut2_I0_O)        0.306    26.732 r  add_sl/alien_on_reg[9]_i_6/O
                         net (fo=1, routed)           0.000    26.732    add_sl/alien_on_reg[9]_i_6_n_0
    SLICE_X16Y43         CARRY4 (Prop_carry4_S[2]_CO[2])
                                                      0.314    27.046 r  add_sl/alien_on_reg[9]_i_2/CO[2]
                         net (fo=1, routed)           0.963    28.009    add_sl/alien_on26120_in
    SLICE_X20Y43         LUT5 (Prop_lut5_I1_O)        0.313    28.322 r  add_sl/alien_on_reg[9]_i_1/O
                         net (fo=1, routed)           1.189    29.511    add_sl/p_43_out[9]
    SLICE_X39Y46         LDCE                                         r  add_sl/alien_on_reg[9]/D
  -------------------------------------------------------------------    -------------------





Min Delay Paths
--------------------------------------------------------------------------------------
Slack:                    inf
  Source:                 vga_driver/pixel_row_reg[5]/C
                            (rising edge-triggered cell FDRE clocked by clk_out1_clk_wiz_0  {rise@0.000ns fall@12.469ns period=24.938ns})
  Destination:            add_sl/alien_on_reg[14]/D
  Path Group:             (none)
  Path Type:              Min at Fast Process Corner
  Data Path Delay:        1.728ns  (logic 0.468ns (27.087%)  route 1.260ns (72.913%))
  Logic Levels:           4  (CARRY4=2 LUT4=1 LUT5=1)
  Clock Uncertainty:      0.178ns  ((TSJ^2 + DJ^2)^1/2) / 2 + PE
    Total System Jitter     (TSJ):    0.050ns
    Discrete Jitter          (DJ):    0.152ns
    Phase Error              (PE):    0.098ns

    Location             Delay type                Incr(ns)  Path(ns)    Netlist Resource(s)
  -------------------------------------------------------------------    -------------------
                         (clock clk_out1_clk_wiz_0 rise edge)
                                                      0.000     0.000 r  
    E3                                                0.000     0.000 r  clk_in (IN)
                         net (fo=0)                   0.000     0.000    clk_in
    E3                   IBUF (Prop_ibuf_I_O)         0.250     0.250 r  clk_in_IBUF_inst/O
                         net (fo=1, routed)           0.644     0.894    clk_in_IBUF
    BUFGCTRL_X0Y16       BUFG (Prop_bufg_I_O)         0.026     0.920 r  clk_in_IBUF_BUFG_inst/O
                         net (fo=38, routed)          0.624     1.544    clk_wiz_0_inst/U0/clk_in1
    MMCME2_ADV_X0Y0      MMCME2_ADV (Prop_mmcme2_adv_CLKIN1_CLKOUT0)
                                                     -1.296     0.248 r  clk_wiz_0_inst/U0/mmcm_adv_inst/CLKOUT0
                         net (fo=1, routed)           0.648     0.896    clk_wiz_0_inst/U0/clk_out1_clk_wiz_0
    BUFGCTRL_X0Y1        BUFG (Prop_bufg_I_O)         0.026     0.922 r  clk_wiz_0_inst/U0/clkout1_buf/O
                         net (fo=72, routed)          0.558     1.479    vga_driver/clk_out1
    SLICE_X54Y64         FDRE                                         r  vga_driver/pixel_row_reg[5]/C
  -------------------------------------------------------------------    -------------------
    SLICE_X54Y64         FDRE (Prop_fdre_C_Q)         0.164     1.643 f  vga_driver/pixel_row_reg[5]/Q
                         net (fo=99, routed)          0.630     2.273    add_sl/red_out_reg[3]_i_72_0[5]
    SLICE_X41Y60         LUT4 (Prop_lut4_I2_O)        0.051     2.324 r  add_sl/alien_on_reg[15]_i_47/O
                         net (fo=1, routed)           0.000     2.324    add_sl/alien_on_reg[15]_i_47_n_0
    SLICE_X41Y60         CARRY4 (Prop_carry4_DI[2]_CO[3])
                                                      0.094     2.418 r  add_sl/alien_on_reg[15]_i_16/CO[3]
                         net (fo=1, routed)           0.000     2.418    add_sl/alien_on_reg[15]_i_16_n_0
    SLICE_X41Y61         CARRY4 (Prop_carry4_CI_CO[1])
                                                      0.045     2.463 r  add_sl/alien_on_reg[15]_i_4/CO[1]
                         net (fo=8, routed)           0.375     2.839    add_sl/leqOp2376_in
    SLICE_X45Y56         LUT5 (Prop_lut5_I3_O)        0.114     2.953 r  add_sl/alien_on_reg[14]_i_1/O
                         net (fo=1, routed)           0.254     3.207    add_sl/p_43_out[14]
    SLICE_X45Y48         LDCE                                         r  add_sl/alien_on_reg[14]/D
  -------------------------------------------------------------------    -------------------

Slack:                    inf
  Source:                 vga_driver/pixel_row_reg[5]/C
                            (rising edge-triggered cell FDRE clocked by clk_out1_clk_wiz_0  {rise@0.000ns fall@12.469ns period=24.938ns})
  Destination:            add_sl/alien_on_reg[11]/D
  Path Group:             (none)
  Path Type:              Min at Fast Process Corner
  Data Path Delay:        1.729ns  (logic 0.468ns (27.073%)  route 1.261ns (72.927%))
  Logic Levels:           4  (CARRY4=2 LUT4=1 LUT5=1)
  Clock Uncertainty:      0.178ns  ((TSJ^2 + DJ^2)^1/2) / 2 + PE
    Total System Jitter     (TSJ):    0.050ns
    Discrete Jitter          (DJ):    0.152ns
    Phase Error              (PE):    0.098ns

    Location             Delay type                Incr(ns)  Path(ns)    Netlist Resource(s)
  -------------------------------------------------------------------    -------------------
                         (clock clk_out1_clk_wiz_0 rise edge)
                                                      0.000     0.000 r  
    E3                                                0.000     0.000 r  clk_in (IN)
                         net (fo=0)                   0.000     0.000    clk_in
    E3                   IBUF (Prop_ibuf_I_O)         0.250     0.250 r  clk_in_IBUF_inst/O
                         net (fo=1, routed)           0.644     0.894    clk_in_IBUF
    BUFGCTRL_X0Y16       BUFG (Prop_bufg_I_O)         0.026     0.920 r  clk_in_IBUF_BUFG_inst/O
                         net (fo=38, routed)          0.624     1.544    clk_wiz_0_inst/U0/clk_in1
    MMCME2_ADV_X0Y0      MMCME2_ADV (Prop_mmcme2_adv_CLKIN1_CLKOUT0)
                                                     -1.296     0.248 r  clk_wiz_0_inst/U0/mmcm_adv_inst/CLKOUT0
                         net (fo=1, routed)           0.648     0.896    clk_wiz_0_inst/U0/clk_out1_clk_wiz_0
    BUFGCTRL_X0Y1        BUFG (Prop_bufg_I_O)         0.026     0.922 r  clk_wiz_0_inst/U0/clkout1_buf/O
                         net (fo=72, routed)          0.558     1.479    vga_driver/clk_out1
    SLICE_X54Y64         FDRE                                         r  vga_driver/pixel_row_reg[5]/C
  -------------------------------------------------------------------    -------------------
    SLICE_X54Y64         FDRE (Prop_fdre_C_Q)         0.164     1.643 f  vga_driver/pixel_row_reg[5]/Q
                         net (fo=99, routed)          0.630     2.273    add_sl/red_out_reg[3]_i_72_0[5]
    SLICE_X41Y60         LUT4 (Prop_lut4_I2_O)        0.051     2.324 r  add_sl/alien_on_reg[15]_i_47/O
                         net (fo=1, routed)           0.000     2.324    add_sl/alien_on_reg[15]_i_47_n_0
    SLICE_X41Y60         CARRY4 (Prop_carry4_DI[2]_CO[3])
                                                      0.094     2.418 r  add_sl/alien_on_reg[15]_i_16/CO[3]
                         net (fo=1, routed)           0.000     2.418    add_sl/alien_on_reg[15]_i_16_n_0
    SLICE_X41Y61         CARRY4 (Prop_carry4_CI_CO[1])
                                                      0.045     2.463 r  add_sl/alien_on_reg[15]_i_4/CO[1]
                         net (fo=8, routed)           0.521     2.985    add_sl/leqOp2376_in
    SLICE_X47Y49         LUT5 (Prop_lut5_I3_O)        0.114     3.099 r  add_sl/alien_on_reg[11]_i_1/O
                         net (fo=1, routed)           0.109     3.208    add_sl/p_43_out[11]
    SLICE_X47Y48         LDCE                                         r  add_sl/alien_on_reg[11]/D
  -------------------------------------------------------------------    -------------------

Slack:                    inf
  Source:                 vga_driver/pixel_row_reg[7]/C
                            (rising edge-triggered cell FDRE clocked by clk_out1_clk_wiz_0  {rise@0.000ns fall@12.469ns period=24.938ns})
  Destination:            add_sl/alien_on_reg[17]/D
  Path Group:             (none)
  Path Type:              Min at Fast Process Corner
  Data Path Delay:        1.939ns  (logic 0.478ns (24.646%)  route 1.461ns (75.354%))
  Logic Levels:           4  (CARRY4=2 LUT4=1 LUT5=1)
  Clock Uncertainty:      0.178ns  ((TSJ^2 + DJ^2)^1/2) / 2 + PE
    Total System Jitter     (TSJ):    0.050ns
    Discrete Jitter          (DJ):    0.152ns
    Phase Error              (PE):    0.098ns

    Location             Delay type                Incr(ns)  Path(ns)    Netlist Resource(s)
  -------------------------------------------------------------------    -------------------
                         (clock clk_out1_clk_wiz_0 rise edge)
                                                      0.000     0.000 r  
    E3                                                0.000     0.000 r  clk_in (IN)
                         net (fo=0)                   0.000     0.000    clk_in
    E3                   IBUF (Prop_ibuf_I_O)         0.250     0.250 r  clk_in_IBUF_inst/O
                         net (fo=1, routed)           0.644     0.894    clk_in_IBUF
    BUFGCTRL_X0Y16       BUFG (Prop_bufg_I_O)         0.026     0.920 r  clk_in_IBUF_BUFG_inst/O
                         net (fo=38, routed)          0.624     1.544    clk_wiz_0_inst/U0/clk_in1
    MMCME2_ADV_X0Y0      MMCME2_ADV (Prop_mmcme2_adv_CLKIN1_CLKOUT0)
                                                     -1.296     0.248 r  clk_wiz_0_inst/U0/mmcm_adv_inst/CLKOUT0
                         net (fo=1, routed)           0.648     0.896    clk_wiz_0_inst/U0/clk_out1_clk_wiz_0
    BUFGCTRL_X0Y1        BUFG (Prop_bufg_I_O)         0.026     0.922 r  clk_wiz_0_inst/U0/clkout1_buf/O
                         net (fo=72, routed)          0.559     1.480    vga_driver/clk_out1
    SLICE_X57Y65         FDRE                                         r  vga_driver/pixel_row_reg[7]/C
  -------------------------------------------------------------------    -------------------
    SLICE_X57Y65         FDRE (Prop_fdre_C_Q)         0.128     1.608 f  vga_driver/pixel_row_reg[7]/Q
                         net (fo=75, routed)          0.341     1.949    add_sl/red_out_reg[3]_i_72_0[7]
    SLICE_X50Y65         LUT4 (Prop_lut4_I2_O)        0.098     2.047 r  add_sl/alien_on_reg[22]_i_46/O
                         net (fo=1, routed)           0.000     2.047    add_sl/alien_on_reg[22]_i_46_n_0
    SLICE_X50Y65         CARRY4 (Prop_carry4_DI[3]_CO[3])
                                                      0.091     2.138 r  add_sl/alien_on_reg[22]_i_16/CO[3]
                         net (fo=1, routed)           0.000     2.138    add_sl/alien_on_reg[22]_i_16_n_0
    SLICE_X50Y66         CARRY4 (Prop_carry4_CI_CO[1])
                                                      0.045     2.183 r  add_sl/alien_on_reg[22]_i_4/CO[1]
                         net (fo=7, routed)           0.566     2.749    add_sl/leqOp6126_in
    SLICE_X73Y66         LUT5 (Prop_lut5_I3_O)        0.116     2.865 r  add_sl/alien_on_reg[17]_i_1/O
                         net (fo=1, routed)           0.555     3.420    add_sl/p_43_out[17]
    SLICE_X69Y51         LDCE                                         r  add_sl/alien_on_reg[17]/D
  -------------------------------------------------------------------    -------------------

Slack:                    inf
  Source:                 vga_driver/pixel_row_reg[5]/C
                            (rising edge-triggered cell FDRE clocked by clk_out1_clk_wiz_0  {rise@0.000ns fall@12.469ns period=24.938ns})
  Destination:            add_sl/alien_on_reg[3]/D
  Path Group:             (none)
  Path Type:              Min at Fast Process Corner
  Data Path Delay:        2.004ns  (logic 0.468ns (23.354%)  route 1.536ns (76.646%))
  Logic Levels:           4  (CARRY4=2 LUT4=1 LUT5=1)
  Clock Uncertainty:      0.178ns  ((TSJ^2 + DJ^2)^1/2) / 2 + PE
    Total System Jitter     (TSJ):    0.050ns
    Discrete Jitter          (DJ):    0.152ns
    Phase Error              (PE):    0.098ns

    Location             Delay type                Incr(ns)  Path(ns)    Netlist Resource(s)
  -------------------------------------------------------------------    -------------------
                         (clock clk_out1_clk_wiz_0 rise edge)
                                                      0.000     0.000 r  
    E3                                                0.000     0.000 r  clk_in (IN)
                         net (fo=0)                   0.000     0.000    clk_in
    E3                   IBUF (Prop_ibuf_I_O)         0.250     0.250 r  clk_in_IBUF_inst/O
                         net (fo=1, routed)           0.644     0.894    clk_in_IBUF
    BUFGCTRL_X0Y16       BUFG (Prop_bufg_I_O)         0.026     0.920 r  clk_in_IBUF_BUFG_inst/O
                         net (fo=38, routed)          0.624     1.544    clk_wiz_0_inst/U0/clk_in1
    MMCME2_ADV_X0Y0      MMCME2_ADV (Prop_mmcme2_adv_CLKIN1_CLKOUT0)
                                                     -1.296     0.248 r  clk_wiz_0_inst/U0/mmcm_adv_inst/CLKOUT0
                         net (fo=1, routed)           0.648     0.896    clk_wiz_0_inst/U0/clk_out1_clk_wiz_0
    BUFGCTRL_X0Y1        BUFG (Prop_bufg_I_O)         0.026     0.922 r  clk_wiz_0_inst/U0/clkout1_buf/O
                         net (fo=72, routed)          0.558     1.479    vga_driver/clk_out1
    SLICE_X54Y64         FDRE                                         r  vga_driver/pixel_row_reg[5]/C
  -------------------------------------------------------------------    -------------------
    SLICE_X54Y64         FDRE (Prop_fdre_C_Q)         0.164     1.643 r  vga_driver/pixel_row_reg[5]/Q
                         net (fo=99, routed)          0.759     2.402    vga_driver/pixel_row_reg[10]_1[5]
    SLICE_X35Y61         LUT4 (Prop_lut4_I3_O)        0.051     2.453 r  vga_driver/alien_on_reg[7]_i_26/O
                         net (fo=1, routed)           0.000     2.453    vga_driver/alien_on_reg[7]_i_26_n_0
    SLICE_X35Y61         CARRY4 (Prop_carry4_DI[2]_CO[3])
                                                      0.094     2.547 r  vga_driver/alien_on_reg[7]_i_6/CO[3]
                         net (fo=1, routed)           0.000     2.547    vga_driver/alien_on_reg[7]_i_6_n_0
    SLICE_X35Y62         CARRY4 (Prop_carry4_CI_CO[1])
                                                      0.045     2.592 r  vga_driver/alien_on_reg[7]_i_2/CO[1]
                         net (fo=8, routed)           0.592     3.184    add_sl/alien_on_reg[7]_0[0]
    SLICE_X44Y47         LUT5 (Prop_lut5_I0_O)        0.114     3.298 r  add_sl/alien_on_reg[3]_i_1/O
                         net (fo=1, routed)           0.186     3.483    add_sl/p_43_out[3]
    SLICE_X42Y48         LDCE                                         r  add_sl/alien_on_reg[3]/D
  -------------------------------------------------------------------    -------------------

Slack:                    inf
  Source:                 vga_driver/pixel_row_reg[5]/C
                            (rising edge-triggered cell FDRE clocked by clk_out1_clk_wiz_0  {rise@0.000ns fall@12.469ns period=24.938ns})
  Destination:            add_sl/alien_on_reg[6]/D
  Path Group:             (none)
  Path Type:              Min at Fast Process Corner
  Data Path Delay:        2.017ns  (logic 0.468ns (23.208%)  route 1.549ns (76.792%))
  Logic Levels:           4  (CARRY4=2 LUT4=1 LUT5=1)
  Clock Uncertainty:      0.178ns  ((TSJ^2 + DJ^2)^1/2) / 2 + PE
    Total System Jitter     (TSJ):    0.050ns
    Discrete Jitter          (DJ):    0.152ns
    Phase Error              (PE):    0.098ns

    Location             Delay type                Incr(ns)  Path(ns)    Netlist Resource(s)
  -------------------------------------------------------------------    -------------------
                         (clock clk_out1_clk_wiz_0 rise edge)
                                                      0.000     0.000 r  
    E3                                                0.000     0.000 r  clk_in (IN)
                         net (fo=0)                   0.000     0.000    clk_in
    E3                   IBUF (Prop_ibuf_I_O)         0.250     0.250 r  clk_in_IBUF_inst/O
                         net (fo=1, routed)           0.644     0.894    clk_in_IBUF
    BUFGCTRL_X0Y16       BUFG (Prop_bufg_I_O)         0.026     0.920 r  clk_in_IBUF_BUFG_inst/O
                         net (fo=38, routed)          0.624     1.544    clk_wiz_0_inst/U0/clk_in1
    MMCME2_ADV_X0Y0      MMCME2_ADV (Prop_mmcme2_adv_CLKIN1_CLKOUT0)
                                                     -1.296     0.248 r  clk_wiz_0_inst/U0/mmcm_adv_inst/CLKOUT0
                         net (fo=1, routed)           0.648     0.896    clk_wiz_0_inst/U0/clk_out1_clk_wiz_0
    BUFGCTRL_X0Y1        BUFG (Prop_bufg_I_O)         0.026     0.922 r  clk_wiz_0_inst/U0/clkout1_buf/O
                         net (fo=72, routed)          0.558     1.479    vga_driver/clk_out1
    SLICE_X54Y64         FDRE                                         r  vga_driver/pixel_row_reg[5]/C
  -------------------------------------------------------------------    -------------------
    SLICE_X54Y64         FDRE (Prop_fdre_C_Q)         0.164     1.643 r  vga_driver/pixel_row_reg[5]/Q
                         net (fo=99, routed)          0.759     2.402    vga_driver/pixel_row_reg[10]_1[5]
    SLICE_X35Y61         LUT4 (Prop_lut4_I3_O)        0.051     2.453 r  vga_driver/alien_on_reg[7]_i_26/O
                         net (fo=1, routed)           0.000     2.453    vga_driver/alien_on_reg[7]_i_26_n_0
    SLICE_X35Y61         CARRY4 (Prop_carry4_DI[2]_CO[3])
                                                      0.094     2.547 r  vga_driver/alien_on_reg[7]_i_6/CO[3]
                         net (fo=1, routed)           0.000     2.547    vga_driver/alien_on_reg[7]_i_6_n_0
    SLICE_X35Y62         CARRY4 (Prop_carry4_CI_CO[1])
                                                      0.045     2.592 r  vga_driver/alien_on_reg[7]_i_2/CO[1]
                         net (fo=8, routed)           0.398     2.990    add_sl/alien_on_reg[7]_0[0]
    SLICE_X45Y55         LUT5 (Prop_lut5_I0_O)        0.114     3.104 r  add_sl/alien_on_reg[6]_i_1/O
                         net (fo=1, routed)           0.392     3.496    add_sl/p_43_out[6]
    SLICE_X42Y47         LDCE                                         r  add_sl/alien_on_reg[6]/D
  -------------------------------------------------------------------    -------------------

Slack:                    inf
  Source:                 vga_driver/pixel_row_reg[5]/C
                            (rising edge-triggered cell FDRE clocked by clk_out1_clk_wiz_0  {rise@0.000ns fall@12.469ns period=24.938ns})
  Destination:            add_sl/alien_on_reg[15]/D
  Path Group:             (none)
  Path Type:              Min at Fast Process Corner
  Data Path Delay:        2.062ns  (logic 0.468ns (22.695%)  route 1.594ns (77.305%))
  Logic Levels:           4  (CARRY4=2 LUT4=1 LUT5=1)
  Clock Uncertainty:      0.178ns  ((TSJ^2 + DJ^2)^1/2) / 2 + PE
    Total System Jitter     (TSJ):    0.050ns
    Discrete Jitter          (DJ):    0.152ns
    Phase Error              (PE):    0.098ns

    Location             Delay type                Incr(ns)  Path(ns)    Netlist Resource(s)
  -------------------------------------------------------------------    -------------------
                         (clock clk_out1_clk_wiz_0 rise edge)
                                                      0.000     0.000 r  
    E3                                                0.000     0.000 r  clk_in (IN)
                         net (fo=0)                   0.000     0.000    clk_in
    E3                   IBUF (Prop_ibuf_I_O)         0.250     0.250 r  clk_in_IBUF_inst/O
                         net (fo=1, routed)           0.644     0.894    clk_in_IBUF
    BUFGCTRL_X0Y16       BUFG (Prop_bufg_I_O)         0.026     0.920 r  clk_in_IBUF_BUFG_inst/O
                         net (fo=38, routed)          0.624     1.544    clk_wiz_0_inst/U0/clk_in1
    MMCME2_ADV_X0Y0      MMCME2_ADV (Prop_mmcme2_adv_CLKIN1_CLKOUT0)
                                                     -1.296     0.248 r  clk_wiz_0_inst/U0/mmcm_adv_inst/CLKOUT0
                         net (fo=1, routed)           0.648     0.896    clk_wiz_0_inst/U0/clk_out1_clk_wiz_0
    BUFGCTRL_X0Y1        BUFG (Prop_bufg_I_O)         0.026     0.922 r  clk_wiz_0_inst/U0/clkout1_buf/O
                         net (fo=72, routed)          0.558     1.479    vga_driver/clk_out1
    SLICE_X54Y64         FDRE                                         r  vga_driver/pixel_row_reg[5]/C
  -------------------------------------------------------------------    -------------------
    SLICE_X54Y64         FDRE (Prop_fdre_C_Q)         0.164     1.643 f  vga_driver/pixel_row_reg[5]/Q
                         net (fo=99, routed)          0.630     2.273    add_sl/red_out_reg[3]_i_72_0[5]
    SLICE_X41Y60         LUT4 (Prop_lut4_I2_O)        0.051     2.324 r  add_sl/alien_on_reg[15]_i_47/O
                         net (fo=1, routed)           0.000     2.324    add_sl/alien_on_reg[15]_i_47_n_0
    SLICE_X41Y60         CARRY4 (Prop_carry4_DI[2]_CO[3])
                                                      0.094     2.418 r  add_sl/alien_on_reg[15]_i_16/CO[3]
                         net (fo=1, routed)           0.000     2.418    add_sl/alien_on_reg[15]_i_16_n_0
    SLICE_X41Y61         CARRY4 (Prop_carry4_CI_CO[1])
                                                      0.045     2.463 r  add_sl/alien_on_reg[15]_i_4/CO[1]
                         net (fo=8, routed)           0.773     3.236    add_sl/leqOp2376_in
    SLICE_X52Y43         LUT5 (Prop_lut5_I3_O)        0.114     3.350 r  add_sl/alien_on_reg[15]_i_1/O
                         net (fo=1, routed)           0.191     3.541    add_sl/p_43_out[15]
    SLICE_X46Y45         LDCE                                         r  add_sl/alien_on_reg[15]/D
  -------------------------------------------------------------------    -------------------

Slack:                    inf
  Source:                 vga_driver/pixel_row_reg[7]/C
                            (rising edge-triggered cell FDRE clocked by clk_out1_clk_wiz_0  {rise@0.000ns fall@12.469ns period=24.938ns})
  Destination:            add_sl/alien_on_reg[22]/D
  Path Group:             (none)
  Path Type:              Min at Fast Process Corner
  Data Path Delay:        2.107ns  (logic 0.478ns (22.689%)  route 1.629ns (77.311%))
  Logic Levels:           4  (CARRY4=2 LUT4=1 LUT5=1)
  Clock Uncertainty:      0.178ns  ((TSJ^2 + DJ^2)^1/2) / 2 + PE
    Total System Jitter     (TSJ):    0.050ns
    Discrete Jitter          (DJ):    0.152ns
    Phase Error              (PE):    0.098ns

    Location             Delay type                Incr(ns)  Path(ns)    Netlist Resource(s)
  -------------------------------------------------------------------    -------------------
                         (clock clk_out1_clk_wiz_0 rise edge)
                                                      0.000     0.000 r  
    E3                                                0.000     0.000 r  clk_in (IN)
                         net (fo=0)                   0.000     0.000    clk_in
    E3                   IBUF (Prop_ibuf_I_O)         0.250     0.250 r  clk_in_IBUF_inst/O
                         net (fo=1, routed)           0.644     0.894    clk_in_IBUF
    BUFGCTRL_X0Y16       BUFG (Prop_bufg_I_O)         0.026     0.920 r  clk_in_IBUF_BUFG_inst/O
                         net (fo=38, routed)          0.624     1.544    clk_wiz_0_inst/U0/clk_in1
    MMCME2_ADV_X0Y0      MMCME2_ADV (Prop_mmcme2_adv_CLKIN1_CLKOUT0)
                                                     -1.296     0.248 r  clk_wiz_0_inst/U0/mmcm_adv_inst/CLKOUT0
                         net (fo=1, routed)           0.648     0.896    clk_wiz_0_inst/U0/clk_out1_clk_wiz_0
    BUFGCTRL_X0Y1        BUFG (Prop_bufg_I_O)         0.026     0.922 r  clk_wiz_0_inst/U0/clkout1_buf/O
                         net (fo=72, routed)          0.559     1.480    vga_driver/clk_out1
    SLICE_X57Y65         FDRE                                         r  vga_driver/pixel_row_reg[7]/C
  -------------------------------------------------------------------    -------------------
    SLICE_X57Y65         FDRE (Prop_fdre_C_Q)         0.128     1.608 f  vga_driver/pixel_row_reg[7]/Q
                         net (fo=75, routed)          0.341     1.949    add_sl/red_out_reg[3]_i_72_0[7]
    SLICE_X50Y65         LUT4 (Prop_lut4_I2_O)        0.098     2.047 r  add_sl/alien_on_reg[22]_i_46/O
                         net (fo=1, routed)           0.000     2.047    add_sl/alien_on_reg[22]_i_46_n_0
    SLICE_X50Y65         CARRY4 (Prop_carry4_DI[3]_CO[3])
                                                      0.091     2.138 r  add_sl/alien_on_reg[22]_i_16/CO[3]
                         net (fo=1, routed)           0.000     2.138    add_sl/alien_on_reg[22]_i_16_n_0
    SLICE_X50Y66         CARRY4 (Prop_carry4_CI_CO[1])
                                                      0.045     2.183 r  add_sl/alien_on_reg[22]_i_4/CO[1]
                         net (fo=7, routed)           0.864     3.047    add_sl/leqOp6126_in
    SLICE_X75Y64         LUT5 (Prop_lut5_I3_O)        0.116     3.163 r  add_sl/alien_on_reg[22]_i_1/O
                         net (fo=1, routed)           0.424     3.587    add_sl/p_43_out[22]
    SLICE_X71Y51         LDCE                                         r  add_sl/alien_on_reg[22]/D
  -------------------------------------------------------------------    -------------------

Slack:                    inf
  Source:                 vga_driver/pixel_row_reg[7]/C
                            (rising edge-triggered cell FDRE clocked by clk_out1_clk_wiz_0  {rise@0.000ns fall@12.469ns period=24.938ns})
  Destination:            add_sl/alien_on_reg[18]/D
  Path Group:             (none)
  Path Type:              Min at Fast Process Corner
  Data Path Delay:        2.115ns  (logic 0.478ns (22.601%)  route 1.637ns (77.399%))
  Logic Levels:           4  (CARRY4=2 LUT4=1 LUT5=1)
  Clock Uncertainty:      0.178ns  ((TSJ^2 + DJ^2)^1/2) / 2 + PE
    Total System Jitter     (TSJ):    0.050ns
    Discrete Jitter          (DJ):    0.152ns
    Phase Error              (PE):    0.098ns

    Location             Delay type                Incr(ns)  Path(ns)    Netlist Resource(s)
  -------------------------------------------------------------------    -------------------
                         (clock clk_out1_clk_wiz_0 rise edge)
                                                      0.000     0.000 r  
    E3                                                0.000     0.000 r  clk_in (IN)
                         net (fo=0)                   0.000     0.000    clk_in
    E3                   IBUF (Prop_ibuf_I_O)         0.250     0.250 r  clk_in_IBUF_inst/O
                         net (fo=1, routed)           0.644     0.894    clk_in_IBUF
    BUFGCTRL_X0Y16       BUFG (Prop_bufg_I_O)         0.026     0.920 r  clk_in_IBUF_BUFG_inst/O
                         net (fo=38, routed)          0.624     1.544    clk_wiz_0_inst/U0/clk_in1
    MMCME2_ADV_X0Y0      MMCME2_ADV (Prop_mmcme2_adv_CLKIN1_CLKOUT0)
                                                     -1.296     0.248 r  clk_wiz_0_inst/U0/mmcm_adv_inst/CLKOUT0
                         net (fo=1, routed)           0.648     0.896    clk_wiz_0_inst/U0/clk_out1_clk_wiz_0
    BUFGCTRL_X0Y1        BUFG (Prop_bufg_I_O)         0.026     0.922 r  clk_wiz_0_inst/U0/clkout1_buf/O
                         net (fo=72, routed)          0.559     1.480    vga_driver/clk_out1
    SLICE_X57Y65         FDRE                                         r  vga_driver/pixel_row_reg[7]/C
  -------------------------------------------------------------------    -------------------
    SLICE_X57Y65         FDRE (Prop_fdre_C_Q)         0.128     1.608 f  vga_driver/pixel_row_reg[7]/Q
                         net (fo=75, routed)          0.341     1.949    add_sl/red_out_reg[3]_i_72_0[7]
    SLICE_X50Y65         LUT4 (Prop_lut4_I2_O)        0.098     2.047 r  add_sl/alien_on_reg[22]_i_46/O
                         net (fo=1, routed)           0.000     2.047    add_sl/alien_on_reg[22]_i_46_n_0
    SLICE_X50Y65         CARRY4 (Prop_carry4_DI[3]_CO[3])
                                                      0.091     2.138 r  add_sl/alien_on_reg[22]_i_16/CO[3]
                         net (fo=1, routed)           0.000     2.138    add_sl/alien_on_reg[22]_i_16_n_0
    SLICE_X50Y66         CARRY4 (Prop_carry4_CI_CO[1])
                                                      0.045     2.183 r  add_sl/alien_on_reg[22]_i_4/CO[1]
                         net (fo=7, routed)           1.005     3.188    add_sl/leqOp6126_in
    SLICE_X72Y56         LUT5 (Prop_lut5_I3_O)        0.116     3.304 r  add_sl/alien_on_reg[18]_i_1/O
                         net (fo=1, routed)           0.292     3.595    add_sl/p_43_out[18]
    SLICE_X70Y52         LDCE                                         r  add_sl/alien_on_reg[18]/D
  -------------------------------------------------------------------    -------------------

Slack:                    inf
  Source:                 vga_driver/pixel_row_reg[5]/C
                            (rising edge-triggered cell FDRE clocked by clk_out1_clk_wiz_0  {rise@0.000ns fall@12.469ns period=24.938ns})
  Destination:            add_sl/alien_on_reg[13]/D
  Path Group:             (none)
  Path Type:              Min at Fast Process Corner
  Data Path Delay:        2.158ns  (logic 0.468ns (21.688%)  route 1.690ns (78.312%))
  Logic Levels:           4  (CARRY4=2 LUT4=1 LUT5=1)
  Clock Uncertainty:      0.178ns  ((TSJ^2 + DJ^2)^1/2) / 2 + PE
    Total System Jitter     (TSJ):    0.050ns
    Discrete Jitter          (DJ):    0.152ns
    Phase Error              (PE):    0.098ns

    Location             Delay type                Incr(ns)  Path(ns)    Netlist Resource(s)
  -------------------------------------------------------------------    -------------------
                         (clock clk_out1_clk_wiz_0 rise edge)
                                                      0.000     0.000 r  
    E3                                                0.000     0.000 r  clk_in (IN)
                         net (fo=0)                   0.000     0.000    clk_in
    E3                   IBUF (Prop_ibuf_I_O)         0.250     0.250 r  clk_in_IBUF_inst/O
                         net (fo=1, routed)           0.644     0.894    clk_in_IBUF
    BUFGCTRL_X0Y16       BUFG (Prop_bufg_I_O)         0.026     0.920 r  clk_in_IBUF_BUFG_inst/O
                         net (fo=38, routed)          0.624     1.544    clk_wiz_0_inst/U0/clk_in1
    MMCME2_ADV_X0Y0      MMCME2_ADV (Prop_mmcme2_adv_CLKIN1_CLKOUT0)
                                                     -1.296     0.248 r  clk_wiz_0_inst/U0/mmcm_adv_inst/CLKOUT0
                         net (fo=1, routed)           0.648     0.896    clk_wiz_0_inst/U0/clk_out1_clk_wiz_0
    BUFGCTRL_X0Y1        BUFG (Prop_bufg_I_O)         0.026     0.922 r  clk_wiz_0_inst/U0/clkout1_buf/O
                         net (fo=72, routed)          0.558     1.479    vga_driver/clk_out1
    SLICE_X54Y64         FDRE                                         r  vga_driver/pixel_row_reg[5]/C
  -------------------------------------------------------------------    -------------------
    SLICE_X54Y64         FDRE (Prop_fdre_C_Q)         0.164     1.643 f  vga_driver/pixel_row_reg[5]/Q
                         net (fo=99, routed)          0.630     2.273    add_sl/red_out_reg[3]_i_72_0[5]
    SLICE_X41Y60         LUT4 (Prop_lut4_I2_O)        0.051     2.324 r  add_sl/alien_on_reg[15]_i_47/O
                         net (fo=1, routed)           0.000     2.324    add_sl/alien_on_reg[15]_i_47_n_0
    SLICE_X41Y60         CARRY4 (Prop_carry4_DI[2]_CO[3])
                                                      0.094     2.418 r  add_sl/alien_on_reg[15]_i_16/CO[3]
                         net (fo=1, routed)           0.000     2.418    add_sl/alien_on_reg[15]_i_16_n_0
    SLICE_X41Y61         CARRY4 (Prop_carry4_CI_CO[1])
                                                      0.045     2.463 r  add_sl/alien_on_reg[15]_i_4/CO[1]
                         net (fo=8, routed)           0.769     3.233    add_sl/leqOp2376_in
    SLICE_X52Y43         LUT5 (Prop_lut5_I3_O)        0.114     3.347 r  add_sl/alien_on_reg[13]_i_1/O
                         net (fo=1, routed)           0.291     3.637    add_sl/p_43_out[13]
    SLICE_X47Y45         LDCE                                         r  add_sl/alien_on_reg[13]/D
  -------------------------------------------------------------------    -------------------

Slack:                    inf
  Source:                 vga_driver/pixel_row_reg[5]/C
                            (rising edge-triggered cell FDRE clocked by clk_out1_clk_wiz_0  {rise@0.000ns fall@12.469ns period=24.938ns})
  Destination:            add_sl/alien_on_reg[9]/D
  Path Group:             (none)
  Path Type:              Min at Fast Process Corner
  Data Path Delay:        2.216ns  (logic 0.468ns (21.122%)  route 1.748ns (78.878%))
  Logic Levels:           4  (CARRY4=2 LUT4=1 LUT5=1)
  Clock Uncertainty:      0.178ns  ((TSJ^2 + DJ^2)^1/2) / 2 + PE
    Total System Jitter     (TSJ):    0.050ns
    Discrete Jitter          (DJ):    0.152ns
    Phase Error              (PE):    0.098ns

    Location             Delay type                Incr(ns)  Path(ns)    Netlist Resource(s)
  -------------------------------------------------------------------    -------------------
                         (clock clk_out1_clk_wiz_0 rise edge)
                                                      0.000     0.000 r  
    E3                                                0.000     0.000 r  clk_in (IN)
                         net (fo=0)                   0.000     0.000    clk_in
    E3                   IBUF (Prop_ibuf_I_O)         0.250     0.250 r  clk_in_IBUF_inst/O
                         net (fo=1, routed)           0.644     0.894    clk_in_IBUF
    BUFGCTRL_X0Y16       BUFG (Prop_bufg_I_O)         0.026     0.920 r  clk_in_IBUF_BUFG_inst/O
                         net (fo=38, routed)          0.624     1.544    clk_wiz_0_inst/U0/clk_in1
    MMCME2_ADV_X0Y0      MMCME2_ADV (Prop_mmcme2_adv_CLKIN1_CLKOUT0)
                                                     -1.296     0.248 r  clk_wiz_0_inst/U0/mmcm_adv_inst/CLKOUT0
                         net (fo=1, routed)           0.648     0.896    clk_wiz_0_inst/U0/clk_out1_clk_wiz_0
    BUFGCTRL_X0Y1        BUFG (Prop_bufg_I_O)         0.026     0.922 r  clk_wiz_0_inst/U0/clkout1_buf/O
                         net (fo=72, routed)          0.558     1.479    vga_driver/clk_out1
    SLICE_X54Y64         FDRE                                         r  vga_driver/pixel_row_reg[5]/C
  -------------------------------------------------------------------    -------------------
    SLICE_X54Y64         FDRE (Prop_fdre_C_Q)         0.164     1.643 f  vga_driver/pixel_row_reg[5]/Q
                         net (fo=99, routed)          0.630     2.273    add_sl/red_out_reg[3]_i_72_0[5]
    SLICE_X41Y60         LUT4 (Prop_lut4_I2_O)        0.051     2.324 r  add_sl/alien_on_reg[15]_i_47/O
                         net (fo=1, routed)           0.000     2.324    add_sl/alien_on_reg[15]_i_47_n_0
    SLICE_X41Y60         CARRY4 (Prop_carry4_DI[2]_CO[3])
                                                      0.094     2.418 r  add_sl/alien_on_reg[15]_i_16/CO[3]
                         net (fo=1, routed)           0.000     2.418    add_sl/alien_on_reg[15]_i_16_n_0
    SLICE_X41Y61         CARRY4 (Prop_carry4_CI_CO[1])
                                                      0.045     2.463 r  add_sl/alien_on_reg[15]_i_4/CO[1]
                         net (fo=8, routed)           0.683     3.146    add_sl/leqOp2376_in
    SLICE_X20Y43         LUT5 (Prop_lut5_I3_O)        0.114     3.260 r  add_sl/alien_on_reg[9]_i_1/O
                         net (fo=1, routed)           0.435     3.695    add_sl/p_43_out[9]
    SLICE_X39Y46         LDCE                                         r  add_sl/alien_on_reg[9]/D
  -------------------------------------------------------------------    -------------------





--------------------------------------------------------------------------------------
Path Group:  (none)
From Clock:  clkfbout_clk_wiz_0
  To Clock:  

Max Delay             1 Endpoint
Min Delay             1 Endpoint
--------------------------------------------------------------------------------------


Max Delay Paths
--------------------------------------------------------------------------------------
Slack:                    inf
  Source:                 clk_wiz_0_inst/U0/mmcm_adv_inst/CLKFBOUT
                            (clock source 'clkfbout_clk_wiz_0'  {rise@0.000ns fall@5.000ns period=10.000ns})
  Destination:            clk_wiz_0_inst/U0/mmcm_adv_inst/CLKFBIN
  Path Group:             (none)
  Path Type:              Max at Slow Process Corner
  Data Path Delay:        3.922ns  (logic 0.096ns (2.448%)  route 3.826ns (97.552%))
  Logic Levels:           1  (BUFG=1)
  Clock Uncertainty:      0.146ns  ((TSJ^2 + DJ^2)^1/2) / 2 + PE
    Total System Jitter     (TSJ):    0.050ns
    Discrete Jitter          (DJ):    0.082ns
    Phase Error              (PE):    0.098ns

    Location             Delay type                Incr(ns)  Path(ns)    Netlist Resource(s)
  -------------------------------------------------------------------    -------------------
                         (clock clkfbout_clk_wiz_0 fall edge)
                                                      5.000     5.000 f  
    E3                                                0.000     5.000 f  clk_in (IN)
                         net (fo=0)                   0.000     5.000    clk_in
    E3                   IBUF (Prop_ibuf_I_O)         1.482     6.482 f  clk_in_IBUF_inst/O
                         net (fo=1, routed)           2.025     8.506    clk_in_IBUF
    BUFGCTRL_X0Y16       BUFG (Prop_bufg_I_O)         0.096     8.602 f  clk_in_IBUF_BUFG_inst/O
                         net (fo=38, routed)          1.809    10.412    clk_wiz_0_inst/U0/clk_in1
  -------------------------------------------------------------------    -------------------
    MMCME2_ADV_X0Y0      MMCME2_ADV (Prop_mmcme2_adv_CLKIN1_CLKFBOUT)
                                                     -3.922     6.490 f  clk_wiz_0_inst/U0/mmcm_adv_inst/CLKFBOUT
                         net (fo=1, routed)           2.018     8.508    clk_wiz_0_inst/U0/clkfbout_clk_wiz_0
    BUFGCTRL_X0Y2        BUFG (Prop_bufg_I_O)         0.096     8.604 f  clk_wiz_0_inst/U0/clkf_buf/O
                         net (fo=1, routed)           1.807    10.412    clk_wiz_0_inst/U0/clkfbout_buf_clk_wiz_0
    MMCME2_ADV_X0Y0      MMCME2_ADV                                   f  clk_wiz_0_inst/U0/mmcm_adv_inst/CLKFBIN
  -------------------------------------------------------------------    -------------------





Min Delay Paths
--------------------------------------------------------------------------------------
Slack:                    inf
  Source:                 clk_wiz_0_inst/U0/mmcm_adv_inst/CLKFBOUT
                            (clock source 'clkfbout_clk_wiz_0'  {rise@0.000ns fall@5.000ns period=10.000ns})
  Destination:            clk_wiz_0_inst/U0/mmcm_adv_inst/CLKFBIN
  Path Group:             (none)
  Path Type:              Min at Fast Process Corner
  Data Path Delay:        1.296ns  (logic 0.026ns (2.006%)  route 1.270ns (97.994%))
  Logic Levels:           1  (BUFG=1)
  Clock Uncertainty:      0.146ns  ((TSJ^2 + DJ^2)^1/2) / 2 + PE
    Total System Jitter     (TSJ):    0.050ns
    Discrete Jitter          (DJ):    0.082ns
    Phase Error              (PE):    0.098ns

    Location             Delay type                Incr(ns)  Path(ns)    Netlist Resource(s)
  -------------------------------------------------------------------    -------------------
                         (clock clkfbout_clk_wiz_0 rise edge)
                                                      0.000     0.000 r  
    E3                                                0.000     0.000 r  clk_in (IN)
                         net (fo=0)                   0.000     0.000    clk_in
    E3                   IBUF (Prop_ibuf_I_O)         0.250     0.250 r  clk_in_IBUF_inst/O
                         net (fo=1, routed)           0.644     0.894    clk_in_IBUF
    BUFGCTRL_X0Y16       BUFG (Prop_bufg_I_O)         0.026     0.920 r  clk_in_IBUF_BUFG_inst/O
                         net (fo=38, routed)          0.624     1.544    clk_wiz_0_inst/U0/clk_in1
  -------------------------------------------------------------------    -------------------
    MMCME2_ADV_X0Y0      MMCME2_ADV (Prop_mmcme2_adv_CLKIN1_CLKFBOUT)
                                                     -1.296     0.248 r  clk_wiz_0_inst/U0/mmcm_adv_inst/CLKFBOUT
                         net (fo=1, routed)           0.648     0.896    clk_wiz_0_inst/U0/clkfbout_clk_wiz_0
    BUFGCTRL_X0Y2        BUFG (Prop_bufg_I_O)         0.026     0.922 r  clk_wiz_0_inst/U0/clkf_buf/O
                         net (fo=1, routed)           0.622     1.544    clk_wiz_0_inst/U0/clkfbout_buf_clk_wiz_0
    MMCME2_ADV_X0Y0      MMCME2_ADV                                   r  clk_wiz_0_inst/U0/mmcm_adv_inst/CLKFBIN
  -------------------------------------------------------------------    -------------------





--------------------------------------------------------------------------------------
Path Group:  (none)
From Clock:  sys_clk_pin
  To Clock:  

Max Delay            77 Endpoints
Min Delay            77 Endpoints
--------------------------------------------------------------------------------------


Max Delay Paths
--------------------------------------------------------------------------------------
Slack:                    inf
  Source:                 count_reg[19]/C
                            (rising edge-triggered cell FDRE clocked by sys_clk_pin  {rise@0.000ns fall@5.000ns period=10.000ns})
  Destination:            SEG7_seg[3]
                            (output port)
  Path Group:             (none)
  Path Type:              Max at Slow Process Corner
  Data Path Delay:        10.834ns  (logic 4.254ns (39.269%)  route 6.579ns (60.731%))
  Logic Levels:           3  (LUT4=1 LUT6=1 OBUF=1)
  Clock Uncertainty:      0.025ns  ((TSJ^2 + TIJ^2)^1/2 + DJ) / 2 + PE
    Total System Jitter     (TSJ):    0.050ns
    Total Input Jitter      (TIJ):    0.000ns
    Discrete Jitter          (DJ):    0.000ns
    Phase Error              (PE):    0.000ns

    Location             Delay type                Incr(ns)  Path(ns)    Netlist Resource(s)
  -------------------------------------------------------------------    -------------------
                         (clock sys_clk_pin rise edge)
                                                      0.000     0.000 r  
    E3                                                0.000     0.000 r  clk_in (IN)
                         net (fo=0)                   0.000     0.000    clk_in
    E3                   IBUF (Prop_ibuf_I_O)         1.482     1.482 r  clk_in_IBUF_inst/O
                         net (fo=1, routed)           2.025     3.506    clk_in_IBUF
    BUFGCTRL_X0Y16       BUFG (Prop_bufg_I_O)         0.096     3.602 r  clk_in_IBUF_BUFG_inst/O
                         net (fo=38, routed)          1.639     5.242    clk_in_IBUF_BUFG
    SLICE_X40Y55         FDRE                                         r  count_reg[19]/C
  -------------------------------------------------------------------    -------------------
    SLICE_X40Y55         FDRE (Prop_fdre_C_Q)         0.456     5.698 r  count_reg[19]/Q
                         net (fo=10, routed)          1.460     7.157    add_sl/dig[2]
    SLICE_X36Y53         LUT6 (Prop_lut6_I4_O)        0.124     7.281 r  add_sl/SEG7_seg_OBUF[6]_inst_i_2/O
                         net (fo=7, routed)           0.805     8.087    add_sl/SEG7_seg_OBUF[6]_inst_i_2_n_0
    SLICE_X34Y53         LUT4 (Prop_lut4_I0_O)        0.124     8.211 r  add_sl/SEG7_seg_OBUF[3]_inst_i_1/O
                         net (fo=1, routed)           4.315    12.525    SEG7_seg_OBUF[3]
    K13                  OBUF (Prop_obuf_I_O)         3.550    16.075 r  SEG7_seg_OBUF[3]_inst/O
                         net (fo=0)                   0.000    16.075    SEG7_seg[3]
    K13                                                               r  SEG7_seg[3] (OUT)
  -------------------------------------------------------------------    -------------------

Slack:                    inf
  Source:                 count_reg[19]/C
                            (rising edge-triggered cell FDRE clocked by sys_clk_pin  {rise@0.000ns fall@5.000ns period=10.000ns})
  Destination:            SEG7_seg[0]
                            (output port)
  Path Group:             (none)
  Path Type:              Max at Slow Process Corner
  Data Path Delay:        10.617ns  (logic 4.477ns (42.171%)  route 6.140ns (57.829%))
  Logic Levels:           3  (LUT4=1 LUT6=1 OBUF=1)
  Clock Uncertainty:      0.025ns  ((TSJ^2 + TIJ^2)^1/2 + DJ) / 2 + PE
    Total System Jitter     (TSJ):    0.050ns
    Total Input Jitter      (TIJ):    0.000ns
    Discrete Jitter          (DJ):    0.000ns
    Phase Error              (PE):    0.000ns

    Location             Delay type                Incr(ns)  Path(ns)    Netlist Resource(s)
  -------------------------------------------------------------------    -------------------
                         (clock sys_clk_pin rise edge)
                                                      0.000     0.000 r  
    E3                                                0.000     0.000 r  clk_in (IN)
                         net (fo=0)                   0.000     0.000    clk_in
    E3                   IBUF (Prop_ibuf_I_O)         1.482     1.482 r  clk_in_IBUF_inst/O
                         net (fo=1, routed)           2.025     3.506    clk_in_IBUF
    BUFGCTRL_X0Y16       BUFG (Prop_bufg_I_O)         0.096     3.602 r  clk_in_IBUF_BUFG_inst/O
                         net (fo=38, routed)          1.639     5.242    clk_in_IBUF_BUFG
    SLICE_X40Y55         FDRE                                         r  count_reg[19]/C
  -------------------------------------------------------------------    -------------------
    SLICE_X40Y55         FDRE (Prop_fdre_C_Q)         0.456     5.698 r  count_reg[19]/Q
                         net (fo=10, routed)          1.452     7.150    add_sl/dig[2]
    SLICE_X36Y53         LUT6 (Prop_lut6_I4_O)        0.124     7.274 r  add_sl/SEG7_seg_OBUF[6]_inst_i_4/O
                         net (fo=7, routed)           1.014     8.288    add_sl/SEG7_seg_OBUF[6]_inst_i_4_n_0
    SLICE_X34Y54         LUT4 (Prop_lut4_I1_O)        0.153     8.441 r  add_sl/SEG7_seg_OBUF[0]_inst_i_1/O
                         net (fo=1, routed)           3.673    12.114    SEG7_seg_OBUF[0]
    L18                  OBUF (Prop_obuf_I_O)         3.744    15.859 r  SEG7_seg_OBUF[0]_inst/O
                         net (fo=0)                   0.000    15.859    SEG7_seg[0]
    L18                                                               r  SEG7_seg[0] (OUT)
  -------------------------------------------------------------------    -------------------

Slack:                    inf
  Source:                 count_reg[19]/C
                            (rising edge-triggered cell FDRE clocked by sys_clk_pin  {rise@0.000ns fall@5.000ns period=10.000ns})
  Destination:            SEG7_seg[4]
                            (output port)
  Path Group:             (none)
  Path Type:              Max at Slow Process Corner
  Data Path Delay:        10.554ns  (logic 4.197ns (39.767%)  route 6.357ns (60.233%))
  Logic Levels:           3  (LUT4=1 LUT6=1 OBUF=1)
  Clock Uncertainty:      0.025ns  ((TSJ^2 + TIJ^2)^1/2 + DJ) / 2 + PE
    Total System Jitter     (TSJ):    0.050ns
    Total Input Jitter      (TIJ):    0.000ns
    Discrete Jitter          (DJ):    0.000ns
    Phase Error              (PE):    0.000ns

    Location             Delay type                Incr(ns)  Path(ns)    Netlist Resource(s)
  -------------------------------------------------------------------    -------------------
                         (clock sys_clk_pin rise edge)
                                                      0.000     0.000 r  
    E3                                                0.000     0.000 r  clk_in (IN)
                         net (fo=0)                   0.000     0.000    clk_in
    E3                   IBUF (Prop_ibuf_I_O)         1.482     1.482 r  clk_in_IBUF_inst/O
                         net (fo=1, routed)           2.025     3.506    clk_in_IBUF
    BUFGCTRL_X0Y16       BUFG (Prop_bufg_I_O)         0.096     3.602 r  clk_in_IBUF_BUFG_inst/O
                         net (fo=38, routed)          1.639     5.242    clk_in_IBUF_BUFG
    SLICE_X40Y55         FDRE                                         r  count_reg[19]/C
  -------------------------------------------------------------------    -------------------
    SLICE_X40Y55         FDRE (Prop_fdre_C_Q)         0.456     5.698 r  count_reg[19]/Q
                         net (fo=10, routed)          1.460     7.157    add_sl/dig[2]
    SLICE_X36Y53         LUT6 (Prop_lut6_I4_O)        0.124     7.281 f  add_sl/SEG7_seg_OBUF[6]_inst_i_2/O
                         net (fo=7, routed)           0.989     8.271    add_sl/SEG7_seg_OBUF[6]_inst_i_2_n_0
    SLICE_X34Y54         LUT4 (Prop_lut4_I3_O)        0.124     8.395 r  add_sl/SEG7_seg_OBUF[4]_inst_i_1/O
                         net (fo=1, routed)           3.908    12.303    SEG7_seg_OBUF[4]
    K16                  OBUF (Prop_obuf_I_O)         3.493    15.796 r  SEG7_seg_OBUF[4]_inst/O
                         net (fo=0)                   0.000    15.796    SEG7_seg[4]
    K16                                                               r  SEG7_seg[4] (OUT)
  -------------------------------------------------------------------    -------------------

Slack:                    inf
  Source:                 count_reg[19]/C
                            (rising edge-triggered cell FDRE clocked by sys_clk_pin  {rise@0.000ns fall@5.000ns period=10.000ns})
  Destination:            SEG7_seg[2]
                            (output port)
  Path Group:             (none)
  Path Type:              Max at Slow Process Corner
  Data Path Delay:        9.890ns  (logic 4.238ns (42.848%)  route 5.652ns (57.152%))
  Logic Levels:           3  (LUT4=1 LUT6=1 OBUF=1)
  Clock Uncertainty:      0.025ns  ((TSJ^2 + TIJ^2)^1/2 + DJ) / 2 + PE
    Total System Jitter     (TSJ):    0.050ns
    Total Input Jitter      (TIJ):    0.000ns
    Discrete Jitter          (DJ):    0.000ns
    Phase Error              (PE):    0.000ns

    Location             Delay type                Incr(ns)  Path(ns)    Netlist Resource(s)
  -------------------------------------------------------------------    -------------------
                         (clock sys_clk_pin rise edge)
                                                      0.000     0.000 r  
    E3                                                0.000     0.000 r  clk_in (IN)
                         net (fo=0)                   0.000     0.000    clk_in
    E3                   IBUF (Prop_ibuf_I_O)         1.482     1.482 r  clk_in_IBUF_inst/O
                         net (fo=1, routed)           2.025     3.506    clk_in_IBUF
    BUFGCTRL_X0Y16       BUFG (Prop_bufg_I_O)         0.096     3.602 r  clk_in_IBUF_BUFG_inst/O
                         net (fo=38, routed)          1.639     5.242    clk_in_IBUF_BUFG
    SLICE_X40Y55         FDRE                                         r  count_reg[19]/C
  -------------------------------------------------------------------    -------------------
    SLICE_X40Y55         FDRE (Prop_fdre_C_Q)         0.456     5.698 r  count_reg[19]/Q
                         net (fo=10, routed)          1.452     7.150    add_sl/dig[2]
    SLICE_X36Y53         LUT6 (Prop_lut6_I4_O)        0.124     7.274 r  add_sl/SEG7_seg_OBUF[6]_inst_i_4/O
                         net (fo=7, routed)           1.014     8.288    add_sl/SEG7_seg_OBUF[6]_inst_i_4_n_0
    SLICE_X34Y54         LUT4 (Prop_lut4_I2_O)        0.124     8.412 r  add_sl/SEG7_seg_OBUF[2]_inst_i_1/O
                         net (fo=1, routed)           3.186    11.598    SEG7_seg_OBUF[2]
    P15                  OBUF (Prop_obuf_I_O)         3.534    15.131 r  SEG7_seg_OBUF[2]_inst/O
                         net (fo=0)                   0.000    15.131    SEG7_seg[2]
    P15                                                               r  SEG7_seg[2] (OUT)
  -------------------------------------------------------------------    -------------------

Slack:                    inf
  Source:                 count_reg[18]/C
                            (rising edge-triggered cell FDRE clocked by sys_clk_pin  {rise@0.000ns fall@5.000ns period=10.000ns})
  Destination:            SEG7_anode[3]
                            (output port)
  Path Group:             (none)
  Path Type:              Max at Slow Process Corner
  Data Path Delay:        9.854ns  (logic 4.382ns (44.472%)  route 5.471ns (55.528%))
  Logic Levels:           2  (LUT3=1 OBUF=1)
  Clock Uncertainty:      0.025ns  ((TSJ^2 + TIJ^2)^1/2 + DJ) / 2 + PE
    Total System Jitter     (TSJ):    0.050ns
    Total Input Jitter      (TIJ):    0.000ns
    Discrete Jitter          (DJ):    0.000ns
    Phase Error              (PE):    0.000ns

    Location             Delay type                Incr(ns)  Path(ns)    Netlist Resource(s)
  -------------------------------------------------------------------    -------------------
                         (clock sys_clk_pin rise edge)
                                                      0.000     0.000 r  
    E3                                                0.000     0.000 r  clk_in (IN)
                         net (fo=0)                   0.000     0.000    clk_in
    E3                   IBUF (Prop_ibuf_I_O)         1.482     1.482 r  clk_in_IBUF_inst/O
                         net (fo=1, routed)           2.025     3.506    clk_in_IBUF
    BUFGCTRL_X0Y16       BUFG (Prop_bufg_I_O)         0.096     3.602 r  clk_in_IBUF_BUFG_inst/O
                         net (fo=38, routed)          1.639     5.242    clk_in_IBUF_BUFG
    SLICE_X40Y55         FDRE                                         r  count_reg[18]/C
  -------------------------------------------------------------------    -------------------
    SLICE_X40Y55         FDRE (Prop_fdre_C_Q)         0.456     5.698 f  count_reg[18]/Q
                         net (fo=10, routed)          1.152     6.850    dig[1]
    SLICE_X34Y54         LUT3 (Prop_lut3_I2_O)        0.150     7.000 r  SEG7_anode_OBUF[3]_inst_i_1/O
                         net (fo=1, routed)           4.319    11.319    SEG7_anode_OBUF[3]
    J14                  OBUF (Prop_obuf_I_O)         3.776    15.095 r  SEG7_anode_OBUF[3]_inst/O
                         net (fo=0)                   0.000    15.095    SEG7_anode[3]
    J14                                                               r  SEG7_anode[3] (OUT)
  -------------------------------------------------------------------    -------------------

Slack:                    inf
  Source:                 count_reg[18]/C
                            (rising edge-triggered cell FDRE clocked by sys_clk_pin  {rise@0.000ns fall@5.000ns period=10.000ns})
  Destination:            SEG7_anode[0]
                            (output port)
  Path Group:             (none)
  Path Type:              Max at Slow Process Corner
  Data Path Delay:        9.596ns  (logic 4.344ns (45.264%)  route 5.252ns (54.736%))
  Logic Levels:           2  (LUT3=1 OBUF=1)
  Clock Uncertainty:      0.025ns  ((TSJ^2 + TIJ^2)^1/2 + DJ) / 2 + PE
    Total System Jitter     (TSJ):    0.050ns
    Total Input Jitter      (TIJ):    0.000ns
    Discrete Jitter          (DJ):    0.000ns
    Phase Error              (PE):    0.000ns

    Location             Delay type                Incr(ns)  Path(ns)    Netlist Resource(s)
  -------------------------------------------------------------------    -------------------
                         (clock sys_clk_pin rise edge)
                                                      0.000     0.000 r  
    E3                                                0.000     0.000 r  clk_in (IN)
                         net (fo=0)                   0.000     0.000    clk_in
    E3                   IBUF (Prop_ibuf_I_O)         1.482     1.482 r  clk_in_IBUF_inst/O
                         net (fo=1, routed)           2.025     3.506    clk_in_IBUF
    BUFGCTRL_X0Y16       BUFG (Prop_bufg_I_O)         0.096     3.602 r  clk_in_IBUF_BUFG_inst/O
                         net (fo=38, routed)          1.639     5.242    clk_in_IBUF_BUFG
    SLICE_X40Y55         FDRE                                         r  count_reg[18]/C
  -------------------------------------------------------------------    -------------------
    SLICE_X40Y55         FDRE (Prop_fdre_C_Q)         0.456     5.698 r  count_reg[18]/Q
                         net (fo=10, routed)          1.154     6.852    dig[1]
    SLICE_X34Y54         LUT3 (Prop_lut3_I2_O)        0.148     7.000 r  SEG7_anode_OBUF[0]_inst_i_1/O
                         net (fo=1, routed)           4.098    11.098    SEG7_anode_OBUF[0]
    J17                  OBUF (Prop_obuf_I_O)         3.740    14.838 r  SEG7_anode_OBUF[0]_inst/O
                         net (fo=0)                   0.000    14.838    SEG7_anode[0]
    J17                                                               r  SEG7_anode[0] (OUT)
  -------------------------------------------------------------------    -------------------

Slack:                    inf
  Source:                 count_reg[19]/C
                            (rising edge-triggered cell FDRE clocked by sys_clk_pin  {rise@0.000ns fall@5.000ns period=10.000ns})
  Destination:            SEG7_seg[5]
                            (output port)
  Path Group:             (none)
  Path Type:              Max at Slow Process Corner
  Data Path Delay:        9.594ns  (logic 4.485ns (46.753%)  route 5.108ns (53.247%))
  Logic Levels:           3  (LUT4=1 LUT6=1 OBUF=1)
  Clock Uncertainty:      0.025ns  ((TSJ^2 + TIJ^2)^1/2 + DJ) / 2 + PE
    Total System Jitter     (TSJ):    0.050ns
    Total Input Jitter      (TIJ):    0.000ns
    Discrete Jitter          (DJ):    0.000ns
    Phase Error              (PE):    0.000ns

    Location             Delay type                Incr(ns)  Path(ns)    Netlist Resource(s)
  -------------------------------------------------------------------    -------------------
                         (clock sys_clk_pin rise edge)
                                                      0.000     0.000 r  
    E3                                                0.000     0.000 r  clk_in (IN)
                         net (fo=0)                   0.000     0.000    clk_in
    E3                   IBUF (Prop_ibuf_I_O)         1.482     1.482 r  clk_in_IBUF_inst/O
                         net (fo=1, routed)           2.025     3.506    clk_in_IBUF
    BUFGCTRL_X0Y16       BUFG (Prop_bufg_I_O)         0.096     3.602 r  clk_in_IBUF_BUFG_inst/O
                         net (fo=38, routed)          1.639     5.242    clk_in_IBUF_BUFG
    SLICE_X40Y55         FDRE                                         r  count_reg[19]/C
  -------------------------------------------------------------------    -------------------
    SLICE_X40Y55         FDRE (Prop_fdre_C_Q)         0.456     5.698 r  count_reg[19]/Q
                         net (fo=10, routed)          1.452     7.150    add_sl/dig[2]
    SLICE_X36Y53         LUT6 (Prop_lut6_I4_O)        0.124     7.274 f  add_sl/SEG7_seg_OBUF[6]_inst_i_4/O
                         net (fo=7, routed)           0.818     8.092    add_sl/SEG7_seg_OBUF[6]_inst_i_4_n_0
    SLICE_X34Y53         LUT4 (Prop_lut4_I3_O)        0.146     8.238 r  add_sl/SEG7_seg_OBUF[5]_inst_i_1/O
                         net (fo=1, routed)           2.838    11.076    SEG7_seg_OBUF[5]
    R10                  OBUF (Prop_obuf_I_O)         3.759    14.836 r  SEG7_seg_OBUF[5]_inst/O
                         net (fo=0)                   0.000    14.836    SEG7_seg[5]
    R10                                                               r  SEG7_seg[5] (OUT)
  -------------------------------------------------------------------    -------------------

Slack:                    inf
  Source:                 shippos_reg[6]/C
                            (rising edge-triggered cell FDRE clocked by sys_clk_pin  {rise@0.000ns fall@5.000ns period=10.000ns})
  Destination:            add_sl/alien_laser_y_reg[5]/CE
  Path Group:             (none)
  Path Type:              Max at Slow Process Corner
  Data Path Delay:        9.483ns  (logic 2.238ns (23.600%)  route 7.245ns (76.400%))
  Logic Levels:           8  (CARRY4=1 LUT3=1 LUT4=1 LUT5=3 LUT6=2)
  Clock Uncertainty:      0.025ns  ((TSJ^2 + TIJ^2)^1/2 + DJ) / 2 + PE
    Total System Jitter     (TSJ):    0.050ns
    Total Input Jitter      (TIJ):    0.000ns
    Discrete Jitter          (DJ):    0.000ns
    Phase Error              (PE):    0.000ns

    Location             Delay type                Incr(ns)  Path(ns)    Netlist Resource(s)
  -------------------------------------------------------------------    -------------------
                         (clock sys_clk_pin rise edge)
                                                      0.000     0.000 r  
    E3                                                0.000     0.000 r  clk_in (IN)
                         net (fo=0)                   0.000     0.000    clk_in
    E3                   IBUF (Prop_ibuf_I_O)         1.482     1.482 r  clk_in_IBUF_inst/O
                         net (fo=1, routed)           2.025     3.506    clk_in_IBUF
    BUFGCTRL_X0Y16       BUFG (Prop_bufg_I_O)         0.096     3.602 r  clk_in_IBUF_BUFG_inst/O
                         net (fo=38, routed)          1.632     5.235    clk_in_IBUF_BUFG
    SLICE_X44Y61         FDRE                                         r  shippos_reg[6]/C
  -------------------------------------------------------------------    -------------------
    SLICE_X44Y61         FDRE (Prop_fdre_C_Q)         0.456     5.691 r  shippos_reg[6]/Q
                         net (fo=37, routed)          1.449     7.139    add_sl/laser_x_reg[10]_0[6]
    SLICE_X50Y55         LUT5 (Prop_lut5_I0_O)        0.146     7.285 r  add_sl/lives[0]_i_52/O
                         net (fo=4, routed)           0.820     8.105    add_sl/lives[0]_i_52_n_0
    SLICE_X49Y55         LUT5 (Prop_lut5_I3_O)        0.328     8.433 r  add_sl/lives[0]_i_34/O
                         net (fo=1, routed)           0.000     8.433    add_sl/lives[0]_i_34_n_0
    SLICE_X49Y55         CARRY4 (Prop_carry4_S[0]_CO[1])
                                                      0.457     8.890 f  add_sl/lives_reg[0]_i_22/CO[1]
                         net (fo=1, routed)           0.724     9.615    add_sl/leqOp2398_in
    SLICE_X52Y57         LUT6 (Prop_lut6_I2_O)        0.329     9.944 r  add_sl/lives[0]_i_15/O
                         net (fo=1, routed)           1.027    10.971    add_sl/lives[0]_i_15_n_0
    SLICE_X58Y57         LUT5 (Prop_lut5_I3_O)        0.124    11.095 f  add_sl/lives[0]_i_7/O
                         net (fo=2, routed)           0.702    11.797    add_sl/lives[0]_i_7_n_0
    SLICE_X57Y58         LUT6 (Prop_lut6_I5_O)        0.124    11.921 f  add_sl/enemy_laser_inbound_i_2/O
                         net (fo=2, routed)           0.840    12.761    add_sl/enemy_laser_inbound_i_2_n_0
    SLICE_X59Y58         LUT3 (Prop_lut3_I2_O)        0.124    12.885 r  add_sl/alien_laser_y[10]_i_4/O
                         net (fo=12, routed)          0.717    13.602    add_sl/alien_laser_y[10]_i_4_n_0
    SLICE_X59Y58         LUT4 (Prop_lut4_I3_O)        0.150    13.752 r  add_sl/alien_laser_y[10]_i_1/O
                         net (fo=11, routed)          0.966    14.718    add_sl/alien_laser_y[10]_i_1_n_0
    SLICE_X52Y57         FDRE                                         r  add_sl/alien_laser_y_reg[5]/CE
  -------------------------------------------------------------------    -------------------

Slack:                    inf
  Source:                 count_reg[19]/C
                            (rising edge-triggered cell FDRE clocked by sys_clk_pin  {rise@0.000ns fall@5.000ns period=10.000ns})
  Destination:            SEG7_seg[6]
                            (output port)
  Path Group:             (none)
  Path Type:              Max at Slow Process Corner
  Data Path Delay:        9.368ns  (logic 4.533ns (48.388%)  route 4.835ns (51.612%))
  Logic Levels:           3  (LUT4=1 LUT6=1 OBUF=1)
  Clock Uncertainty:      0.025ns  ((TSJ^2 + TIJ^2)^1/2 + DJ) / 2 + PE
    Total System Jitter     (TSJ):    0.050ns
    Total Input Jitter      (TIJ):    0.000ns
    Discrete Jitter          (DJ):    0.000ns
    Phase Error              (PE):    0.000ns

    Location             Delay type                Incr(ns)  Path(ns)    Netlist Resource(s)
  -------------------------------------------------------------------    -------------------
                         (clock sys_clk_pin rise edge)
                                                      0.000     0.000 r  
    E3                                                0.000     0.000 r  clk_in (IN)
                         net (fo=0)                   0.000     0.000    clk_in
    E3                   IBUF (Prop_ibuf_I_O)         1.482     1.482 r  clk_in_IBUF_inst/O
                         net (fo=1, routed)           2.025     3.506    clk_in_IBUF
    BUFGCTRL_X0Y16       BUFG (Prop_bufg_I_O)         0.096     3.602 r  clk_in_IBUF_BUFG_inst/O
                         net (fo=38, routed)          1.639     5.242    clk_in_IBUF_BUFG
    SLICE_X40Y55         FDRE                                         r  count_reg[19]/C
  -------------------------------------------------------------------    -------------------
    SLICE_X40Y55         FDRE (Prop_fdre_C_Q)         0.456     5.698 r  count_reg[19]/Q
                         net (fo=10, routed)          1.460     7.157    add_sl/dig[2]
    SLICE_X36Y53         LUT6 (Prop_lut6_I4_O)        0.124     7.281 r  add_sl/SEG7_seg_OBUF[6]_inst_i_2/O
                         net (fo=7, routed)           0.805     8.087    add_sl/SEG7_seg_OBUF[6]_inst_i_2_n_0
    SLICE_X34Y53         LUT4 (Prop_lut4_I0_O)        0.152     8.239 r  add_sl/SEG7_seg_OBUF[6]_inst_i_1/O
                         net (fo=1, routed)           2.570    10.809    SEG7_seg_OBUF[6]
    T10                  OBUF (Prop_obuf_I_O)         3.801    14.610 r  SEG7_seg_OBUF[6]_inst/O
                         net (fo=0)                   0.000    14.610    SEG7_seg[6]
    T10                                                               r  SEG7_seg[6] (OUT)
  -------------------------------------------------------------------    -------------------

Slack:                    inf
  Source:                 count_reg[19]/C
                            (rising edge-triggered cell FDRE clocked by sys_clk_pin  {rise@0.000ns fall@5.000ns period=10.000ns})
  Destination:            SEG7_seg[1]
                            (output port)
  Path Group:             (none)
  Path Type:              Max at Slow Process Corner
  Data Path Delay:        9.328ns  (logic 4.265ns (45.717%)  route 5.064ns (54.283%))
  Logic Levels:           3  (LUT4=1 LUT6=1 OBUF=1)
  Clock Uncertainty:      0.025ns  ((TSJ^2 + TIJ^2)^1/2 + DJ) / 2 + PE
    Total System Jitter     (TSJ):    0.050ns
    Total Input Jitter      (TIJ):    0.000ns
    Discrete Jitter          (DJ):    0.000ns
    Phase Error              (PE):    0.000ns

    Location             Delay type                Incr(ns)  Path(ns)    Netlist Resource(s)
  -------------------------------------------------------------------    -------------------
                         (clock sys_clk_pin rise edge)
                                                      0.000     0.000 r  
    E3                                                0.000     0.000 r  clk_in (IN)
                         net (fo=0)                   0.000     0.000    clk_in
    E3                   IBUF (Prop_ibuf_I_O)         1.482     1.482 r  clk_in_IBUF_inst/O
                         net (fo=1, routed)           2.025     3.506    clk_in_IBUF
    BUFGCTRL_X0Y16       BUFG (Prop_bufg_I_O)         0.096     3.602 r  clk_in_IBUF_BUFG_inst/O
                         net (fo=38, routed)          1.639     5.242    clk_in_IBUF_BUFG
    SLICE_X40Y55         FDRE                                         r  count_reg[19]/C
  -------------------------------------------------------------------    -------------------
    SLICE_X40Y55         FDRE (Prop_fdre_C_Q)         0.456     5.698 r  count_reg[19]/Q
                         net (fo=10, routed)          1.452     7.150    add_sl/dig[2]
    SLICE_X36Y53         LUT6 (Prop_lut6_I4_O)        0.124     7.274 r  add_sl/SEG7_seg_OBUF[6]_inst_i_4/O
                         net (fo=7, routed)           0.818     8.092    add_sl/SEG7_seg_OBUF[6]_inst_i_4_n_0
    SLICE_X34Y53         LUT4 (Prop_lut4_I0_O)        0.124     8.216 r  add_sl/SEG7_seg_OBUF[1]_inst_i_1/O
                         net (fo=1, routed)           2.793    11.009    SEG7_seg_OBUF[1]
    T11                  OBUF (Prop_obuf_I_O)         3.561    14.570 r  SEG7_seg_OBUF[1]_inst/O
                         net (fo=0)                   0.000    14.570    SEG7_seg[1]
    T11                                                               r  SEG7_seg[1] (OUT)
  -------------------------------------------------------------------    -------------------





Min Delay Paths
--------------------------------------------------------------------------------------
Slack:                    inf
  Source:                 shippos_reg[0]/C
                            (rising edge-triggered cell FDRE clocked by sys_clk_pin  {rise@0.000ns fall@5.000ns period=10.000ns})
  Destination:            add_sl/laser_x_reg[0]/D
  Path Group:             (none)
  Path Type:              Min at Fast Process Corner
  Data Path Delay:        0.435ns  (logic 0.141ns (32.436%)  route 0.294ns (67.564%))
  Logic Levels:           0  
  Clock Uncertainty:      0.025ns  ((TSJ^2 + TIJ^2)^1/2 + DJ) / 2 + PE
    Total System Jitter     (TSJ):    0.050ns
    Total Input Jitter      (TIJ):    0.000ns
    Discrete Jitter          (DJ):    0.000ns
    Phase Error              (PE):    0.000ns

    Location             Delay type                Incr(ns)  Path(ns)    Netlist Resource(s)
  -------------------------------------------------------------------    -------------------
                         (clock sys_clk_pin rise edge)
                                                      0.000     0.000 r  
    E3                                                0.000     0.000 r  clk_in (IN)
                         net (fo=0)                   0.000     0.000    clk_in
    E3                   IBUF (Prop_ibuf_I_O)         0.250     0.250 r  clk_in_IBUF_inst/O
                         net (fo=1, routed)           0.644     0.894    clk_in_IBUF
    BUFGCTRL_X0Y16       BUFG (Prop_bufg_I_O)         0.026     0.920 r  clk_in_IBUF_BUFG_inst/O
                         net (fo=38, routed)          0.563     1.482    clk_in_IBUF_BUFG
    SLICE_X51Y60         FDRE                                         r  shippos_reg[0]/C
  -------------------------------------------------------------------    -------------------
    SLICE_X51Y60         FDRE (Prop_fdre_C_Q)         0.141     1.623 r  shippos_reg[0]/Q
                         net (fo=7, routed)           0.294     1.917    add_sl/laser_x_reg[10]_0[0]
    SLICE_X49Y54         FDRE                                         r  add_sl/laser_x_reg[0]/D
  -------------------------------------------------------------------    -------------------

Slack:                    inf
  Source:                 shippos_reg[6]/C
                            (rising edge-triggered cell FDRE clocked by sys_clk_pin  {rise@0.000ns fall@5.000ns period=10.000ns})
  Destination:            add_sl/laser_x_reg[6]/D
  Path Group:             (none)
  Path Type:              Min at Fast Process Corner
  Data Path Delay:        0.587ns  (logic 0.141ns (24.013%)  route 0.446ns (75.987%))
  Logic Levels:           0  
  Clock Uncertainty:      0.025ns  ((TSJ^2 + TIJ^2)^1/2 + DJ) / 2 + PE
    Total System Jitter     (TSJ):    0.050ns
    Total Input Jitter      (TIJ):    0.000ns
    Discrete Jitter          (DJ):    0.000ns
    Phase Error              (PE):    0.000ns

    Location             Delay type                Incr(ns)  Path(ns)    Netlist Resource(s)
  -------------------------------------------------------------------    -------------------
                         (clock sys_clk_pin rise edge)
                                                      0.000     0.000 r  
    E3                                                0.000     0.000 r  clk_in (IN)
                         net (fo=0)                   0.000     0.000    clk_in
    E3                   IBUF (Prop_ibuf_I_O)         0.250     0.250 r  clk_in_IBUF_inst/O
                         net (fo=1, routed)           0.644     0.894    clk_in_IBUF
    BUFGCTRL_X0Y16       BUFG (Prop_bufg_I_O)         0.026     0.920 r  clk_in_IBUF_BUFG_inst/O
                         net (fo=38, routed)          0.566     1.485    clk_in_IBUF_BUFG
    SLICE_X44Y61         FDRE                                         r  shippos_reg[6]/C
  -------------------------------------------------------------------    -------------------
    SLICE_X44Y61         FDRE (Prop_fdre_C_Q)         0.141     1.626 r  shippos_reg[6]/Q
                         net (fo=37, routed)          0.446     2.072    add_sl/laser_x_reg[10]_0[6]
    SLICE_X49Y54         FDRE                                         r  add_sl/laser_x_reg[6]/D
  -------------------------------------------------------------------    -------------------

Slack:                    inf
  Source:                 shippos_reg[7]/C
                            (rising edge-triggered cell FDRE clocked by sys_clk_pin  {rise@0.000ns fall@5.000ns period=10.000ns})
  Destination:            add_sl/laser_x_reg[7]/D
  Path Group:             (none)
  Path Type:              Min at Fast Process Corner
  Data Path Delay:        0.638ns  (logic 0.141ns (22.100%)  route 0.497ns (77.900%))
  Logic Levels:           0  
  Clock Uncertainty:      0.025ns  ((TSJ^2 + TIJ^2)^1/2 + DJ) / 2 + PE
    Total System Jitter     (TSJ):    0.050ns
    Total Input Jitter      (TIJ):    0.000ns
    Discrete Jitter          (DJ):    0.000ns
    Phase Error              (PE):    0.000ns

    Location             Delay type                Incr(ns)  Path(ns)    Netlist Resource(s)
  -------------------------------------------------------------------    -------------------
                         (clock sys_clk_pin rise edge)
                                                      0.000     0.000 r  
    E3                                                0.000     0.000 r  clk_in (IN)
                         net (fo=0)                   0.000     0.000    clk_in
    E3                   IBUF (Prop_ibuf_I_O)         0.250     0.250 r  clk_in_IBUF_inst/O
                         net (fo=1, routed)           0.644     0.894    clk_in_IBUF
    BUFGCTRL_X0Y16       BUFG (Prop_bufg_I_O)         0.026     0.920 r  clk_in_IBUF_BUFG_inst/O
                         net (fo=38, routed)          0.564     1.483    clk_in_IBUF_BUFG
    SLICE_X47Y61         FDRE                                         r  shippos_reg[7]/C
  -------------------------------------------------------------------    -------------------
    SLICE_X47Y61         FDRE (Prop_fdre_C_Q)         0.141     1.624 r  shippos_reg[7]/Q
                         net (fo=37, routed)          0.497     2.121    add_sl/laser_x_reg[10]_0[7]
    SLICE_X49Y54         FDRE                                         r  add_sl/laser_x_reg[7]/D
  -------------------------------------------------------------------    -------------------

Slack:                    inf
  Source:                 shippos_reg[4]/C
                            (rising edge-triggered cell FDRE clocked by sys_clk_pin  {rise@0.000ns fall@5.000ns period=10.000ns})
  Destination:            add_sl/laser_x_reg[4]/D
  Path Group:             (none)
  Path Type:              Min at Fast Process Corner
  Data Path Delay:        0.669ns  (logic 0.141ns (21.070%)  route 0.528ns (78.930%))
  Logic Levels:           0  
  Clock Uncertainty:      0.025ns  ((TSJ^2 + TIJ^2)^1/2 + DJ) / 2 + PE
    Total System Jitter     (TSJ):    0.050ns
    Total Input Jitter      (TIJ):    0.000ns
    Discrete Jitter          (DJ):    0.000ns
    Phase Error              (PE):    0.000ns

    Location             Delay type                Incr(ns)  Path(ns)    Netlist Resource(s)
  -------------------------------------------------------------------    -------------------
                         (clock sys_clk_pin rise edge)
                                                      0.000     0.000 r  
    E3                                                0.000     0.000 r  clk_in (IN)
                         net (fo=0)                   0.000     0.000    clk_in
    E3                   IBUF (Prop_ibuf_I_O)         0.250     0.250 r  clk_in_IBUF_inst/O
                         net (fo=1, routed)           0.644     0.894    clk_in_IBUF
    BUFGCTRL_X0Y16       BUFG (Prop_bufg_I_O)         0.026     0.920 r  clk_in_IBUF_BUFG_inst/O
                         net (fo=38, routed)          0.563     1.482    clk_in_IBUF_BUFG
    SLICE_X51Y61         FDRE                                         r  shippos_reg[4]/C
  -------------------------------------------------------------------    -------------------
    SLICE_X51Y61         FDRE (Prop_fdre_C_Q)         0.141     1.623 r  shippos_reg[4]/Q
                         net (fo=37, routed)          0.528     2.152    add_sl/laser_x_reg[10]_0[4]
    SLICE_X48Y54         FDRE                                         r  add_sl/laser_x_reg[4]/D
  -------------------------------------------------------------------    -------------------

Slack:                    inf
  Source:                 shippos_reg[8]/C
                            (rising edge-triggered cell FDRE clocked by sys_clk_pin  {rise@0.000ns fall@5.000ns period=10.000ns})
  Destination:            add_sl/laser_x_reg[8]/D
  Path Group:             (none)
  Path Type:              Min at Fast Process Corner
  Data Path Delay:        0.692ns  (logic 0.141ns (20.390%)  route 0.551ns (79.610%))
  Logic Levels:           0  
  Clock Uncertainty:      0.025ns  ((TSJ^2 + TIJ^2)^1/2 + DJ) / 2 + PE
    Total System Jitter     (TSJ):    0.050ns
    Total Input Jitter      (TIJ):    0.000ns
    Discrete Jitter          (DJ):    0.000ns
    Phase Error              (PE):    0.000ns

    Location             Delay type                Incr(ns)  Path(ns)    Netlist Resource(s)
  -------------------------------------------------------------------    -------------------
                         (clock sys_clk_pin rise edge)
                                                      0.000     0.000 r  
    E3                                                0.000     0.000 r  clk_in (IN)
                         net (fo=0)                   0.000     0.000    clk_in
    E3                   IBUF (Prop_ibuf_I_O)         0.250     0.250 r  clk_in_IBUF_inst/O
                         net (fo=1, routed)           0.644     0.894    clk_in_IBUF
    BUFGCTRL_X0Y16       BUFG (Prop_bufg_I_O)         0.026     0.920 r  clk_in_IBUF_BUFG_inst/O
                         net (fo=38, routed)          0.563     1.482    clk_in_IBUF_BUFG
    SLICE_X47Y62         FDRE                                         r  shippos_reg[8]/C
  -------------------------------------------------------------------    -------------------
    SLICE_X47Y62         FDRE (Prop_fdre_C_Q)         0.141     1.623 r  shippos_reg[8]/Q
                         net (fo=40, routed)          0.551     2.174    add_sl/laser_x_reg[10]_0[8]
    SLICE_X45Y54         FDRE                                         r  add_sl/laser_x_reg[8]/D
  -------------------------------------------------------------------    -------------------

Slack:                    inf
  Source:                 shippos_reg[5]/C
                            (rising edge-triggered cell FDRE clocked by sys_clk_pin  {rise@0.000ns fall@5.000ns period=10.000ns})
  Destination:            add_sl/laser_x_reg[5]/D
  Path Group:             (none)
  Path Type:              Min at Fast Process Corner
  Data Path Delay:        0.742ns  (logic 0.141ns (19.004%)  route 0.601ns (80.996%))
  Logic Levels:           0  
  Clock Uncertainty:      0.025ns  ((TSJ^2 + TIJ^2)^1/2 + DJ) / 2 + PE
    Total System Jitter     (TSJ):    0.050ns
    Total Input Jitter      (TIJ):    0.000ns
    Discrete Jitter          (DJ):    0.000ns
    Phase Error              (PE):    0.000ns

    Location             Delay type                Incr(ns)  Path(ns)    Netlist Resource(s)
  -------------------------------------------------------------------    -------------------
                         (clock sys_clk_pin rise edge)
                                                      0.000     0.000 r  
    E3                                                0.000     0.000 r  clk_in (IN)
                         net (fo=0)                   0.000     0.000    clk_in
    E3                   IBUF (Prop_ibuf_I_O)         0.250     0.250 r  clk_in_IBUF_inst/O
                         net (fo=1, routed)           0.644     0.894    clk_in_IBUF
    BUFGCTRL_X0Y16       BUFG (Prop_bufg_I_O)         0.026     0.920 r  clk_in_IBUF_BUFG_inst/O
                         net (fo=38, routed)          0.564     1.483    clk_in_IBUF_BUFG
    SLICE_X48Y60         FDRE                                         r  shippos_reg[5]/C
  -------------------------------------------------------------------    -------------------
    SLICE_X48Y60         FDRE (Prop_fdre_C_Q)         0.141     1.624 r  shippos_reg[5]/Q
                         net (fo=43, routed)          0.601     2.225    add_sl/laser_x_reg[10]_0[5]
    SLICE_X48Y54         FDRE                                         r  add_sl/laser_x_reg[5]/D
  -------------------------------------------------------------------    -------------------

Slack:                    inf
  Source:                 shippos_reg[2]/C
                            (rising edge-triggered cell FDRE clocked by sys_clk_pin  {rise@0.000ns fall@5.000ns period=10.000ns})
  Destination:            add_sl/laser_x_reg[2]/D
  Path Group:             (none)
  Path Type:              Min at Fast Process Corner
  Data Path Delay:        0.758ns  (logic 0.141ns (18.598%)  route 0.617ns (81.402%))
  Logic Levels:           0  
  Clock Uncertainty:      0.025ns  ((TSJ^2 + TIJ^2)^1/2 + DJ) / 2 + PE
    Total System Jitter     (TSJ):    0.050ns
    Total Input Jitter      (TIJ):    0.000ns
    Discrete Jitter          (DJ):    0.000ns
    Phase Error              (PE):    0.000ns

    Location             Delay type                Incr(ns)  Path(ns)    Netlist Resource(s)
  -------------------------------------------------------------------    -------------------
                         (clock sys_clk_pin rise edge)
                                                      0.000     0.000 r  
    E3                                                0.000     0.000 r  clk_in (IN)
                         net (fo=0)                   0.000     0.000    clk_in
    E3                   IBUF (Prop_ibuf_I_O)         0.250     0.250 r  clk_in_IBUF_inst/O
                         net (fo=1, routed)           0.644     0.894    clk_in_IBUF
    BUFGCTRL_X0Y16       BUFG (Prop_bufg_I_O)         0.026     0.920 r  clk_in_IBUF_BUFG_inst/O
                         net (fo=38, routed)          0.564     1.483    clk_in_IBUF_BUFG
    SLICE_X51Y59         FDRE                                         r  shippos_reg[2]/C
  -------------------------------------------------------------------    -------------------
    SLICE_X51Y59         FDRE (Prop_fdre_C_Q)         0.141     1.624 r  shippos_reg[2]/Q
                         net (fo=35, routed)          0.617     2.241    add_sl/laser_x_reg[10]_0[2]
    SLICE_X48Y54         FDRE                                         r  add_sl/laser_x_reg[2]/D
  -------------------------------------------------------------------    -------------------

Slack:                    inf
  Source:                 shippos_reg[10]/C
                            (rising edge-triggered cell FDRE clocked by sys_clk_pin  {rise@0.000ns fall@5.000ns period=10.000ns})
  Destination:            add_sl/laser_x_reg[10]/D
  Path Group:             (none)
  Path Type:              Min at Fast Process Corner
  Data Path Delay:        0.792ns  (logic 0.141ns (17.813%)  route 0.651ns (82.187%))
  Logic Levels:           0  
  Clock Uncertainty:      0.025ns  ((TSJ^2 + TIJ^2)^1/2 + DJ) / 2 + PE
    Total System Jitter     (TSJ):    0.050ns
    Total Input Jitter      (TIJ):    0.000ns
    Discrete Jitter          (DJ):    0.000ns
    Phase Error              (PE):    0.000ns

    Location             Delay type                Incr(ns)  Path(ns)    Netlist Resource(s)
  -------------------------------------------------------------------    -------------------
                         (clock sys_clk_pin rise edge)
                                                      0.000     0.000 r  
    E3                                                0.000     0.000 r  clk_in (IN)
                         net (fo=0)                   0.000     0.000    clk_in
    E3                   IBUF (Prop_ibuf_I_O)         0.250     0.250 r  clk_in_IBUF_inst/O
                         net (fo=1, routed)           0.644     0.894    clk_in_IBUF
    BUFGCTRL_X0Y16       BUFG (Prop_bufg_I_O)         0.026     0.920 r  clk_in_IBUF_BUFG_inst/O
                         net (fo=38, routed)          0.563     1.482    clk_in_IBUF_BUFG
    SLICE_X51Y61         FDRE                                         r  shippos_reg[10]/C
  -------------------------------------------------------------------    -------------------
    SLICE_X51Y61         FDRE (Prop_fdre_C_Q)         0.141     1.623 r  shippos_reg[10]/Q
                         net (fo=24, routed)          0.651     2.274    add_sl/laser_x_reg[10]_0[10]
    SLICE_X48Y55         FDRE                                         r  add_sl/laser_x_reg[10]/D
  -------------------------------------------------------------------    -------------------

Slack:                    inf
  Source:                 shippos_reg[3]/C
                            (rising edge-triggered cell FDRE clocked by sys_clk_pin  {rise@0.000ns fall@5.000ns period=10.000ns})
  Destination:            add_sl/laser_x_reg[3]/D
  Path Group:             (none)
  Path Type:              Min at Fast Process Corner
  Data Path Delay:        0.803ns  (logic 0.141ns (17.554%)  route 0.662ns (82.446%))
  Logic Levels:           0  
  Clock Uncertainty:      0.025ns  ((TSJ^2 + TIJ^2)^1/2 + DJ) / 2 + PE
    Total System Jitter     (TSJ):    0.050ns
    Total Input Jitter      (TIJ):    0.000ns
    Discrete Jitter          (DJ):    0.000ns
    Phase Error              (PE):    0.000ns

    Location             Delay type                Incr(ns)  Path(ns)    Netlist Resource(s)
  -------------------------------------------------------------------    -------------------
                         (clock sys_clk_pin rise edge)
                                                      0.000     0.000 r  
    E3                                                0.000     0.000 r  clk_in (IN)
                         net (fo=0)                   0.000     0.000    clk_in
    E3                   IBUF (Prop_ibuf_I_O)         0.250     0.250 r  clk_in_IBUF_inst/O
                         net (fo=1, routed)           0.644     0.894    clk_in_IBUF
    BUFGCTRL_X0Y16       BUFG (Prop_bufg_I_O)         0.026     0.920 r  clk_in_IBUF_BUFG_inst/O
                         net (fo=38, routed)          0.565     1.484    clk_in_IBUF_BUFG
    SLICE_X47Y59         FDRE                                         r  shippos_reg[3]/C
  -------------------------------------------------------------------    -------------------
    SLICE_X47Y59         FDRE (Prop_fdre_C_Q)         0.141     1.625 r  shippos_reg[3]/Q
                         net (fo=43, routed)          0.662     2.288    add_sl/laser_x_reg[10]_0[3]
    SLICE_X48Y54         FDRE                                         r  add_sl/laser_x_reg[3]/D
  -------------------------------------------------------------------    -------------------

Slack:                    inf
  Source:                 shippos_reg[1]/C
                            (rising edge-triggered cell FDRE clocked by sys_clk_pin  {rise@0.000ns fall@5.000ns period=10.000ns})
  Destination:            add_sl/laser_x_reg[1]/D
  Path Group:             (none)
  Path Type:              Min at Fast Process Corner
  Data Path Delay:        0.825ns  (logic 0.141ns (17.100%)  route 0.684ns (82.900%))
  Logic Levels:           0  
  Clock Uncertainty:      0.025ns  ((TSJ^2 + TIJ^2)^1/2 + DJ) / 2 + PE
    Total System Jitter     (TSJ):    0.050ns
    Total Input Jitter      (TIJ):    0.000ns
    Discrete Jitter          (DJ):    0.000ns
    Phase Error              (PE):    0.000ns

    Location             Delay type                Incr(ns)  Path(ns)    Netlist Resource(s)
  -------------------------------------------------------------------    -------------------
                         (clock sys_clk_pin rise edge)
                                                      0.000     0.000 r  
    E3                                                0.000     0.000 r  clk_in (IN)
                         net (fo=0)                   0.000     0.000    clk_in
    E3                   IBUF (Prop_ibuf_I_O)         0.250     0.250 r  clk_in_IBUF_inst/O
                         net (fo=1, routed)           0.644     0.894    clk_in_IBUF
    BUFGCTRL_X0Y16       BUFG (Prop_bufg_I_O)         0.026     0.920 r  clk_in_IBUF_BUFG_inst/O
                         net (fo=38, routed)          0.563     1.482    clk_in_IBUF_BUFG
    SLICE_X51Y60         FDRE                                         r  shippos_reg[1]/C
  -------------------------------------------------------------------    -------------------
    SLICE_X51Y60         FDRE (Prop_fdre_C_Q)         0.141     1.623 r  shippos_reg[1]/Q
                         net (fo=40, routed)          0.684     2.307    add_sl/laser_x_reg[10]_0[1]
    SLICE_X48Y53         FDRE                                         r  add_sl/laser_x_reg[1]/D
  -------------------------------------------------------------------    -------------------





--------------------------------------------------------------------------------------
Path Group:  (none)
From Clock:  
  To Clock:  clk_out1_clk_wiz_0

Max Delay             3 Endpoints
Min Delay             3 Endpoints
--------------------------------------------------------------------------------------


Max Delay Paths
--------------------------------------------------------------------------------------
Slack:                    inf
  Source:                 add_sl/lose_reg/C
                            (rising edge-triggered cell FDRE)
  Destination:            vga_driver/blue_out_reg[3]/D
                            (rising edge-triggered cell FDRE clocked by clk_out1_clk_wiz_0  {rise@0.000ns fall@12.469ns period=24.938ns})
  Path Group:             (none)
  Path Type:              Setup (Max at Slow Process Corner)
  Data Path Delay:        15.501ns  (logic 1.926ns (12.425%)  route 13.575ns (87.575%))
  Logic Levels:           11  (FDRE=1 LUT4=2 LUT6=8)
  Clock Uncertainty:      0.178ns  ((TSJ^2 + DJ^2)^1/2) / 2 + PE
    Total System Jitter     (TSJ):    0.050ns
    Discrete Jitter          (DJ):    0.152ns
    Phase Error              (PE):    0.098ns

    Location             Delay type                Incr(ns)  Path(ns)    Netlist Resource(s)
  -------------------------------------------------------------------    -------------------
    SLICE_X57Y66         FDRE                         0.000     0.000 r  add_sl/lose_reg/C
    SLICE_X57Y66         FDRE (Prop_fdre_C_Q)         0.456     0.456 r  add_sl/lose_reg/Q
                         net (fo=105, routed)         4.205     4.661    add_sl/lose_reg_0
    SLICE_X33Y68         LUT4 (Prop_lut4_I1_O)        0.124     4.785 f  add_sl/blue_out[3]_i_694/O
                         net (fo=15, routed)          1.633     6.419    vga_driver/blue_out[3]_i_218_0
    SLICE_X42Y76         LUT6 (Prop_lut6_I0_O)        0.124     6.543 f  vga_driver/blue_out[3]_i_1516/O
                         net (fo=3, routed)           1.524     8.067    vga_driver/blue_out[3]_i_1516_n_0
    SLICE_X40Y80         LUT4 (Prop_lut4_I0_O)        0.152     8.219 r  vga_driver/blue_out[3]_i_1248/O
                         net (fo=1, routed)           0.803     9.022    vga_driver/blue_out[3]_i_1248_n_0
    SLICE_X40Y78         LUT6 (Prop_lut6_I0_O)        0.326     9.348 r  vga_driver/blue_out[3]_i_814/O
                         net (fo=1, routed)           1.014    10.362    vga_driver/blue_out[3]_i_814_n_0
    SLICE_X40Y77         LUT6 (Prop_lut6_I2_O)        0.124    10.486 r  vga_driver/blue_out[3]_i_456/O
                         net (fo=1, routed)           1.094    11.580    vga_driver/blue_out[3]_i_456_n_0
    SLICE_X43Y79         LUT6 (Prop_lut6_I1_O)        0.124    11.704 r  vga_driver/blue_out[3]_i_224/O
                         net (fo=1, routed)           0.878    12.583    vga_driver/blue_out[3]_i_224_n_0
    SLICE_X36Y78         LUT6 (Prop_lut6_I3_O)        0.124    12.707 r  vga_driver/blue_out[3]_i_80/O
                         net (fo=1, routed)           0.977    13.683    vga_driver/blue_out[3]_i_80_n_0
    SLICE_X41Y70         LUT6 (Prop_lut6_I2_O)        0.124    13.807 r  vga_driver/blue_out[3]_i_22/O
                         net (fo=1, routed)           0.299    14.106    vga_driver/blue_out[3]_i_22_n_0
    SLICE_X40Y69         LUT6 (Prop_lut6_I2_O)        0.124    14.230 r  vga_driver/blue_out[3]_i_5/O
                         net (fo=1, routed)           1.147    15.377    vga_driver/blue_out[3]_i_5_n_0
    SLICE_X48Y66         LUT6 (Prop_lut6_I2_O)        0.124    15.501 r  vga_driver/blue_out[3]_i_1_comp/O
                         net (fo=1, routed)           0.000    15.501    vga_driver/blue_out[3]_i_1_n_0
    SLICE_X48Y66         FDRE                                         r  vga_driver/blue_out_reg[3]/D
  -------------------------------------------------------------------    -------------------

                         (clock clk_out1_clk_wiz_0 rise edge)
                                                      0.000     0.000 r  
    E3                                                0.000     0.000 r  clk_in (IN)
                         net (fo=0)                   0.000     0.000    clk_in
    E3                   IBUF (Prop_ibuf_I_O)         1.411     1.411 r  clk_in_IBUF_inst/O
                         net (fo=1, routed)           1.920     3.331    clk_in_IBUF
    BUFGCTRL_X0Y16       BUFG (Prop_bufg_I_O)         0.091     3.422 r  clk_in_IBUF_BUFG_inst/O
                         net (fo=38, routed)          1.683     5.105    clk_wiz_0_inst/U0/clk_in1
    MMCME2_ADV_X0Y0      MMCME2_ADV (Prop_mmcme2_adv_CLKIN1_CLKOUT0)
                                                     -3.694     1.411 r  clk_wiz_0_inst/U0/mmcm_adv_inst/CLKOUT0
                         net (fo=1, routed)           1.923     3.334    clk_wiz_0_inst/U0/clk_out1_clk_wiz_0
    BUFGCTRL_X0Y1        BUFG (Prop_bufg_I_O)         0.091     3.425 r  clk_wiz_0_inst/U0/clkout1_buf/O
                         net (fo=72, routed)          1.503     4.929    vga_driver/clk_out1
    SLICE_X48Y66         FDRE                                         r  vga_driver/blue_out_reg[3]/C

Slack:                    inf
  Source:                 add_sl/lose_reg/C
                            (rising edge-triggered cell FDRE)
  Destination:            vga_driver/red_out_reg[3]/D
                            (rising edge-triggered cell FDRE clocked by clk_out1_clk_wiz_0  {rise@0.000ns fall@12.469ns period=24.938ns})
  Path Group:             (none)
  Path Type:              Setup (Max at Slow Process Corner)
  Data Path Delay:        11.982ns  (logic 1.448ns (12.085%)  route 10.534ns (87.915%))
  Logic Levels:           9  (FDRE=1 LUT2=1 LUT6=7)
  Clock Uncertainty:      0.178ns  ((TSJ^2 + DJ^2)^1/2) / 2 + PE
    Total System Jitter     (TSJ):    0.050ns
    Discrete Jitter          (DJ):    0.152ns
    Phase Error              (PE):    0.098ns

    Location             Delay type                Incr(ns)  Path(ns)    Netlist Resource(s)
  -------------------------------------------------------------------    -------------------
    SLICE_X57Y66         FDRE                         0.000     0.000 r  add_sl/lose_reg/C
    SLICE_X57Y66         FDRE (Prop_fdre_C_Q)         0.456     0.456 r  add_sl/lose_reg/Q
                         net (fo=105, routed)         4.640     5.096    add_sl/lose_reg_0
    SLICE_X35Y63         LUT2 (Prop_lut2_I1_O)        0.124     5.220 f  add_sl/red_out[3]_i_42/O
                         net (fo=23, routed)          1.624     6.844    vga_driver/red_out[3]_i_53_0
    SLICE_X34Y71         LUT6 (Prop_lut6_I0_O)        0.124     6.968 f  vga_driver/red_out[3]_i_116/O
                         net (fo=1, routed)           0.646     7.613    vga_driver/red_out[3]_i_116_n_0
    SLICE_X34Y70         LUT6 (Prop_lut6_I5_O)        0.124     7.737 r  vga_driver/red_out[3]_i_53/O
                         net (fo=2, routed)           1.247     8.984    vga_driver/red_out[3]_i_53_n_0
    SLICE_X33Y65         LUT6 (Prop_lut6_I4_O)        0.124     9.108 r  vga_driver/red_out[3]_i_104/O
                         net (fo=1, routed)           0.548     9.656    vga_driver/red_out[3]_i_104_n_0
    SLICE_X35Y63         LUT6 (Prop_lut6_I2_O)        0.124     9.780 r  vga_driver/red_out[3]_i_43/O
                         net (fo=1, routed)           0.151     9.932    vga_driver/red_out[3]_i_43_n_0
    SLICE_X35Y63         LUT6 (Prop_lut6_I5_O)        0.124    10.056 r  vga_driver/red_out[3]_i_12/O
                         net (fo=1, routed)           0.797    10.853    vga_driver/red_out[3]_i_12_n_0
    SLICE_X35Y64         LUT6 (Prop_lut6_I0_O)        0.124    10.977 r  vga_driver/red_out[3]_i_3/O
                         net (fo=1, routed)           0.881    11.858    vga_driver/red_out[3]_i_3_n_0
    SLICE_X48Y65         LUT6 (Prop_lut6_I3_O)        0.124    11.982 r  vga_driver/red_out[3]_i_1/O
                         net (fo=1, routed)           0.000    11.982    vga_driver/red_out[3]_i_1_n_0
    SLICE_X48Y65         FDRE                                         r  vga_driver/red_out_reg[3]/D
  -------------------------------------------------------------------    -------------------

                         (clock clk_out1_clk_wiz_0 rise edge)
                                                      0.000     0.000 r  
    E3                                                0.000     0.000 r  clk_in (IN)
                         net (fo=0)                   0.000     0.000    clk_in
    E3                   IBUF (Prop_ibuf_I_O)         1.411     1.411 r  clk_in_IBUF_inst/O
                         net (fo=1, routed)           1.920     3.331    clk_in_IBUF
    BUFGCTRL_X0Y16       BUFG (Prop_bufg_I_O)         0.091     3.422 r  clk_in_IBUF_BUFG_inst/O
                         net (fo=38, routed)          1.683     5.105    clk_wiz_0_inst/U0/clk_in1
    MMCME2_ADV_X0Y0      MMCME2_ADV (Prop_mmcme2_adv_CLKIN1_CLKOUT0)
                                                     -3.694     1.411 r  clk_wiz_0_inst/U0/mmcm_adv_inst/CLKOUT0
                         net (fo=1, routed)           1.923     3.334    clk_wiz_0_inst/U0/clk_out1_clk_wiz_0
    BUFGCTRL_X0Y1        BUFG (Prop_bufg_I_O)         0.091     3.425 r  clk_wiz_0_inst/U0/clkout1_buf/O
                         net (fo=72, routed)          1.504     4.930    vga_driver/clk_out1
    SLICE_X48Y65         FDRE                                         r  vga_driver/red_out_reg[3]/C

Slack:                    inf
  Source:                 add_sl/lose_reg/C
                            (rising edge-triggered cell FDRE)
  Destination:            vga_driver/green_out_reg[3]/D
                            (rising edge-triggered cell FDRE clocked by clk_out1_clk_wiz_0  {rise@0.000ns fall@12.469ns period=24.938ns})
  Path Group:             (none)
  Path Type:              Setup (Max at Slow Process Corner)
  Data Path Delay:        9.093ns  (logic 0.952ns (10.469%)  route 8.141ns (89.531%))
  Logic Levels:           5  (FDRE=1 LUT2=1 LUT6=3)
  Clock Uncertainty:      0.178ns  ((TSJ^2 + DJ^2)^1/2) / 2 + PE
    Total System Jitter     (TSJ):    0.050ns
    Discrete Jitter          (DJ):    0.152ns
    Phase Error              (PE):    0.098ns

    Location             Delay type                Incr(ns)  Path(ns)    Netlist Resource(s)
  -------------------------------------------------------------------    -------------------
    SLICE_X57Y66         FDRE                         0.000     0.000 r  add_sl/lose_reg/C
    SLICE_X57Y66         FDRE (Prop_fdre_C_Q)         0.456     0.456 f  add_sl/lose_reg/Q
                         net (fo=105, routed)         4.117     4.573    add_sl/lose_reg_0
    SLICE_X40Y72         LUT2 (Prop_lut2_I1_O)        0.124     4.697 r  add_sl/green_out[3]_i_7/O
                         net (fo=27, routed)          1.777     6.474    vga_driver/green_out_reg[3]_0
    SLICE_X29Y60         LUT6 (Prop_lut6_I3_O)        0.124     6.598 r  vga_driver/green_out[3]_i_8/O
                         net (fo=1, routed)           0.817     7.415    vga_driver/green_out[3]_i_8_n_0
    SLICE_X30Y60         LUT6 (Prop_lut6_I2_O)        0.124     7.539 r  vga_driver/green_out[3]_i_2/O
                         net (fo=1, routed)           1.430     8.969    vga_driver/green_out[3]_i_2_n_0
    SLICE_X49Y66         LUT6 (Prop_lut6_I2_O)        0.124     9.093 r  vga_driver/green_out[3]_i_1_comp/O
                         net (fo=1, routed)           0.000     9.093    vga_driver/green_out[3]_i_1_n_0
    SLICE_X49Y66         FDRE                                         r  vga_driver/green_out_reg[3]/D
  -------------------------------------------------------------------    -------------------

                         (clock clk_out1_clk_wiz_0 rise edge)
                                                      0.000     0.000 r  
    E3                                                0.000     0.000 r  clk_in (IN)
                         net (fo=0)                   0.000     0.000    clk_in
    E3                   IBUF (Prop_ibuf_I_O)         1.411     1.411 r  clk_in_IBUF_inst/O
                         net (fo=1, routed)           1.920     3.331    clk_in_IBUF
    BUFGCTRL_X0Y16       BUFG (Prop_bufg_I_O)         0.091     3.422 r  clk_in_IBUF_BUFG_inst/O
                         net (fo=38, routed)          1.683     5.105    clk_wiz_0_inst/U0/clk_in1
    MMCME2_ADV_X0Y0      MMCME2_ADV (Prop_mmcme2_adv_CLKIN1_CLKOUT0)
                                                     -3.694     1.411 r  clk_wiz_0_inst/U0/mmcm_adv_inst/CLKOUT0
                         net (fo=1, routed)           1.923     3.334    clk_wiz_0_inst/U0/clk_out1_clk_wiz_0
    BUFGCTRL_X0Y1        BUFG (Prop_bufg_I_O)         0.091     3.425 r  clk_wiz_0_inst/U0/clkout1_buf/O
                         net (fo=72, routed)          1.503     4.929    vga_driver/clk_out1
    SLICE_X49Y66         FDRE                                         r  vga_driver/green_out_reg[3]/C





Min Delay Paths
--------------------------------------------------------------------------------------
Slack:                    inf
  Source:                 add_sl/laser_x_reg[3]/C
                            (rising edge-triggered cell FDRE)
  Destination:            vga_driver/red_out_reg[3]/D
                            (rising edge-triggered cell FDRE clocked by clk_out1_clk_wiz_0  {rise@0.000ns fall@12.469ns period=24.938ns})
  Path Group:             (none)
  Path Type:              Hold (Min at Fast Process Corner)
  Data Path Delay:        0.926ns  (logic 0.231ns (24.938%)  route 0.695ns (75.062%))
  Logic Levels:           3  (FDRE=1 LUT6=2)
  Clock Uncertainty:      0.178ns  ((TSJ^2 + DJ^2)^1/2) / 2 + PE
    Total System Jitter     (TSJ):    0.050ns
    Discrete Jitter          (DJ):    0.152ns
    Phase Error              (PE):    0.098ns

    Location             Delay type                Incr(ns)  Path(ns)    Netlist Resource(s)
  -------------------------------------------------------------------    -------------------
    SLICE_X48Y54         FDRE                         0.000     0.000 r  add_sl/laser_x_reg[3]/C
    SLICE_X48Y54         FDRE (Prop_fdre_C_Q)         0.141     0.141 f  add_sl/laser_x_reg[3]/Q
                         net (fo=71, routed)          0.267     0.408    add_sl/laser_x[3]
    SLICE_X53Y54         LUT6 (Prop_lut6_I2_O)        0.045     0.453 f  add_sl/red_out[3]_i_5/O
                         net (fo=1, routed)           0.428     0.881    vga_driver/red_out_reg[3]_1
    SLICE_X48Y65         LUT6 (Prop_lut6_I5_O)        0.045     0.926 r  vga_driver/red_out[3]_i_1/O
                         net (fo=1, routed)           0.000     0.926    vga_driver/red_out[3]_i_1_n_0
    SLICE_X48Y65         FDRE                                         r  vga_driver/red_out_reg[3]/D
  -------------------------------------------------------------------    -------------------

                         (clock clk_out1_clk_wiz_0 rise edge)
                                                      0.000     0.000 r  
    E3                                                0.000     0.000 r  clk_in (IN)
                         net (fo=0)                   0.000     0.000    clk_in
    E3                   IBUF (Prop_ibuf_I_O)         0.438     0.438 r  clk_in_IBUF_inst/O
                         net (fo=1, routed)           0.699     1.136    clk_in_IBUF
    BUFGCTRL_X0Y16       BUFG (Prop_bufg_I_O)         0.029     1.165 r  clk_in_IBUF_BUFG_inst/O
                         net (fo=38, routed)          0.898     2.063    clk_wiz_0_inst/U0/clk_in1
    MMCME2_ADV_X0Y0      MMCME2_ADV (Prop_mmcme2_adv_CLKIN1_CLKOUT0)
                                                     -1.625     0.438 r  clk_wiz_0_inst/U0/mmcm_adv_inst/CLKOUT0
                         net (fo=1, routed)           0.700     1.138    clk_wiz_0_inst/U0/clk_out1_clk_wiz_0
    BUFGCTRL_X0Y1        BUFG (Prop_bufg_I_O)         0.029     1.167 r  clk_wiz_0_inst/U0/clkout1_buf/O
                         net (fo=72, routed)          0.829     1.996    vga_driver/clk_out1
    SLICE_X48Y65         FDRE                                         r  vga_driver/red_out_reg[3]/C

Slack:                    inf
  Source:                 add_sl/game_on_reg/C
                            (rising edge-triggered cell FDRE)
  Destination:            vga_driver/blue_out_reg[3]/D
                            (rising edge-triggered cell FDRE clocked by clk_out1_clk_wiz_0  {rise@0.000ns fall@12.469ns period=24.938ns})
  Path Group:             (none)
  Path Type:              Hold (Min at Fast Process Corner)
  Data Path Delay:        1.055ns  (logic 0.276ns (26.157%)  route 0.779ns (73.843%))
  Logic Levels:           4  (FDRE=1 LUT6=3)
  Clock Uncertainty:      0.178ns  ((TSJ^2 + DJ^2)^1/2) / 2 + PE
    Total System Jitter     (TSJ):    0.050ns
    Discrete Jitter          (DJ):    0.152ns
    Phase Error              (PE):    0.098ns

    Location             Delay type                Incr(ns)  Path(ns)    Netlist Resource(s)
  -------------------------------------------------------------------    -------------------
    SLICE_X40Y72         FDRE                         0.000     0.000 r  add_sl/game_on_reg/C
    SLICE_X40Y72         FDRE (Prop_fdre_C_Q)         0.141     0.141 f  add_sl/game_on_reg/Q
                         net (fo=99, routed)          0.257     0.398    vga_driver/game_on
    SLICE_X41Y70         LUT6 (Prop_lut6_I0_O)        0.045     0.443 r  vga_driver/blue_out[3]_i_22/O
                         net (fo=1, routed)           0.112     0.555    vga_driver/blue_out[3]_i_22_n_0
    SLICE_X40Y69         LUT6 (Prop_lut6_I2_O)        0.045     0.600 r  vga_driver/blue_out[3]_i_5/O
                         net (fo=1, routed)           0.410     1.010    vga_driver/blue_out[3]_i_5_n_0
    SLICE_X48Y66         LUT6 (Prop_lut6_I2_O)        0.045     1.055 r  vga_driver/blue_out[3]_i_1_comp/O
                         net (fo=1, routed)           0.000     1.055    vga_driver/blue_out[3]_i_1_n_0
    SLICE_X48Y66         FDRE                                         r  vga_driver/blue_out_reg[3]/D
  -------------------------------------------------------------------    -------------------

                         (clock clk_out1_clk_wiz_0 rise edge)
                                                      0.000     0.000 r  
    E3                                                0.000     0.000 r  clk_in (IN)
                         net (fo=0)                   0.000     0.000    clk_in
    E3                   IBUF (Prop_ibuf_I_O)         0.438     0.438 r  clk_in_IBUF_inst/O
                         net (fo=1, routed)           0.699     1.136    clk_in_IBUF
    BUFGCTRL_X0Y16       BUFG (Prop_bufg_I_O)         0.029     1.165 r  clk_in_IBUF_BUFG_inst/O
                         net (fo=38, routed)          0.898     2.063    clk_wiz_0_inst/U0/clk_in1
    MMCME2_ADV_X0Y0      MMCME2_ADV (Prop_mmcme2_adv_CLKIN1_CLKOUT0)
                                                     -1.625     0.438 r  clk_wiz_0_inst/U0/mmcm_adv_inst/CLKOUT0
                         net (fo=1, routed)           0.700     1.138    clk_wiz_0_inst/U0/clk_out1_clk_wiz_0
    BUFGCTRL_X0Y1        BUFG (Prop_bufg_I_O)         0.029     1.167 r  clk_wiz_0_inst/U0/clkout1_buf/O
                         net (fo=72, routed)          0.828     1.995    vga_driver/clk_out1
    SLICE_X48Y66         FDRE                                         r  vga_driver/blue_out_reg[3]/C

Slack:                    inf
  Source:                 add_sl/alien_on_reg[2]/G
                            (positive level-sensitive latch)
  Destination:            vga_driver/green_out_reg[3]/D
                            (rising edge-triggered cell FDRE clocked by clk_out1_clk_wiz_0  {rise@0.000ns fall@12.469ns period=24.938ns})
  Path Group:             (none)
  Path Type:              Hold (Min at Fast Process Corner)
  Data Path Delay:        1.112ns  (logic 0.293ns (26.346%)  route 0.819ns (73.654%))
  Logic Levels:           4  (LDCE=1 LUT6=3)
  Clock Uncertainty:      0.178ns  ((TSJ^2 + DJ^2)^1/2) / 2 + PE
    Total System Jitter     (TSJ):    0.050ns
    Discrete Jitter          (DJ):    0.152ns
    Phase Error              (PE):    0.098ns

    Location             Delay type                Incr(ns)  Path(ns)    Netlist Resource(s)
  -------------------------------------------------------------------    -------------------
    SLICE_X40Y50         LDCE                         0.000     0.000 r  add_sl/alien_on_reg[2]/G
    SLICE_X40Y50         LDCE (EnToQ_ldce_G_Q)        0.158     0.158 r  add_sl/alien_on_reg[2]/Q
                         net (fo=1, routed)           0.086     0.244    add_sl/alien_on[2]
    SLICE_X41Y50         LUT6 (Prop_lut6_I3_O)        0.045     0.289 r  add_sl/green_out[3]_i_5/O
                         net (fo=2, routed)           0.553     0.841    vga_driver/green0
    SLICE_X46Y66         LUT6 (Prop_lut6_I0_O)        0.045     0.886 r  vga_driver/blue_out[3]_i_6_comp_1/O
                         net (fo=1, routed)           0.181     1.067    vga_driver/blue_out[3]_i_6_n_0_repN_1
    SLICE_X49Y66         LUT6 (Prop_lut6_I5_O)        0.045     1.112 r  vga_driver/green_out[3]_i_1_comp/O
                         net (fo=1, routed)           0.000     1.112    vga_driver/green_out[3]_i_1_n_0
    SLICE_X49Y66         FDRE                                         r  vga_driver/green_out_reg[3]/D
  -------------------------------------------------------------------    -------------------

                         (clock clk_out1_clk_wiz_0 rise edge)
                                                      0.000     0.000 r  
    E3                                                0.000     0.000 r  clk_in (IN)
                         net (fo=0)                   0.000     0.000    clk_in
    E3                   IBUF (Prop_ibuf_I_O)         0.438     0.438 r  clk_in_IBUF_inst/O
                         net (fo=1, routed)           0.699     1.136    clk_in_IBUF
    BUFGCTRL_X0Y16       BUFG (Prop_bufg_I_O)         0.029     1.165 r  clk_in_IBUF_BUFG_inst/O
                         net (fo=38, routed)          0.898     2.063    clk_wiz_0_inst/U0/clk_in1
    MMCME2_ADV_X0Y0      MMCME2_ADV (Prop_mmcme2_adv_CLKIN1_CLKOUT0)
                                                     -1.625     0.438 r  clk_wiz_0_inst/U0/mmcm_adv_inst/CLKOUT0
                         net (fo=1, routed)           0.700     1.138    clk_wiz_0_inst/U0/clk_out1_clk_wiz_0
    BUFGCTRL_X0Y1        BUFG (Prop_bufg_I_O)         0.029     1.167 r  clk_wiz_0_inst/U0/clkout1_buf/O
                         net (fo=72, routed)          0.828     1.995    vga_driver/clk_out1
    SLICE_X49Y66         FDRE                                         r  vga_driver/green_out_reg[3]/C





--------------------------------------------------------------------------------------
Path Group:  (none)
From Clock:  
  To Clock:  sys_clk_pin

Max Delay            25 Endpoints
Min Delay            25 Endpoints
--------------------------------------------------------------------------------------


Max Delay Paths
--------------------------------------------------------------------------------------
Slack:                    inf
  Source:                 btnl
                            (input port)
  Destination:            shippos_reg[9]/D
                            (rising edge-triggered cell FDRE clocked by sys_clk_pin  {rise@0.000ns fall@5.000ns period=10.000ns})
  Path Group:             (none)
  Path Type:              Setup (Max at Slow Process Corner)
  Data Path Delay:        7.017ns  (logic 2.585ns (36.836%)  route 4.432ns (63.164%))
  Logic Levels:           6  (CARRY4=3 IBUF=1 LUT2=1 LUT6=1)
  Clock Path Skew:        4.932ns (DCD - SCD + CPR)
    Destination Clock Delay (DCD):    4.932ns
    Source Clock Delay      (SCD):    0.000ns
    Clock Pessimism Removal (CPR):    0.000ns
  Clock Uncertainty:      0.025ns  ((TSJ^2 + TIJ^2)^1/2 + DJ) / 2 + PE
    Total System Jitter     (TSJ):    0.050ns
    Total Input Jitter      (TIJ):    0.000ns
    Discrete Jitter          (DJ):    0.000ns
    Phase Error              (PE):    0.000ns

    Location             Delay type                Incr(ns)  Path(ns)    Netlist Resource(s)
  -------------------------------------------------------------------    -------------------
    P17                                               0.000     0.000 r  btnl (IN)
                         net (fo=0)                   0.000     0.000    btnl
    P17                  IBUF (Prop_ibuf_I_O)         1.488     1.488 r  btnl_IBUF_inst/O
                         net (fo=1, routed)           3.046     4.534    btnl_IBUF
    SLICE_X44Y60         LUT6 (Prop_lut6_I5_O)        0.124     4.658 r  shippos[10]_i_3/O
                         net (fo=4, routed)           0.825     5.483    shippos1
    SLICE_X51Y59         LUT2 (Prop_lut2_I0_O)        0.124     5.607 r  shippos[3]_i_2/O
                         net (fo=1, routed)           0.000     5.607    shippos[3]_i_2_n_0
    SLICE_X51Y59         CARRY4 (Prop_carry4_S[3]_CO[3])
                                                      0.401     6.008 r  shippos_reg[3]_i_1/CO[3]
                         net (fo=1, routed)           0.000     6.008    shippos_reg[3]_i_1_n_0
    SLICE_X51Y60         CARRY4 (Prop_carry4_CI_CO[3])
                                                      0.114     6.122 r  shippos_reg[7]_i_1/CO[3]
                         net (fo=1, routed)           0.000     6.122    shippos_reg[7]_i_1_n_0
    SLICE_X51Y61         CARRY4 (Prop_carry4_CI_O[1])
                                                      0.334     6.456 r  shippos_reg[10]_i_2/O[1]
                         net (fo=1, routed)           0.561     7.017    shippos_reg[10]_i_2_n_6
    SLICE_X47Y62         FDRE                                         r  shippos_reg[9]/D
  -------------------------------------------------------------------    -------------------

                         (clock sys_clk_pin rise edge)
                                                      0.000     0.000 r  
    E3                                                0.000     0.000 r  clk_in (IN)
                         net (fo=0)                   0.000     0.000    clk_in
    E3                   IBUF (Prop_ibuf_I_O)         1.411     1.411 r  clk_in_IBUF_inst/O
                         net (fo=1, routed)           1.920     3.331    clk_in_IBUF
    BUFGCTRL_X0Y16       BUFG (Prop_bufg_I_O)         0.091     3.422 r  clk_in_IBUF_BUFG_inst/O
                         net (fo=38, routed)          1.509     4.932    clk_in_IBUF_BUFG
    SLICE_X47Y62         FDRE                                         r  shippos_reg[9]/C

Slack:                    inf
  Source:                 btnl
                            (input port)
  Destination:            shippos_reg[5]/D
                            (rising edge-triggered cell FDRE clocked by sys_clk_pin  {rise@0.000ns fall@5.000ns period=10.000ns})
  Path Group:             (none)
  Path Type:              Setup (Max at Slow Process Corner)
  Data Path Delay:        6.931ns  (logic 2.471ns (35.652%)  route 4.460ns (64.348%))
  Logic Levels:           5  (CARRY4=2 IBUF=1 LUT2=1 LUT6=1)
  Clock Path Skew:        4.934ns (DCD - SCD + CPR)
    Destination Clock Delay (DCD):    4.934ns
    Source Clock Delay      (SCD):    0.000ns
    Clock Pessimism Removal (CPR):    0.000ns
  Clock Uncertainty:      0.025ns  ((TSJ^2 + TIJ^2)^1/2 + DJ) / 2 + PE
    Total System Jitter     (TSJ):    0.050ns
    Total Input Jitter      (TIJ):    0.000ns
    Discrete Jitter          (DJ):    0.000ns
    Phase Error              (PE):    0.000ns

    Location             Delay type                Incr(ns)  Path(ns)    Netlist Resource(s)
  -------------------------------------------------------------------    -------------------
    P17                                               0.000     0.000 r  btnl (IN)
                         net (fo=0)                   0.000     0.000    btnl
    P17                  IBUF (Prop_ibuf_I_O)         1.488     1.488 r  btnl_IBUF_inst/O
                         net (fo=1, routed)           3.046     4.534    btnl_IBUF
    SLICE_X44Y60         LUT6 (Prop_lut6_I5_O)        0.124     4.658 r  shippos[10]_i_3/O
                         net (fo=4, routed)           0.825     5.483    shippos1
    SLICE_X51Y59         LUT2 (Prop_lut2_I0_O)        0.124     5.607 r  shippos[3]_i_2/O
                         net (fo=1, routed)           0.000     5.607    shippos[3]_i_2_n_0
    SLICE_X51Y59         CARRY4 (Prop_carry4_S[3]_CO[3])
                                                      0.401     6.008 r  shippos_reg[3]_i_1/CO[3]
                         net (fo=1, routed)           0.000     6.008    shippos_reg[3]_i_1_n_0
    SLICE_X51Y60         CARRY4 (Prop_carry4_CI_O[1])
                                                      0.334     6.342 r  shippos_reg[7]_i_1/O[1]
                         net (fo=1, routed)           0.589     6.931    shippos_reg[7]_i_1_n_6
    SLICE_X48Y60         FDRE                                         r  shippos_reg[5]/D
  -------------------------------------------------------------------    -------------------

                         (clock sys_clk_pin rise edge)
                                                      0.000     0.000 r  
    E3                                                0.000     0.000 r  clk_in (IN)
                         net (fo=0)                   0.000     0.000    clk_in
    E3                   IBUF (Prop_ibuf_I_O)         1.411     1.411 r  clk_in_IBUF_inst/O
                         net (fo=1, routed)           1.920     3.331    clk_in_IBUF
    BUFGCTRL_X0Y16       BUFG (Prop_bufg_I_O)         0.091     3.422 r  clk_in_IBUF_BUFG_inst/O
                         net (fo=38, routed)          1.511     4.934    clk_in_IBUF_BUFG
    SLICE_X48Y60         FDRE                                         r  shippos_reg[5]/C

Slack:                    inf
  Source:                 btnl
                            (input port)
  Destination:            shippos_reg[6]/D
                            (rising edge-triggered cell FDRE clocked by sys_clk_pin  {rise@0.000ns fall@5.000ns period=10.000ns})
  Path Group:             (none)
  Path Type:              Setup (Max at Slow Process Corner)
  Data Path Delay:        6.907ns  (logic 2.376ns (34.396%)  route 4.532ns (65.604%))
  Logic Levels:           5  (CARRY4=2 IBUF=1 LUT2=1 LUT6=1)
  Clock Path Skew:        4.935ns (DCD - SCD + CPR)
    Destination Clock Delay (DCD):    4.935ns
    Source Clock Delay      (SCD):    0.000ns
    Clock Pessimism Removal (CPR):    0.000ns
  Clock Uncertainty:      0.025ns  ((TSJ^2 + TIJ^2)^1/2 + DJ) / 2 + PE
    Total System Jitter     (TSJ):    0.050ns
    Total Input Jitter      (TIJ):    0.000ns
    Discrete Jitter          (DJ):    0.000ns
    Phase Error              (PE):    0.000ns

    Location             Delay type                Incr(ns)  Path(ns)    Netlist Resource(s)
  -------------------------------------------------------------------    -------------------
    P17                                               0.000     0.000 r  btnl (IN)
                         net (fo=0)                   0.000     0.000    btnl
    P17                  IBUF (Prop_ibuf_I_O)         1.488     1.488 r  btnl_IBUF_inst/O
                         net (fo=1, routed)           3.046     4.534    btnl_IBUF
    SLICE_X44Y60         LUT6 (Prop_lut6_I5_O)        0.124     4.658 r  shippos[10]_i_3/O
                         net (fo=4, routed)           0.825     5.483    shippos1
    SLICE_X51Y59         LUT2 (Prop_lut2_I0_O)        0.124     5.607 r  shippos[3]_i_2/O
                         net (fo=1, routed)           0.000     5.607    shippos[3]_i_2_n_0
    SLICE_X51Y59         CARRY4 (Prop_carry4_S[3]_CO[3])
                                                      0.401     6.008 r  shippos_reg[3]_i_1/CO[3]
                         net (fo=1, routed)           0.000     6.008    shippos_reg[3]_i_1_n_0
    SLICE_X51Y60         CARRY4 (Prop_carry4_CI_O[2])
                                                      0.239     6.247 r  shippos_reg[7]_i_1/O[2]
                         net (fo=1, routed)           0.660     6.907    shippos_reg[7]_i_1_n_5
    SLICE_X44Y61         FDRE                                         r  shippos_reg[6]/D
  -------------------------------------------------------------------    -------------------

                         (clock sys_clk_pin rise edge)
                                                      0.000     0.000 r  
    E3                                                0.000     0.000 r  clk_in (IN)
                         net (fo=0)                   0.000     0.000    clk_in
    E3                   IBUF (Prop_ibuf_I_O)         1.411     1.411 r  clk_in_IBUF_inst/O
                         net (fo=1, routed)           1.920     3.331    clk_in_IBUF
    BUFGCTRL_X0Y16       BUFG (Prop_bufg_I_O)         0.091     3.422 r  clk_in_IBUF_BUFG_inst/O
                         net (fo=38, routed)          1.512     4.935    clk_in_IBUF_BUFG
    SLICE_X44Y61         FDRE                                         r  shippos_reg[6]/C

Slack:                    inf
  Source:                 btnl
                            (input port)
  Destination:            shippos_reg[8]/D
                            (rising edge-triggered cell FDRE clocked by sys_clk_pin  {rise@0.000ns fall@5.000ns period=10.000ns})
  Path Group:             (none)
  Path Type:              Setup (Max at Slow Process Corner)
  Data Path Delay:        6.833ns  (logic 2.473ns (36.191%)  route 4.360ns (63.809%))
  Logic Levels:           6  (CARRY4=3 IBUF=1 LUT2=1 LUT6=1)
  Clock Path Skew:        4.932ns (DCD - SCD + CPR)
    Destination Clock Delay (DCD):    4.932ns
    Source Clock Delay      (SCD):    0.000ns
    Clock Pessimism Removal (CPR):    0.000ns
  Clock Uncertainty:      0.025ns  ((TSJ^2 + TIJ^2)^1/2 + DJ) / 2 + PE
    Total System Jitter     (TSJ):    0.050ns
    Total Input Jitter      (TIJ):    0.000ns
    Discrete Jitter          (DJ):    0.000ns
    Phase Error              (PE):    0.000ns

    Location             Delay type                Incr(ns)  Path(ns)    Netlist Resource(s)
  -------------------------------------------------------------------    -------------------
    P17                                               0.000     0.000 r  btnl (IN)
                         net (fo=0)                   0.000     0.000    btnl
    P17                  IBUF (Prop_ibuf_I_O)         1.488     1.488 r  btnl_IBUF_inst/O
                         net (fo=1, routed)           3.046     4.534    btnl_IBUF
    SLICE_X44Y60         LUT6 (Prop_lut6_I5_O)        0.124     4.658 r  shippos[10]_i_3/O
                         net (fo=4, routed)           0.825     5.483    shippos1
    SLICE_X51Y59         LUT2 (Prop_lut2_I0_O)        0.124     5.607 r  shippos[3]_i_2/O
                         net (fo=1, routed)           0.000     5.607    shippos[3]_i_2_n_0
    SLICE_X51Y59         CARRY4 (Prop_carry4_S[3]_CO[3])
                                                      0.401     6.008 r  shippos_reg[3]_i_1/CO[3]
                         net (fo=1, routed)           0.000     6.008    shippos_reg[3]_i_1_n_0
    SLICE_X51Y60         CARRY4 (Prop_carry4_CI_CO[3])
                                                      0.114     6.122 r  shippos_reg[7]_i_1/CO[3]
                         net (fo=1, routed)           0.000     6.122    shippos_reg[7]_i_1_n_0
    SLICE_X51Y61         CARRY4 (Prop_carry4_CI_O[0])
                                                      0.222     6.344 r  shippos_reg[10]_i_2/O[0]
                         net (fo=1, routed)           0.489     6.833    shippos_reg[10]_i_2_n_7
    SLICE_X47Y62         FDRE                                         r  shippos_reg[8]/D
  -------------------------------------------------------------------    -------------------

                         (clock sys_clk_pin rise edge)
                                                      0.000     0.000 r  
    E3                                                0.000     0.000 r  clk_in (IN)
                         net (fo=0)                   0.000     0.000    clk_in
    E3                   IBUF (Prop_ibuf_I_O)         1.411     1.411 r  clk_in_IBUF_inst/O
                         net (fo=1, routed)           1.920     3.331    clk_in_IBUF
    BUFGCTRL_X0Y16       BUFG (Prop_bufg_I_O)         0.091     3.422 r  clk_in_IBUF_BUFG_inst/O
                         net (fo=38, routed)          1.509     4.932    clk_in_IBUF_BUFG
    SLICE_X47Y62         FDRE                                         r  shippos_reg[8]/C

Slack:                    inf
  Source:                 btnl
                            (input port)
  Destination:            shippos_reg[7]/D
                            (rising edge-triggered cell FDRE clocked by sys_clk_pin  {rise@0.000ns fall@5.000ns period=10.000ns})
  Path Group:             (none)
  Path Type:              Setup (Max at Slow Process Corner)
  Data Path Delay:        6.813ns  (logic 2.450ns (35.960%)  route 4.363ns (64.040%))
  Logic Levels:           5  (CARRY4=2 IBUF=1 LUT2=1 LUT6=1)
  Clock Path Skew:        4.933ns (DCD - SCD + CPR)
    Destination Clock Delay (DCD):    4.933ns
    Source Clock Delay      (SCD):    0.000ns
    Clock Pessimism Removal (CPR):    0.000ns
  Clock Uncertainty:      0.025ns  ((TSJ^2 + TIJ^2)^1/2 + DJ) / 2 + PE
    Total System Jitter     (TSJ):    0.050ns
    Total Input Jitter      (TIJ):    0.000ns
    Discrete Jitter          (DJ):    0.000ns
    Phase Error              (PE):    0.000ns

    Location             Delay type                Incr(ns)  Path(ns)    Netlist Resource(s)
  -------------------------------------------------------------------    -------------------
    P17                                               0.000     0.000 r  btnl (IN)
                         net (fo=0)                   0.000     0.000    btnl
    P17                  IBUF (Prop_ibuf_I_O)         1.488     1.488 r  btnl_IBUF_inst/O
                         net (fo=1, routed)           3.046     4.534    btnl_IBUF
    SLICE_X44Y60         LUT6 (Prop_lut6_I5_O)        0.124     4.658 r  shippos[10]_i_3/O
                         net (fo=4, routed)           0.825     5.483    shippos1
    SLICE_X51Y59         LUT2 (Prop_lut2_I0_O)        0.124     5.607 r  shippos[3]_i_2/O
                         net (fo=1, routed)           0.000     5.607    shippos[3]_i_2_n_0
    SLICE_X51Y59         CARRY4 (Prop_carry4_S[3]_CO[3])
                                                      0.401     6.008 r  shippos_reg[3]_i_1/CO[3]
                         net (fo=1, routed)           0.000     6.008    shippos_reg[3]_i_1_n_0
    SLICE_X51Y60         CARRY4 (Prop_carry4_CI_O[3])
                                                      0.313     6.321 r  shippos_reg[7]_i_1/O[3]
                         net (fo=1, routed)           0.492     6.813    shippos_reg[7]_i_1_n_4
    SLICE_X47Y61         FDRE                                         r  shippos_reg[7]/D
  -------------------------------------------------------------------    -------------------

                         (clock sys_clk_pin rise edge)
                                                      0.000     0.000 r  
    E3                                                0.000     0.000 r  clk_in (IN)
                         net (fo=0)                   0.000     0.000    clk_in
    E3                   IBUF (Prop_ibuf_I_O)         1.411     1.411 r  clk_in_IBUF_inst/O
                         net (fo=1, routed)           1.920     3.331    clk_in_IBUF
    BUFGCTRL_X0Y16       BUFG (Prop_bufg_I_O)         0.091     3.422 r  clk_in_IBUF_BUFG_inst/O
                         net (fo=38, routed)          1.510     4.933    clk_in_IBUF_BUFG
    SLICE_X47Y61         FDRE                                         r  shippos_reg[7]/C

Slack:                    inf
  Source:                 btnl
                            (input port)
  Destination:            shippos_reg[4]/D
                            (rising edge-triggered cell FDRE clocked by sys_clk_pin  {rise@0.000ns fall@5.000ns period=10.000ns})
  Path Group:             (none)
  Path Type:              Setup (Max at Slow Process Corner)
  Data Path Delay:        6.805ns  (logic 2.359ns (34.665%)  route 4.446ns (65.335%))
  Logic Levels:           5  (CARRY4=2 IBUF=1 LUT2=1 LUT6=1)
  Clock Path Skew:        4.931ns (DCD - SCD + CPR)
    Destination Clock Delay (DCD):    4.931ns
    Source Clock Delay      (SCD):    0.000ns
    Clock Pessimism Removal (CPR):    0.000ns
  Clock Uncertainty:      0.025ns  ((TSJ^2 + TIJ^2)^1/2 + DJ) / 2 + PE
    Total System Jitter     (TSJ):    0.050ns
    Total Input Jitter      (TIJ):    0.000ns
    Discrete Jitter          (DJ):    0.000ns
    Phase Error              (PE):    0.000ns

    Location             Delay type                Incr(ns)  Path(ns)    Netlist Resource(s)
  -------------------------------------------------------------------    -------------------
    P17                                               0.000     0.000 r  btnl (IN)
                         net (fo=0)                   0.000     0.000    btnl
    P17                  IBUF (Prop_ibuf_I_O)         1.488     1.488 r  btnl_IBUF_inst/O
                         net (fo=1, routed)           3.046     4.534    btnl_IBUF
    SLICE_X44Y60         LUT6 (Prop_lut6_I5_O)        0.124     4.658 r  shippos[10]_i_3/O
                         net (fo=4, routed)           0.825     5.483    shippos1
    SLICE_X51Y59         LUT2 (Prop_lut2_I0_O)        0.124     5.607 r  shippos[3]_i_2/O
                         net (fo=1, routed)           0.000     5.607    shippos[3]_i_2_n_0
    SLICE_X51Y59         CARRY4 (Prop_carry4_S[3]_CO[3])
                                                      0.401     6.008 r  shippos_reg[3]_i_1/CO[3]
                         net (fo=1, routed)           0.000     6.008    shippos_reg[3]_i_1_n_0
    SLICE_X51Y60         CARRY4 (Prop_carry4_CI_O[0])
                                                      0.222     6.230 r  shippos_reg[7]_i_1/O[0]
                         net (fo=1, routed)           0.575     6.805    shippos_reg[7]_i_1_n_7
    SLICE_X51Y61         FDRE                                         r  shippos_reg[4]/D
  -------------------------------------------------------------------    -------------------

                         (clock sys_clk_pin rise edge)
                                                      0.000     0.000 r  
    E3                                                0.000     0.000 r  clk_in (IN)
                         net (fo=0)                   0.000     0.000    clk_in
    E3                   IBUF (Prop_ibuf_I_O)         1.411     1.411 r  clk_in_IBUF_inst/O
                         net (fo=1, routed)           1.920     3.331    clk_in_IBUF
    BUFGCTRL_X0Y16       BUFG (Prop_bufg_I_O)         0.091     3.422 r  clk_in_IBUF_BUFG_inst/O
                         net (fo=38, routed)          1.508     4.931    clk_in_IBUF_BUFG
    SLICE_X51Y61         FDRE                                         r  shippos_reg[4]/C

Slack:                    inf
  Source:                 btnl
                            (input port)
  Destination:            shippos_reg[10]/D
                            (rising edge-triggered cell FDRE clocked by sys_clk_pin  {rise@0.000ns fall@5.000ns period=10.000ns})
  Path Group:             (none)
  Path Type:              Setup (Max at Slow Process Corner)
  Data Path Delay:        6.768ns  (logic 2.490ns (36.791%)  route 4.278ns (63.209%))
  Logic Levels:           6  (CARRY4=3 IBUF=1 LUT2=1 LUT6=1)
  Clock Path Skew:        4.931ns (DCD - SCD + CPR)
    Destination Clock Delay (DCD):    4.931ns
    Source Clock Delay      (SCD):    0.000ns
    Clock Pessimism Removal (CPR):    0.000ns
  Clock Uncertainty:      0.025ns  ((TSJ^2 + TIJ^2)^1/2 + DJ) / 2 + PE
    Total System Jitter     (TSJ):    0.050ns
    Total Input Jitter      (TIJ):    0.000ns
    Discrete Jitter          (DJ):    0.000ns
    Phase Error              (PE):    0.000ns

    Location             Delay type                Incr(ns)  Path(ns)    Netlist Resource(s)
  -------------------------------------------------------------------    -------------------
    P17                                               0.000     0.000 r  btnl (IN)
                         net (fo=0)                   0.000     0.000    btnl
    P17                  IBUF (Prop_ibuf_I_O)         1.488     1.488 r  btnl_IBUF_inst/O
                         net (fo=1, routed)           3.046     4.534    btnl_IBUF
    SLICE_X44Y60         LUT6 (Prop_lut6_I5_O)        0.124     4.658 r  shippos[10]_i_3/O
                         net (fo=4, routed)           0.825     5.483    shippos1
    SLICE_X51Y59         LUT2 (Prop_lut2_I0_O)        0.124     5.607 r  shippos[3]_i_2/O
                         net (fo=1, routed)           0.000     5.607    shippos[3]_i_2_n_0
    SLICE_X51Y59         CARRY4 (Prop_carry4_S[3]_CO[3])
                                                      0.401     6.008 r  shippos_reg[3]_i_1/CO[3]
                         net (fo=1, routed)           0.000     6.008    shippos_reg[3]_i_1_n_0
    SLICE_X51Y60         CARRY4 (Prop_carry4_CI_CO[3])
                                                      0.114     6.122 r  shippos_reg[7]_i_1/CO[3]
                         net (fo=1, routed)           0.000     6.122    shippos_reg[7]_i_1_n_0
    SLICE_X51Y61         CARRY4 (Prop_carry4_CI_O[2])
                                                      0.239     6.361 r  shippos_reg[10]_i_2/O[2]
                         net (fo=1, routed)           0.407     6.768    shippos_reg[10]_i_2_n_5
    SLICE_X51Y61         FDRE                                         r  shippos_reg[10]/D
  -------------------------------------------------------------------    -------------------

                         (clock sys_clk_pin rise edge)
                                                      0.000     0.000 r  
    E3                                                0.000     0.000 r  clk_in (IN)
                         net (fo=0)                   0.000     0.000    clk_in
    E3                   IBUF (Prop_ibuf_I_O)         1.411     1.411 r  clk_in_IBUF_inst/O
                         net (fo=1, routed)           1.920     3.331    clk_in_IBUF
    BUFGCTRL_X0Y16       BUFG (Prop_bufg_I_O)         0.091     3.422 r  clk_in_IBUF_BUFG_inst/O
                         net (fo=38, routed)          1.508     4.931    clk_in_IBUF_BUFG
    SLICE_X51Y61         FDRE                                         r  shippos_reg[10]/C

Slack:                    inf
  Source:                 btnl
                            (input port)
  Destination:            shippos_reg[3]/D
                            (rising edge-triggered cell FDRE clocked by sys_clk_pin  {rise@0.000ns fall@5.000ns period=10.000ns})
  Path Group:             (none)
  Path Type:              Setup (Max at Slow Process Corner)
  Data Path Delay:        6.393ns  (logic 1.984ns (31.032%)  route 4.409ns (68.968%))
  Logic Levels:           4  (CARRY4=1 IBUF=1 LUT2=1 LUT6=1)
  Clock Path Skew:        4.934ns (DCD - SCD + CPR)
    Destination Clock Delay (DCD):    4.934ns
    Source Clock Delay      (SCD):    0.000ns
    Clock Pessimism Removal (CPR):    0.000ns
  Clock Uncertainty:      0.025ns  ((TSJ^2 + TIJ^2)^1/2 + DJ) / 2 + PE
    Total System Jitter     (TSJ):    0.050ns
    Total Input Jitter      (TIJ):    0.000ns
    Discrete Jitter          (DJ):    0.000ns
    Phase Error              (PE):    0.000ns

    Location             Delay type                Incr(ns)  Path(ns)    Netlist Resource(s)
  -------------------------------------------------------------------    -------------------
    P17                                               0.000     0.000 r  btnl (IN)
                         net (fo=0)                   0.000     0.000    btnl
    P17                  IBUF (Prop_ibuf_I_O)         1.488     1.488 r  btnl_IBUF_inst/O
                         net (fo=1, routed)           3.046     4.534    btnl_IBUF
    SLICE_X44Y60         LUT6 (Prop_lut6_I5_O)        0.124     4.658 r  shippos[10]_i_3/O
                         net (fo=4, routed)           0.825     5.483    shippos1
    SLICE_X51Y59         LUT2 (Prop_lut2_I0_O)        0.124     5.607 r  shippos[3]_i_2/O
                         net (fo=1, routed)           0.000     5.607    shippos[3]_i_2_n_0
    SLICE_X51Y59         CARRY4 (Prop_carry4_S[3]_O[3])
                                                      0.248     5.855 r  shippos_reg[3]_i_1/O[3]
                         net (fo=1, routed)           0.538     6.393    shippos_reg[3]_i_1_n_4
    SLICE_X47Y59         FDRE                                         r  shippos_reg[3]/D
  -------------------------------------------------------------------    -------------------

                         (clock sys_clk_pin rise edge)
                                                      0.000     0.000 r  
    E3                                                0.000     0.000 r  clk_in (IN)
                         net (fo=0)                   0.000     0.000    clk_in
    E3                   IBUF (Prop_ibuf_I_O)         1.411     1.411 r  clk_in_IBUF_inst/O
                         net (fo=1, routed)           1.920     3.331    clk_in_IBUF
    BUFGCTRL_X0Y16       BUFG (Prop_bufg_I_O)         0.091     3.422 r  clk_in_IBUF_BUFG_inst/O
                         net (fo=38, routed)          1.511     4.934    clk_in_IBUF_BUFG
    SLICE_X47Y59         FDRE                                         r  shippos_reg[3]/C

Slack:                    inf
  Source:                 btnl
                            (input port)
  Destination:            shippos_reg[2]/D
                            (rising edge-triggered cell FDRE clocked by sys_clk_pin  {rise@0.000ns fall@5.000ns period=10.000ns})
  Path Group:             (none)
  Path Type:              Setup (Max at Slow Process Corner)
  Data Path Delay:        6.199ns  (logic 1.984ns (32.001%)  route 4.216ns (67.999%))
  Logic Levels:           4  (CARRY4=1 IBUF=1 LUT2=1 LUT6=1)
  Clock Path Skew:        4.932ns (DCD - SCD + CPR)
    Destination Clock Delay (DCD):    4.932ns
    Source Clock Delay      (SCD):    0.000ns
    Clock Pessimism Removal (CPR):    0.000ns
  Clock Uncertainty:      0.025ns  ((TSJ^2 + TIJ^2)^1/2 + DJ) / 2 + PE
    Total System Jitter     (TSJ):    0.050ns
    Total Input Jitter      (TIJ):    0.000ns
    Discrete Jitter          (DJ):    0.000ns
    Phase Error              (PE):    0.000ns

    Location             Delay type                Incr(ns)  Path(ns)    Netlist Resource(s)
  -------------------------------------------------------------------    -------------------
    P17                                               0.000     0.000 r  btnl (IN)
                         net (fo=0)                   0.000     0.000    btnl
    P17                  IBUF (Prop_ibuf_I_O)         1.488     1.488 r  btnl_IBUF_inst/O
                         net (fo=1, routed)           3.046     4.534    btnl_IBUF
    SLICE_X44Y60         LUT6 (Prop_lut6_I5_O)        0.124     4.658 r  shippos[10]_i_3/O
                         net (fo=4, routed)           0.495     5.153    shippos1
    SLICE_X51Y59         LUT2 (Prop_lut2_I0_O)        0.124     5.277 r  shippos[3]_i_3/O
                         net (fo=1, routed)           0.000     5.277    shippos[3]_i_3_n_0
    SLICE_X51Y59         CARRY4 (Prop_carry4_S[2]_O[2])
                                                      0.248     5.525 r  shippos_reg[3]_i_1/O[2]
                         net (fo=1, routed)           0.674     6.199    shippos_reg[3]_i_1_n_5
    SLICE_X51Y59         FDRE                                         r  shippos_reg[2]/D
  -------------------------------------------------------------------    -------------------

                         (clock sys_clk_pin rise edge)
                                                      0.000     0.000 r  
    E3                                                0.000     0.000 r  clk_in (IN)
                         net (fo=0)                   0.000     0.000    clk_in
    E3                   IBUF (Prop_ibuf_I_O)         1.411     1.411 r  clk_in_IBUF_inst/O
                         net (fo=1, routed)           1.920     3.331    clk_in_IBUF
    BUFGCTRL_X0Y16       BUFG (Prop_bufg_I_O)         0.091     3.422 r  clk_in_IBUF_BUFG_inst/O
                         net (fo=38, routed)          1.509     4.932    clk_in_IBUF_BUFG
    SLICE_X51Y59         FDRE                                         r  shippos_reg[2]/C

Slack:                    inf
  Source:                 btnl
                            (input port)
  Destination:            shippos_reg[0]_replica/CE
                            (rising edge-triggered cell FDRE clocked by sys_clk_pin  {rise@0.000ns fall@5.000ns period=10.000ns})
  Path Group:             (none)
  Path Type:              Setup (Max at Slow Process Corner)
  Data Path Delay:        6.197ns  (logic 1.736ns (28.011%)  route 4.461ns (71.989%))
  Logic Levels:           3  (IBUF=1 LUT6=2)
  Clock Path Skew:        4.933ns (DCD - SCD + CPR)
    Destination Clock Delay (DCD):    4.933ns
    Source Clock Delay      (SCD):    0.000ns
    Clock Pessimism Removal (CPR):    0.000ns
  Clock Uncertainty:      0.025ns  ((TSJ^2 + TIJ^2)^1/2 + DJ) / 2 + PE
    Total System Jitter     (TSJ):    0.050ns
    Total Input Jitter      (TIJ):    0.000ns
    Discrete Jitter          (DJ):    0.000ns
    Phase Error              (PE):    0.000ns

    Location             Delay type                Incr(ns)  Path(ns)    Netlist Resource(s)
  -------------------------------------------------------------------    -------------------
    P17                                               0.000     0.000 r  btnl (IN)
                         net (fo=0)                   0.000     0.000    btnl
    P17                  IBUF (Prop_ibuf_I_O)         1.488     1.488 r  btnl_IBUF_inst/O
                         net (fo=1, routed)           3.046     4.534    btnl_IBUF
    SLICE_X44Y60         LUT6 (Prop_lut6_I5_O)        0.124     4.658 r  shippos[10]_i_3/O
                         net (fo=4, routed)           0.468     5.126    shippos1
    SLICE_X44Y60         LUT6 (Prop_lut6_I0_O)        0.124     5.250 r  shippos[10]_i_1/O
                         net (fo=16, routed)          0.947     6.197    shippos[10]_i_1_n_0
    SLICE_X50Y57         FDRE                                         r  shippos_reg[0]_replica/CE
  -------------------------------------------------------------------    -------------------

                         (clock sys_clk_pin rise edge)
                                                      0.000     0.000 r  
    E3                                                0.000     0.000 r  clk_in (IN)
                         net (fo=0)                   0.000     0.000    clk_in
    E3                   IBUF (Prop_ibuf_I_O)         1.411     1.411 r  clk_in_IBUF_inst/O
                         net (fo=1, routed)           1.920     3.331    clk_in_IBUF
    BUFGCTRL_X0Y16       BUFG (Prop_bufg_I_O)         0.091     3.422 r  clk_in_IBUF_BUFG_inst/O
                         net (fo=38, routed)          1.510     4.933    clk_in_IBUF_BUFG
    SLICE_X50Y57         FDRE                                         r  shippos_reg[0]_replica/C





Min Delay Paths
--------------------------------------------------------------------------------------
Slack:                    inf
  Source:                 btnr
                            (input port)
  Destination:            shippos_reg[0]_replica_3/CE
                            (rising edge-triggered cell FDRE clocked by sys_clk_pin  {rise@0.000ns fall@5.000ns period=10.000ns})
  Path Group:             (none)
  Path Type:              Hold (Min at Fast Process Corner)
  Data Path Delay:        1.652ns  (logic 0.280ns (16.972%)  route 1.372ns (83.028%))
  Logic Levels:           2  (IBUF=1 LUT6=1)
  Clock Path Skew:        2.001ns (DCD - SCD - CPR)
    Destination Clock Delay (DCD):    2.001ns
    Source Clock Delay      (SCD):    0.000ns
    Clock Pessimism Removal (CPR):    -0.000ns

    Location             Delay type                Incr(ns)  Path(ns)    Netlist Resource(s)
  -------------------------------------------------------------------    -------------------
    M17                                               0.000     0.000 r  btnr (IN)
                         net (fo=0)                   0.000     0.000    btnr
    M17                  IBUF (Prop_ibuf_I_O)         0.235     0.235 r  btnr_IBUF_inst/O
                         net (fo=1, routed)           1.238     1.473    btnr_IBUF
    SLICE_X44Y60         LUT6 (Prop_lut6_I3_O)        0.045     1.518 r  shippos[10]_i_1/O
                         net (fo=16, routed)          0.134     1.652    shippos[10]_i_1_n_0
    SLICE_X43Y60         FDRE                                         r  shippos_reg[0]_replica_3/CE
  -------------------------------------------------------------------    -------------------

                         (clock sys_clk_pin rise edge)
                                                      0.000     0.000 r  
    E3                                                0.000     0.000 r  clk_in (IN)
                         net (fo=0)                   0.000     0.000    clk_in
    E3                   IBUF (Prop_ibuf_I_O)         0.438     0.438 r  clk_in_IBUF_inst/O
                         net (fo=1, routed)           0.699     1.136    clk_in_IBUF
    BUFGCTRL_X0Y16       BUFG (Prop_bufg_I_O)         0.029     1.165 r  clk_in_IBUF_BUFG_inst/O
                         net (fo=38, routed)          0.836     2.001    clk_in_IBUF_BUFG
    SLICE_X43Y60         FDRE                                         r  shippos_reg[0]_replica_3/C

Slack:                    inf
  Source:                 btnr
                            (input port)
  Destination:            shippos_reg[3]/CE
                            (rising edge-triggered cell FDRE clocked by sys_clk_pin  {rise@0.000ns fall@5.000ns period=10.000ns})
  Path Group:             (none)
  Path Type:              Hold (Min at Fast Process Corner)
  Data Path Delay:        1.722ns  (logic 0.280ns (16.286%)  route 1.441ns (83.714%))
  Logic Levels:           2  (IBUF=1 LUT6=1)
  Clock Path Skew:        2.001ns (DCD - SCD - CPR)
    Destination Clock Delay (DCD):    2.001ns
    Source Clock Delay      (SCD):    0.000ns
    Clock Pessimism Removal (CPR):    -0.000ns

    Location             Delay type                Incr(ns)  Path(ns)    Netlist Resource(s)
  -------------------------------------------------------------------    -------------------
    M17                                               0.000     0.000 r  btnr (IN)
                         net (fo=0)                   0.000     0.000    btnr
    M17                  IBUF (Prop_ibuf_I_O)         0.235     0.235 r  btnr_IBUF_inst/O
                         net (fo=1, routed)           1.238     1.473    btnr_IBUF
    SLICE_X44Y60         LUT6 (Prop_lut6_I3_O)        0.045     1.518 r  shippos[10]_i_1/O
                         net (fo=16, routed)          0.204     1.722    shippos[10]_i_1_n_0
    SLICE_X47Y59         FDRE                                         r  shippos_reg[3]/CE
  -------------------------------------------------------------------    -------------------

                         (clock sys_clk_pin rise edge)
                                                      0.000     0.000 r  
    E3                                                0.000     0.000 r  clk_in (IN)
                         net (fo=0)                   0.000     0.000    clk_in
    E3                   IBUF (Prop_ibuf_I_O)         0.438     0.438 r  clk_in_IBUF_inst/O
                         net (fo=1, routed)           0.699     1.136    clk_in_IBUF
    BUFGCTRL_X0Y16       BUFG (Prop_bufg_I_O)         0.029     1.165 r  clk_in_IBUF_BUFG_inst/O
                         net (fo=38, routed)          0.836     2.001    clk_in_IBUF_BUFG
    SLICE_X47Y59         FDRE                                         r  shippos_reg[3]/C

Slack:                    inf
  Source:                 btnr
                            (input port)
  Destination:            shippos_reg[6]/CE
                            (rising edge-triggered cell FDRE clocked by sys_clk_pin  {rise@0.000ns fall@5.000ns period=10.000ns})
  Path Group:             (none)
  Path Type:              Hold (Min at Fast Process Corner)
  Data Path Delay:        1.725ns  (logic 0.280ns (16.256%)  route 1.444ns (83.744%))
  Logic Levels:           2  (IBUF=1 LUT6=1)
  Clock Path Skew:        2.001ns (DCD - SCD - CPR)
    Destination Clock Delay (DCD):    2.001ns
    Source Clock Delay      (SCD):    0.000ns
    Clock Pessimism Removal (CPR):    -0.000ns

    Location             Delay type                Incr(ns)  Path(ns)    Netlist Resource(s)
  -------------------------------------------------------------------    -------------------
    M17                                               0.000     0.000 r  btnr (IN)
                         net (fo=0)                   0.000     0.000    btnr
    M17                  IBUF (Prop_ibuf_I_O)         0.235     0.235 r  btnr_IBUF_inst/O
                         net (fo=1, routed)           1.238     1.473    btnr_IBUF
    SLICE_X44Y60         LUT6 (Prop_lut6_I3_O)        0.045     1.518 r  shippos[10]_i_1/O
                         net (fo=16, routed)          0.207     1.725    shippos[10]_i_1_n_0
    SLICE_X44Y61         FDRE                                         r  shippos_reg[6]/CE
  -------------------------------------------------------------------    -------------------

                         (clock sys_clk_pin rise edge)
                                                      0.000     0.000 r  
    E3                                                0.000     0.000 r  clk_in (IN)
                         net (fo=0)                   0.000     0.000    clk_in
    E3                   IBUF (Prop_ibuf_I_O)         0.438     0.438 r  clk_in_IBUF_inst/O
                         net (fo=1, routed)           0.699     1.136    clk_in_IBUF
    BUFGCTRL_X0Y16       BUFG (Prop_bufg_I_O)         0.029     1.165 r  clk_in_IBUF_BUFG_inst/O
                         net (fo=38, routed)          0.836     2.001    clk_in_IBUF_BUFG
    SLICE_X44Y61         FDRE                                         r  shippos_reg[6]/C

Slack:                    inf
  Source:                 btnr
                            (input port)
  Destination:            shippos_reg[0]/CE
                            (rising edge-triggered cell FDRE clocked by sys_clk_pin  {rise@0.000ns fall@5.000ns period=10.000ns})
  Path Group:             (none)
  Path Type:              Hold (Min at Fast Process Corner)
  Data Path Delay:        1.763ns  (logic 0.280ns (15.903%)  route 1.483ns (84.097%))
  Logic Levels:           2  (IBUF=1 LUT6=1)
  Clock Path Skew:        1.998ns (DCD - SCD - CPR)
    Destination Clock Delay (DCD):    1.998ns
    Source Clock Delay      (SCD):    0.000ns
    Clock Pessimism Removal (CPR):    -0.000ns

    Location             Delay type                Incr(ns)  Path(ns)    Netlist Resource(s)
  -------------------------------------------------------------------    -------------------
    M17                                               0.000     0.000 r  btnr (IN)
                         net (fo=0)                   0.000     0.000    btnr
    M17                  IBUF (Prop_ibuf_I_O)         0.235     0.235 r  btnr_IBUF_inst/O
                         net (fo=1, routed)           1.238     1.473    btnr_IBUF
    SLICE_X44Y60         LUT6 (Prop_lut6_I3_O)        0.045     1.518 r  shippos[10]_i_1/O
                         net (fo=16, routed)          0.245     1.763    shippos[10]_i_1_n_0
    SLICE_X51Y60         FDRE                                         r  shippos_reg[0]/CE
  -------------------------------------------------------------------    -------------------

                         (clock sys_clk_pin rise edge)
                                                      0.000     0.000 r  
    E3                                                0.000     0.000 r  clk_in (IN)
                         net (fo=0)                   0.000     0.000    clk_in
    E3                   IBUF (Prop_ibuf_I_O)         0.438     0.438 r  clk_in_IBUF_inst/O
                         net (fo=1, routed)           0.699     1.136    clk_in_IBUF
    BUFGCTRL_X0Y16       BUFG (Prop_bufg_I_O)         0.029     1.165 r  clk_in_IBUF_BUFG_inst/O
                         net (fo=38, routed)          0.833     1.998    clk_in_IBUF_BUFG
    SLICE_X51Y60         FDRE                                         r  shippos_reg[0]/C

Slack:                    inf
  Source:                 btnr
                            (input port)
  Destination:            shippos_reg[1]/CE
                            (rising edge-triggered cell FDRE clocked by sys_clk_pin  {rise@0.000ns fall@5.000ns period=10.000ns})
  Path Group:             (none)
  Path Type:              Hold (Min at Fast Process Corner)
  Data Path Delay:        1.763ns  (logic 0.280ns (15.903%)  route 1.483ns (84.097%))
  Logic Levels:           2  (IBUF=1 LUT6=1)
  Clock Path Skew:        1.998ns (DCD - SCD - CPR)
    Destination Clock Delay (DCD):    1.998ns
    Source Clock Delay      (SCD):    0.000ns
    Clock Pessimism Removal (CPR):    -0.000ns

    Location             Delay type                Incr(ns)  Path(ns)    Netlist Resource(s)
  -------------------------------------------------------------------    -------------------
    M17                                               0.000     0.000 r  btnr (IN)
                         net (fo=0)                   0.000     0.000    btnr
    M17                  IBUF (Prop_ibuf_I_O)         0.235     0.235 r  btnr_IBUF_inst/O
                         net (fo=1, routed)           1.238     1.473    btnr_IBUF
    SLICE_X44Y60         LUT6 (Prop_lut6_I3_O)        0.045     1.518 r  shippos[10]_i_1/O
                         net (fo=16, routed)          0.245     1.763    shippos[10]_i_1_n_0
    SLICE_X51Y60         FDRE                                         r  shippos_reg[1]/CE
  -------------------------------------------------------------------    -------------------

                         (clock sys_clk_pin rise edge)
                                                      0.000     0.000 r  
    E3                                                0.000     0.000 r  clk_in (IN)
                         net (fo=0)                   0.000     0.000    clk_in
    E3                   IBUF (Prop_ibuf_I_O)         0.438     0.438 r  clk_in_IBUF_inst/O
                         net (fo=1, routed)           0.699     1.136    clk_in_IBUF
    BUFGCTRL_X0Y16       BUFG (Prop_bufg_I_O)         0.029     1.165 r  clk_in_IBUF_BUFG_inst/O
                         net (fo=38, routed)          0.833     1.998    clk_in_IBUF_BUFG
    SLICE_X51Y60         FDRE                                         r  shippos_reg[1]/C

Slack:                    inf
  Source:                 btnr
                            (input port)
  Destination:            shippos_reg[7]/CE
                            (rising edge-triggered cell FDRE clocked by sys_clk_pin  {rise@0.000ns fall@5.000ns period=10.000ns})
  Path Group:             (none)
  Path Type:              Hold (Min at Fast Process Corner)
  Data Path Delay:        1.781ns  (logic 0.280ns (15.747%)  route 1.500ns (84.253%))
  Logic Levels:           2  (IBUF=1 LUT6=1)
  Clock Path Skew:        2.000ns (DCD - SCD - CPR)
    Destination Clock Delay (DCD):    2.000ns
    Source Clock Delay      (SCD):    0.000ns
    Clock Pessimism Removal (CPR):    -0.000ns

    Location             Delay type                Incr(ns)  Path(ns)    Netlist Resource(s)
  -------------------------------------------------------------------    -------------------
    M17                                               0.000     0.000 r  btnr (IN)
                         net (fo=0)                   0.000     0.000    btnr
    M17                  IBUF (Prop_ibuf_I_O)         0.235     0.235 r  btnr_IBUF_inst/O
                         net (fo=1, routed)           1.238     1.473    btnr_IBUF
    SLICE_X44Y60         LUT6 (Prop_lut6_I3_O)        0.045     1.518 r  shippos[10]_i_1/O
                         net (fo=16, routed)          0.263     1.781    shippos[10]_i_1_n_0
    SLICE_X47Y61         FDRE                                         r  shippos_reg[7]/CE
  -------------------------------------------------------------------    -------------------

                         (clock sys_clk_pin rise edge)
                                                      0.000     0.000 r  
    E3                                                0.000     0.000 r  clk_in (IN)
                         net (fo=0)                   0.000     0.000    clk_in
    E3                   IBUF (Prop_ibuf_I_O)         0.438     0.438 r  clk_in_IBUF_inst/O
                         net (fo=1, routed)           0.699     1.136    clk_in_IBUF
    BUFGCTRL_X0Y16       BUFG (Prop_bufg_I_O)         0.029     1.165 r  clk_in_IBUF_BUFG_inst/O
                         net (fo=38, routed)          0.835     2.000    clk_in_IBUF_BUFG
    SLICE_X47Y61         FDRE                                         r  shippos_reg[7]/C

Slack:                    inf
  Source:                 btnr
                            (input port)
  Destination:            shippos_reg[5]/CE
                            (rising edge-triggered cell FDRE clocked by sys_clk_pin  {rise@0.000ns fall@5.000ns period=10.000ns})
  Path Group:             (none)
  Path Type:              Hold (Min at Fast Process Corner)
  Data Path Delay:        1.804ns  (logic 0.280ns (15.540%)  route 1.524ns (84.460%))
  Logic Levels:           2  (IBUF=1 LUT6=1)
  Clock Path Skew:        2.000ns (DCD - SCD - CPR)
    Destination Clock Delay (DCD):    2.000ns
    Source Clock Delay      (SCD):    0.000ns
    Clock Pessimism Removal (CPR):    -0.000ns

    Location             Delay type                Incr(ns)  Path(ns)    Netlist Resource(s)
  -------------------------------------------------------------------    -------------------
    M17                                               0.000     0.000 r  btnr (IN)
                         net (fo=0)                   0.000     0.000    btnr
    M17                  IBUF (Prop_ibuf_I_O)         0.235     0.235 r  btnr_IBUF_inst/O
                         net (fo=1, routed)           1.238     1.473    btnr_IBUF
    SLICE_X44Y60         LUT6 (Prop_lut6_I3_O)        0.045     1.518 r  shippos[10]_i_1/O
                         net (fo=16, routed)          0.286     1.804    shippos[10]_i_1_n_0
    SLICE_X48Y60         FDRE                                         r  shippos_reg[5]/CE
  -------------------------------------------------------------------    -------------------

                         (clock sys_clk_pin rise edge)
                                                      0.000     0.000 r  
    E3                                                0.000     0.000 r  clk_in (IN)
                         net (fo=0)                   0.000     0.000    clk_in
    E3                   IBUF (Prop_ibuf_I_O)         0.438     0.438 r  clk_in_IBUF_inst/O
                         net (fo=1, routed)           0.699     1.136    clk_in_IBUF
    BUFGCTRL_X0Y16       BUFG (Prop_bufg_I_O)         0.029     1.165 r  clk_in_IBUF_BUFG_inst/O
                         net (fo=38, routed)          0.835     2.000    clk_in_IBUF_BUFG
    SLICE_X48Y60         FDRE                                         r  shippos_reg[5]/C

Slack:                    inf
  Source:                 btnr
                            (input port)
  Destination:            shippos_reg[2]/CE
                            (rising edge-triggered cell FDRE clocked by sys_clk_pin  {rise@0.000ns fall@5.000ns period=10.000ns})
  Path Group:             (none)
  Path Type:              Hold (Min at Fast Process Corner)
  Data Path Delay:        1.816ns  (logic 0.280ns (15.440%)  route 1.536ns (84.560%))
  Logic Levels:           2  (IBUF=1 LUT6=1)
  Clock Path Skew:        1.999ns (DCD - SCD - CPR)
    Destination Clock Delay (DCD):    1.999ns
    Source Clock Delay      (SCD):    0.000ns
    Clock Pessimism Removal (CPR):    -0.000ns

    Location             Delay type                Incr(ns)  Path(ns)    Netlist Resource(s)
  -------------------------------------------------------------------    -------------------
    M17                                               0.000     0.000 r  btnr (IN)
                         net (fo=0)                   0.000     0.000    btnr
    M17                  IBUF (Prop_ibuf_I_O)         0.235     0.235 r  btnr_IBUF_inst/O
                         net (fo=1, routed)           1.238     1.473    btnr_IBUF
    SLICE_X44Y60         LUT6 (Prop_lut6_I3_O)        0.045     1.518 r  shippos[10]_i_1/O
                         net (fo=16, routed)          0.298     1.816    shippos[10]_i_1_n_0
    SLICE_X51Y59         FDRE                                         r  shippos_reg[2]/CE
  -------------------------------------------------------------------    -------------------

                         (clock sys_clk_pin rise edge)
                                                      0.000     0.000 r  
    E3                                                0.000     0.000 r  clk_in (IN)
                         net (fo=0)                   0.000     0.000    clk_in
    E3                   IBUF (Prop_ibuf_I_O)         0.438     0.438 r  clk_in_IBUF_inst/O
                         net (fo=1, routed)           0.699     1.136    clk_in_IBUF
    BUFGCTRL_X0Y16       BUFG (Prop_bufg_I_O)         0.029     1.165 r  clk_in_IBUF_BUFG_inst/O
                         net (fo=38, routed)          0.834     1.999    clk_in_IBUF_BUFG
    SLICE_X51Y59         FDRE                                         r  shippos_reg[2]/C

Slack:                    inf
  Source:                 btnr
                            (input port)
  Destination:            shippos_reg[10]/CE
                            (rising edge-triggered cell FDRE clocked by sys_clk_pin  {rise@0.000ns fall@5.000ns period=10.000ns})
  Path Group:             (none)
  Path Type:              Hold (Min at Fast Process Corner)
  Data Path Delay:        1.818ns  (logic 0.280ns (15.423%)  route 1.538ns (84.577%))
  Logic Levels:           2  (IBUF=1 LUT6=1)
  Clock Path Skew:        1.998ns (DCD - SCD - CPR)
    Destination Clock Delay (DCD):    1.998ns
    Source Clock Delay      (SCD):    0.000ns
    Clock Pessimism Removal (CPR):    -0.000ns

    Location             Delay type                Incr(ns)  Path(ns)    Netlist Resource(s)
  -------------------------------------------------------------------    -------------------
    M17                                               0.000     0.000 r  btnr (IN)
                         net (fo=0)                   0.000     0.000    btnr
    M17                  IBUF (Prop_ibuf_I_O)         0.235     0.235 r  btnr_IBUF_inst/O
                         net (fo=1, routed)           1.238     1.473    btnr_IBUF
    SLICE_X44Y60         LUT6 (Prop_lut6_I3_O)        0.045     1.518 r  shippos[10]_i_1/O
                         net (fo=16, routed)          0.300     1.818    shippos[10]_i_1_n_0
    SLICE_X51Y61         FDRE                                         r  shippos_reg[10]/CE
  -------------------------------------------------------------------    -------------------

                         (clock sys_clk_pin rise edge)
                                                      0.000     0.000 r  
    E3                                                0.000     0.000 r  clk_in (IN)
                         net (fo=0)                   0.000     0.000    clk_in
    E3                   IBUF (Prop_ibuf_I_O)         0.438     0.438 r  clk_in_IBUF_inst/O
                         net (fo=1, routed)           0.699     1.136    clk_in_IBUF
    BUFGCTRL_X0Y16       BUFG (Prop_bufg_I_O)         0.029     1.165 r  clk_in_IBUF_BUFG_inst/O
                         net (fo=38, routed)          0.833     1.998    clk_in_IBUF_BUFG
    SLICE_X51Y61         FDRE                                         r  shippos_reg[10]/C

Slack:                    inf
  Source:                 btnr
                            (input port)
  Destination:            shippos_reg[4]/CE
                            (rising edge-triggered cell FDRE clocked by sys_clk_pin  {rise@0.000ns fall@5.000ns period=10.000ns})
  Path Group:             (none)
  Path Type:              Hold (Min at Fast Process Corner)
  Data Path Delay:        1.818ns  (logic 0.280ns (15.423%)  route 1.538ns (84.577%))
  Logic Levels:           2  (IBUF=1 LUT6=1)
  Clock Path Skew:        1.998ns (DCD - SCD - CPR)
    Destination Clock Delay (DCD):    1.998ns
    Source Clock Delay      (SCD):    0.000ns
    Clock Pessimism Removal (CPR):    -0.000ns

    Location             Delay type                Incr(ns)  Path(ns)    Netlist Resource(s)
  -------------------------------------------------------------------    -------------------
    M17                                               0.000     0.000 r  btnr (IN)
                         net (fo=0)                   0.000     0.000    btnr
    M17                  IBUF (Prop_ibuf_I_O)         0.235     0.235 r  btnr_IBUF_inst/O
                         net (fo=1, routed)           1.238     1.473    btnr_IBUF
    SLICE_X44Y60         LUT6 (Prop_lut6_I3_O)        0.045     1.518 r  shippos[10]_i_1/O
                         net (fo=16, routed)          0.300     1.818    shippos[10]_i_1_n_0
    SLICE_X51Y61         FDRE                                         r  shippos_reg[4]/CE
  -------------------------------------------------------------------    -------------------

                         (clock sys_clk_pin rise edge)
                                                      0.000     0.000 r  
    E3                                                0.000     0.000 r  clk_in (IN)
                         net (fo=0)                   0.000     0.000    clk_in
    E3                   IBUF (Prop_ibuf_I_O)         0.438     0.438 r  clk_in_IBUF_inst/O
                         net (fo=1, routed)           0.699     1.136    clk_in_IBUF
    BUFGCTRL_X0Y16       BUFG (Prop_bufg_I_O)         0.029     1.165 r  clk_in_IBUF_BUFG_inst/O
                         net (fo=38, routed)          0.833     1.998    clk_in_IBUF_BUFG
    SLICE_X51Y61         FDRE                                         r  shippos_reg[4]/C





