Copyright 1986-2022 Xilinx, Inc. All Rights Reserved. Copyright 2022-2024 Advanced Micro Devices, Inc. All Rights Reserved.
---------------------------------------------------------------------------------------------------------------------------------------------------------------------------------------------------------------------------------------
| Tool Version : Vivado v.2024.2 (win64) Build 5239630 Fri Nov 08 22:35:27 MST 2024
| Date         : Thu Apr 24 17:50:57 2025
| Host         : DarthViktor running 64-bit major release  (build 9200)
| Command      : report_timing_summary -max_paths 10 -report_unconstrained -file space_invaders_timing_summary_routed.rpt -pb space_invaders_timing_summary_routed.pb -rpx space_invaders_timing_summary_routed.rpx -warn_on_violation
| Design       : space_invaders
| Device       : 7a100t-csg324
| Speed File   : -1  PRODUCTION 1.23 2018-06-13
| Design State : Routed
---------------------------------------------------------------------------------------------------------------------------------------------------------------------------------------------------------------------------------------

Timing Summary Report

------------------------------------------------------------------------------------------------
| Timer Settings
| --------------
------------------------------------------------------------------------------------------------

  Enable Multi Corner Analysis               :  Yes
  Enable Pessimism Removal                   :  Yes
  Pessimism Removal Resolution               :  Nearest Common Node
  Enable Input Delay Default Clock           :  No
  Enable Preset / Clear Arcs                 :  No
  Disable Flight Delays                      :  No
  Ignore I/O Paths                           :  No
  Timing Early Launch at Borrowing Latches   :  No
  Borrow Time for Max Delay Exceptions       :  Yes
  Merge Timing Exceptions                    :  Yes
  Inter-SLR Compensation                     :  Conservative

  Corner  Analyze    Analyze    
  Name    Max Paths  Min Paths  
  ------  ---------  ---------  
  Slow    Yes        Yes        
  Fast    Yes        Yes        


------------------------------------------------------------------------------------------------
| Report Methodology
| ------------------
------------------------------------------------------------------------------------------------

Rule       Severity          Description                    Violations  
---------  ----------------  -----------------------------  ----------  
TIMING-17  Critical Warning  Non-clocked sequential cell    24          
TIMING-16  Warning           Large setup violation          2           
TIMING-18  Warning           Missing input or output delay  12          

Note: This report is based on the most recent report_methodology run and may not be up-to-date. Run report_methodology on the current design for the latest report.



check_timing report

Table of Contents
-----------------
1. checking no_clock (24)
2. checking constant_clock (0)
3. checking pulse_width_clock (0)
4. checking unconstrained_internal_endpoints (46)
5. checking no_input_delay (5)
6. checking no_output_delay (9)
7. checking multiple_clock (0)
8. checking generated_clocks (0)
9. checking loops (0)
10. checking partial_input_delay (0)
11. checking partial_output_delay (0)
12. checking latch_loops (0)

1. checking no_clock (24)
-------------------------
 There are 24 register/latch pins with no clock driven by root clock pin: vga_driver/vsync_reg/Q (HIGH)


2. checking constant_clock (0)
------------------------------
 There are 0 register/latch pins with constant_clock.


3. checking pulse_width_clock (0)
---------------------------------
 There are 0 register/latch pins which need pulse_width check


4. checking unconstrained_internal_endpoints (46)
-------------------------------------------------
 There are 46 pins that are not constrained for maximum delay. (HIGH)

 There are 0 pins that are not constrained for maximum delay due to constant clock.


5. checking no_input_delay (5)
------------------------------
 There are 5 input ports with no input delay specified. (HIGH)

 There are 0 input ports with no input delay but user has a false path constraint.


6. checking no_output_delay (9)
-------------------------------
 There are 9 ports with no output delay specified. (HIGH)

 There are 0 ports with no output delay but user has a false path constraint

 There are 0 ports with no output delay but with a timing clock defined on it or propagating through it


7. checking multiple_clock (0)
------------------------------
 There are 0 register/latch pins with multiple clocks.


8. checking generated_clocks (0)
--------------------------------
 There are 0 generated clocks that are not connected to a clock source.


9. checking loops (0)
---------------------
 There are 0 combinational loops in the design.


10. checking partial_input_delay (0)
------------------------------------
 There are 0 input ports with partial input delay specified.


11. checking partial_output_delay (0)
-------------------------------------
 There are 0 ports with partial output delay specified.


12. checking latch_loops (0)
----------------------------
 There are 0 combinational latch loops in the design through latch input



------------------------------------------------------------------------------------------------
| Design Timing Summary
| ---------------------
------------------------------------------------------------------------------------------------

    WNS(ns)      TNS(ns)  TNS Failing Endpoints  TNS Total Endpoints      WHS(ns)      THS(ns)  THS Failing Endpoints  THS Total Endpoints     WPWS(ns)     TPWS(ns)  TPWS Failing Endpoints  TPWS Total Endpoints  
    -------      -------  ---------------------  -------------------      -------      -------  ---------------------  -------------------     --------     --------  ----------------------  --------------------  
     -5.940      -11.457                      2                  184        0.019        0.000                      0                  184        3.000        0.000                       0                   119  


Timing constraints are not met.


------------------------------------------------------------------------------------------------
| Clock Summary
| -------------
------------------------------------------------------------------------------------------------

Clock                 Waveform(ns)       Period(ns)      Frequency(MHz)
-----                 ------------       ----------      --------------
sys_clk_pin           {0.000 5.000}      10.000          100.000         
  clk_out1_clk_wiz_0  {0.000 12.469}     24.938          40.099          
  clkfbout_clk_wiz_0  {0.000 5.000}      10.000          100.000         


------------------------------------------------------------------------------------------------
| Intra Clock Table
| -----------------
------------------------------------------------------------------------------------------------

Clock                     WNS(ns)      TNS(ns)  TNS Failing Endpoints  TNS Total Endpoints      WHS(ns)      THS(ns)  THS Failing Endpoints  THS Total Endpoints     WPWS(ns)     TPWS(ns)  TPWS Failing Endpoints  TPWS Total Endpoints  
-----                     -------      -------  ---------------------  -------------------      -------      -------  ---------------------  -------------------     --------     --------  ----------------------  --------------------  
sys_clk_pin                 3.046        0.000                      0                  103        0.280        0.000                      0                  103        3.000        0.000                       0                    64  
  clk_out1_clk_wiz_0       17.334        0.000                      0                   81        0.019        0.000                      0                   81       11.969        0.000                       0                    52  
  clkfbout_clk_wiz_0                                                                                                                                                    7.845        0.000                       0                     3  


------------------------------------------------------------------------------------------------
| Inter Clock Table
| -----------------
------------------------------------------------------------------------------------------------

From Clock          To Clock                WNS(ns)      TNS(ns)  TNS Failing Endpoints  TNS Total Endpoints      WHS(ns)      THS(ns)  THS Failing Endpoints  THS Total Endpoints  
----------          --------                -------      -------  ---------------------  -------------------      -------      -------  ---------------------  -------------------  
sys_clk_pin         clk_out1_clk_wiz_0       -5.940      -11.457                      2                    2        0.419        0.000                      0                    2  


------------------------------------------------------------------------------------------------
| Other Path Groups Table
| -----------------------
------------------------------------------------------------------------------------------------

Path Group    From Clock    To Clock          WNS(ns)      TNS(ns)  TNS Failing Endpoints  TNS Total Endpoints      WHS(ns)      THS(ns)  THS Failing Endpoints  THS Total Endpoints  
----------    ----------    --------          -------      -------  ---------------------  -------------------      -------      -------  ---------------------  -------------------  


------------------------------------------------------------------------------------------------
| User Ignored Path Table
| -----------------------
------------------------------------------------------------------------------------------------

Path Group    From Clock    To Clock    
----------    ----------    --------    


------------------------------------------------------------------------------------------------
| Unconstrained Path Table
| ------------------------
------------------------------------------------------------------------------------------------

Path Group          From Clock          To Clock          
----------          ----------          --------          
(none)                                                      
(none)              clk_out1_clk_wiz_0                      
(none)              clkfbout_clk_wiz_0                      
(none)              sys_clk_pin                             
(none)                                  clk_out1_clk_wiz_0  
(none)                                  sys_clk_pin         


------------------------------------------------------------------------------------------------
| Timing Details
| --------------
------------------------------------------------------------------------------------------------


---------------------------------------------------------------------------------------------------
From Clock:  sys_clk_pin
  To Clock:  sys_clk_pin

Setup :            0  Failing Endpoints,  Worst Slack        3.046ns,  Total Violation        0.000ns
Hold  :            0  Failing Endpoints,  Worst Slack        0.280ns,  Total Violation        0.000ns
PW    :            0  Failing Endpoints,  Worst Slack        3.000ns,  Total Violation        0.000ns
---------------------------------------------------------------------------------------------------


Max Delay Paths
--------------------------------------------------------------------------------------
Slack (MET) :             3.046ns  (required time - arrival time)
  Source:                 count_reg[5]/C
                            (rising edge-triggered cell FDRE clocked by sys_clk_pin  {rise@0.000ns fall@5.000ns period=10.000ns})
  Destination:            ship_y_pos_reg[8]/D
                            (rising edge-triggered cell FDRE clocked by sys_clk_pin  {rise@0.000ns fall@5.000ns period=10.000ns})
  Path Group:             sys_clk_pin
  Path Type:              Setup (Max at Slow Process Corner)
  Requirement:            10.000ns  (sys_clk_pin rise@10.000ns - sys_clk_pin rise@0.000ns)
  Data Path Delay:        6.595ns  (logic 1.686ns (25.565%)  route 4.909ns (74.435%))
  Logic Levels:           7  (CARRY4=3 LUT4=1 LUT5=1 LUT6=2)
  Clock Path Skew:        -0.041ns (DCD - SCD + CPR)
    Destination Clock Delay (DCD):    5.027ns = ( 15.027 - 10.000 ) 
    Source Clock Delay      (SCD):    5.327ns
    Clock Pessimism Removal (CPR):    0.259ns
  Clock Uncertainty:      0.035ns  ((TSJ^2 + TIJ^2)^1/2 + DJ) / 2 + PE
    Total System Jitter     (TSJ):    0.071ns
    Total Input Jitter      (TIJ):    0.000ns
    Discrete Jitter          (DJ):    0.000ns
    Phase Error              (PE):    0.000ns

    Location             Delay type                Incr(ns)  Path(ns)    Netlist Resource(s)
  -------------------------------------------------------------------    -------------------
                         (clock sys_clk_pin rise edge)
                                                      0.000     0.000 r  
    E3                                                0.000     0.000 r  clk_in (IN)
                         net (fo=0)                   0.000     0.000    clk_in
    E3                   IBUF (Prop_ibuf_I_O)         1.482     1.482 r  clk_in_IBUF_inst/O
                         net (fo=1, routed)           2.025     3.506    clk_in_IBUF
    BUFGCTRL_X0Y16       BUFG (Prop_bufg_I_O)         0.096     3.602 r  clk_in_IBUF_BUFG_inst/O
                         net (fo=63, routed)          1.724     5.327    clk_in_IBUF_BUFG
    SLICE_X0Y91          FDRE                                         r  count_reg[5]/C
  -------------------------------------------------------------------    -------------------
    SLICE_X0Y91          FDRE (Prop_fdre_C_Q)         0.456     5.783 f  count_reg[5]/Q
                         net (fo=2, routed)           0.790     6.572    count_reg[5]
    SLICE_X1Y92          LUT4 (Prop_lut4_I2_O)        0.124     6.696 f  ship_y_pos[10]_i_13/O
                         net (fo=1, routed)           0.573     7.269    ship_y_pos[10]_i_13_n_0
    SLICE_X1Y92          LUT5 (Prop_lut5_I4_O)        0.124     7.393 f  ship_y_pos[10]_i_12/O
                         net (fo=1, routed)           0.598     7.991    ship_y_pos[10]_i_12_n_0
    SLICE_X2Y92          LUT6 (Prop_lut6_I5_O)        0.124     8.115 f  ship_y_pos[10]_i_4/O
                         net (fo=10, routed)          1.229     9.345    ship_y_pos[10]_i_4_n_0
    SLICE_X10Y95         LUT6 (Prop_lut6_I0_O)        0.124     9.469 r  ship_y_pos[3]_i_2/O
                         net (fo=1, routed)           0.790    10.259    ship_y_pos1
    SLICE_X7Y90          CARRY4 (Prop_carry4_DI[2]_CO[3])
                                                      0.398    10.657 r  ship_y_pos_reg[3]_i_1/CO[3]
                         net (fo=1, routed)           0.000    10.657    ship_y_pos_reg[3]_i_1_n_0
    SLICE_X7Y91          CARRY4 (Prop_carry4_CI_CO[3])
                                                      0.114    10.771 r  ship_y_pos_reg[7]_i_1/CO[3]
                         net (fo=1, routed)           0.000    10.771    ship_y_pos_reg[7]_i_1_n_0
    SLICE_X7Y92          CARRY4 (Prop_carry4_CI_O[0])
                                                      0.222    10.993 r  ship_y_pos_reg[10]_i_2/O[0]
                         net (fo=1, routed)           0.929    11.922    ship_y_pos_reg[10]_i_2_n_7
    SLICE_X5Y97          FDRE                                         r  ship_y_pos_reg[8]/D
  -------------------------------------------------------------------    -------------------

                         (clock sys_clk_pin rise edge)
                                                     10.000    10.000 r  
    E3                                                0.000    10.000 r  clk_in (IN)
                         net (fo=0)                   0.000    10.000    clk_in
    E3                   IBUF (Prop_ibuf_I_O)         1.411    11.411 r  clk_in_IBUF_inst/O
                         net (fo=1, routed)           1.920    13.331    clk_in_IBUF
    BUFGCTRL_X0Y16       BUFG (Prop_bufg_I_O)         0.091    13.422 r  clk_in_IBUF_BUFG_inst/O
                         net (fo=63, routed)          1.604    15.027    clk_in_IBUF_BUFG
    SLICE_X5Y97          FDRE                                         r  ship_y_pos_reg[8]/C
                         clock pessimism              0.259    15.286    
                         clock uncertainty           -0.035    15.250    
    SLICE_X5Y97          FDRE (Setup_fdre_C_D)       -0.283    14.967    ship_y_pos_reg[8]
  -------------------------------------------------------------------
                         required time                         14.967    
                         arrival time                         -11.922    
  -------------------------------------------------------------------
                         slack                                  3.046    

Slack (MET) :             3.210ns  (required time - arrival time)
  Source:                 count_reg[5]/C
                            (rising edge-triggered cell FDRE clocked by sys_clk_pin  {rise@0.000ns fall@5.000ns period=10.000ns})
  Destination:            ship_y_pos_reg[9]/D
                            (rising edge-triggered cell FDRE clocked by sys_clk_pin  {rise@0.000ns fall@5.000ns period=10.000ns})
  Path Group:             sys_clk_pin
  Path Type:              Setup (Max at Slow Process Corner)
  Requirement:            10.000ns  (sys_clk_pin rise@10.000ns - sys_clk_pin rise@0.000ns)
  Data Path Delay:        6.424ns  (logic 1.798ns (27.991%)  route 4.626ns (72.009%))
  Logic Levels:           7  (CARRY4=3 LUT4=1 LUT5=1 LUT6=2)
  Clock Path Skew:        -0.044ns (DCD - SCD + CPR)
    Destination Clock Delay (DCD):    5.024ns = ( 15.024 - 10.000 ) 
    Source Clock Delay      (SCD):    5.327ns
    Clock Pessimism Removal (CPR):    0.259ns
  Clock Uncertainty:      0.035ns  ((TSJ^2 + TIJ^2)^1/2 + DJ) / 2 + PE
    Total System Jitter     (TSJ):    0.071ns
    Total Input Jitter      (TIJ):    0.000ns
    Discrete Jitter          (DJ):    0.000ns
    Phase Error              (PE):    0.000ns

    Location             Delay type                Incr(ns)  Path(ns)    Netlist Resource(s)
  -------------------------------------------------------------------    -------------------
                         (clock sys_clk_pin rise edge)
                                                      0.000     0.000 r  
    E3                                                0.000     0.000 r  clk_in (IN)
                         net (fo=0)                   0.000     0.000    clk_in
    E3                   IBUF (Prop_ibuf_I_O)         1.482     1.482 r  clk_in_IBUF_inst/O
                         net (fo=1, routed)           2.025     3.506    clk_in_IBUF
    BUFGCTRL_X0Y16       BUFG (Prop_bufg_I_O)         0.096     3.602 r  clk_in_IBUF_BUFG_inst/O
                         net (fo=63, routed)          1.724     5.327    clk_in_IBUF_BUFG
    SLICE_X0Y91          FDRE                                         r  count_reg[5]/C
  -------------------------------------------------------------------    -------------------
    SLICE_X0Y91          FDRE (Prop_fdre_C_Q)         0.456     5.783 f  count_reg[5]/Q
                         net (fo=2, routed)           0.790     6.572    count_reg[5]
    SLICE_X1Y92          LUT4 (Prop_lut4_I2_O)        0.124     6.696 f  ship_y_pos[10]_i_13/O
                         net (fo=1, routed)           0.573     7.269    ship_y_pos[10]_i_13_n_0
    SLICE_X1Y92          LUT5 (Prop_lut5_I4_O)        0.124     7.393 f  ship_y_pos[10]_i_12/O
                         net (fo=1, routed)           0.598     7.991    ship_y_pos[10]_i_12_n_0
    SLICE_X2Y92          LUT6 (Prop_lut6_I5_O)        0.124     8.115 f  ship_y_pos[10]_i_4/O
                         net (fo=10, routed)          1.229     9.345    ship_y_pos[10]_i_4_n_0
    SLICE_X10Y95         LUT6 (Prop_lut6_I0_O)        0.124     9.469 r  ship_y_pos[3]_i_2/O
                         net (fo=1, routed)           0.790    10.259    ship_y_pos1
    SLICE_X7Y90          CARRY4 (Prop_carry4_DI[2]_CO[3])
                                                      0.398    10.657 r  ship_y_pos_reg[3]_i_1/CO[3]
                         net (fo=1, routed)           0.000    10.657    ship_y_pos_reg[3]_i_1_n_0
    SLICE_X7Y91          CARRY4 (Prop_carry4_CI_CO[3])
                                                      0.114    10.771 r  ship_y_pos_reg[7]_i_1/CO[3]
                         net (fo=1, routed)           0.000    10.771    ship_y_pos_reg[7]_i_1_n_0
    SLICE_X7Y92          CARRY4 (Prop_carry4_CI_O[1])
                                                      0.334    11.105 r  ship_y_pos_reg[10]_i_2/O[1]
                         net (fo=1, routed)           0.645    11.750    ship_y_pos_reg[10]_i_2_n_6
    SLICE_X7Y90          FDRE                                         r  ship_y_pos_reg[9]/D
  -------------------------------------------------------------------    -------------------

                         (clock sys_clk_pin rise edge)
                                                     10.000    10.000 r  
    E3                                                0.000    10.000 r  clk_in (IN)
                         net (fo=0)                   0.000    10.000    clk_in
    E3                   IBUF (Prop_ibuf_I_O)         1.411    11.411 r  clk_in_IBUF_inst/O
                         net (fo=1, routed)           1.920    13.331    clk_in_IBUF
    BUFGCTRL_X0Y16       BUFG (Prop_bufg_I_O)         0.091    13.422 r  clk_in_IBUF_BUFG_inst/O
                         net (fo=63, routed)          1.601    15.024    clk_in_IBUF_BUFG
    SLICE_X7Y90          FDRE                                         r  ship_y_pos_reg[9]/C
                         clock pessimism              0.259    15.283    
                         clock uncertainty           -0.035    15.247    
    SLICE_X7Y90          FDRE (Setup_fdre_C_D)       -0.287    14.960    ship_y_pos_reg[9]
  -------------------------------------------------------------------
                         required time                         14.960    
                         arrival time                         -11.750    
  -------------------------------------------------------------------
                         slack                                  3.210    

Slack (MET) :             3.301ns  (required time - arrival time)
  Source:                 count_reg[5]/C
                            (rising edge-triggered cell FDRE clocked by sys_clk_pin  {rise@0.000ns fall@5.000ns period=10.000ns})
  Destination:            ship_y_pos_reg[5]_replica_1/D
                            (rising edge-triggered cell FDRE clocked by sys_clk_pin  {rise@0.000ns fall@5.000ns period=10.000ns})
  Path Group:             sys_clk_pin
  Path Type:              Setup (Max at Slow Process Corner)
  Requirement:            10.000ns  (sys_clk_pin rise@10.000ns - sys_clk_pin rise@0.000ns)
  Data Path Delay:        6.382ns  (logic 1.684ns (26.385%)  route 4.698ns (73.615%))
  Logic Levels:           6  (CARRY4=2 LUT4=1 LUT5=1 LUT6=2)
  Clock Path Skew:        -0.041ns (DCD - SCD + CPR)
    Destination Clock Delay (DCD):    5.027ns = ( 15.027 - 10.000 ) 
    Source Clock Delay      (SCD):    5.327ns
    Clock Pessimism Removal (CPR):    0.259ns
  Clock Uncertainty:      0.035ns  ((TSJ^2 + TIJ^2)^1/2 + DJ) / 2 + PE
    Total System Jitter     (TSJ):    0.071ns
    Total Input Jitter      (TIJ):    0.000ns
    Discrete Jitter          (DJ):    0.000ns
    Phase Error              (PE):    0.000ns

    Location             Delay type                Incr(ns)  Path(ns)    Netlist Resource(s)
  -------------------------------------------------------------------    -------------------
                         (clock sys_clk_pin rise edge)
                                                      0.000     0.000 r  
    E3                                                0.000     0.000 r  clk_in (IN)
                         net (fo=0)                   0.000     0.000    clk_in
    E3                   IBUF (Prop_ibuf_I_O)         1.482     1.482 r  clk_in_IBUF_inst/O
                         net (fo=1, routed)           2.025     3.506    clk_in_IBUF
    BUFGCTRL_X0Y16       BUFG (Prop_bufg_I_O)         0.096     3.602 r  clk_in_IBUF_BUFG_inst/O
                         net (fo=63, routed)          1.724     5.327    clk_in_IBUF_BUFG
    SLICE_X0Y91          FDRE                                         r  count_reg[5]/C
  -------------------------------------------------------------------    -------------------
    SLICE_X0Y91          FDRE (Prop_fdre_C_Q)         0.456     5.783 f  count_reg[5]/Q
                         net (fo=2, routed)           0.790     6.572    count_reg[5]
    SLICE_X1Y92          LUT4 (Prop_lut4_I2_O)        0.124     6.696 f  ship_y_pos[10]_i_13/O
                         net (fo=1, routed)           0.573     7.269    ship_y_pos[10]_i_13_n_0
    SLICE_X1Y92          LUT5 (Prop_lut5_I4_O)        0.124     7.393 f  ship_y_pos[10]_i_12/O
                         net (fo=1, routed)           0.598     7.991    ship_y_pos[10]_i_12_n_0
    SLICE_X2Y92          LUT6 (Prop_lut6_I5_O)        0.124     8.115 f  ship_y_pos[10]_i_4/O
                         net (fo=10, routed)          1.229     9.345    ship_y_pos[10]_i_4_n_0
    SLICE_X10Y95         LUT6 (Prop_lut6_I0_O)        0.124     9.469 r  ship_y_pos[3]_i_2/O
                         net (fo=1, routed)           0.790    10.259    ship_y_pos1
    SLICE_X7Y90          CARRY4 (Prop_carry4_DI[2]_CO[3])
                                                      0.398    10.657 r  ship_y_pos_reg[3]_i_1/CO[3]
                         net (fo=1, routed)           0.000    10.657    ship_y_pos_reg[3]_i_1_n_0
    SLICE_X7Y91          CARRY4 (Prop_carry4_CI_O[1])
                                                      0.334    10.991 r  ship_y_pos_reg[7]_i_1/O[1]
                         net (fo=3, routed)           0.718    11.709    ship_y_pos_reg[7]_i_1_n_6
    SLICE_X4Y97          FDRE                                         r  ship_y_pos_reg[5]_replica_1/D
  -------------------------------------------------------------------    -------------------

                         (clock sys_clk_pin rise edge)
                                                     10.000    10.000 r  
    E3                                                0.000    10.000 r  clk_in (IN)
                         net (fo=0)                   0.000    10.000    clk_in
    E3                   IBUF (Prop_ibuf_I_O)         1.411    11.411 r  clk_in_IBUF_inst/O
                         net (fo=1, routed)           1.920    13.331    clk_in_IBUF
    BUFGCTRL_X0Y16       BUFG (Prop_bufg_I_O)         0.091    13.422 r  clk_in_IBUF_BUFG_inst/O
                         net (fo=63, routed)          1.604    15.027    clk_in_IBUF_BUFG
    SLICE_X4Y97          FDRE                                         r  ship_y_pos_reg[5]_replica_1/C
                         clock pessimism              0.259    15.286    
                         clock uncertainty           -0.035    15.250    
    SLICE_X4Y97          FDRE (Setup_fdre_C_D)       -0.240    15.010    ship_y_pos_reg[5]_replica_1
  -------------------------------------------------------------------
                         required time                         15.010    
                         arrival time                         -11.709    
  -------------------------------------------------------------------
                         slack                                  3.301    

Slack (MET) :             3.420ns  (required time - arrival time)
  Source:                 count_reg[5]/C
                            (rising edge-triggered cell FDRE clocked by sys_clk_pin  {rise@0.000ns fall@5.000ns period=10.000ns})
  Destination:            ship_y_pos_reg[6]/D
                            (rising edge-triggered cell FDRE clocked by sys_clk_pin  {rise@0.000ns fall@5.000ns period=10.000ns})
  Path Group:             sys_clk_pin
  Path Type:              Setup (Max at Slow Process Corner)
  Requirement:            10.000ns  (sys_clk_pin rise@10.000ns - sys_clk_pin rise@0.000ns)
  Data Path Delay:        6.284ns  (logic 1.589ns (25.285%)  route 4.695ns (74.715%))
  Logic Levels:           6  (CARRY4=2 LUT4=1 LUT5=1 LUT6=2)
  Clock Path Skew:        -0.024ns (DCD - SCD + CPR)
    Destination Clock Delay (DCD):    5.028ns = ( 15.028 - 10.000 ) 
    Source Clock Delay      (SCD):    5.327ns
    Clock Pessimism Removal (CPR):    0.275ns
  Clock Uncertainty:      0.035ns  ((TSJ^2 + TIJ^2)^1/2 + DJ) / 2 + PE
    Total System Jitter     (TSJ):    0.071ns
    Total Input Jitter      (TIJ):    0.000ns
    Discrete Jitter          (DJ):    0.000ns
    Phase Error              (PE):    0.000ns

    Location             Delay type                Incr(ns)  Path(ns)    Netlist Resource(s)
  -------------------------------------------------------------------    -------------------
                         (clock sys_clk_pin rise edge)
                                                      0.000     0.000 r  
    E3                                                0.000     0.000 r  clk_in (IN)
                         net (fo=0)                   0.000     0.000    clk_in
    E3                   IBUF (Prop_ibuf_I_O)         1.482     1.482 r  clk_in_IBUF_inst/O
                         net (fo=1, routed)           2.025     3.506    clk_in_IBUF
    BUFGCTRL_X0Y16       BUFG (Prop_bufg_I_O)         0.096     3.602 r  clk_in_IBUF_BUFG_inst/O
                         net (fo=63, routed)          1.724     5.327    clk_in_IBUF_BUFG
    SLICE_X0Y91          FDRE                                         r  count_reg[5]/C
  -------------------------------------------------------------------    -------------------
    SLICE_X0Y91          FDRE (Prop_fdre_C_Q)         0.456     5.783 f  count_reg[5]/Q
                         net (fo=2, routed)           0.790     6.572    count_reg[5]
    SLICE_X1Y92          LUT4 (Prop_lut4_I2_O)        0.124     6.696 f  ship_y_pos[10]_i_13/O
                         net (fo=1, routed)           0.573     7.269    ship_y_pos[10]_i_13_n_0
    SLICE_X1Y92          LUT5 (Prop_lut5_I4_O)        0.124     7.393 f  ship_y_pos[10]_i_12/O
                         net (fo=1, routed)           0.598     7.991    ship_y_pos[10]_i_12_n_0
    SLICE_X2Y92          LUT6 (Prop_lut6_I5_O)        0.124     8.115 f  ship_y_pos[10]_i_4/O
                         net (fo=10, routed)          1.229     9.345    ship_y_pos[10]_i_4_n_0
    SLICE_X10Y95         LUT6 (Prop_lut6_I0_O)        0.124     9.469 r  ship_y_pos[3]_i_2/O
                         net (fo=1, routed)           0.790    10.259    ship_y_pos1
    SLICE_X7Y90          CARRY4 (Prop_carry4_DI[2]_CO[3])
                                                      0.398    10.657 r  ship_y_pos_reg[3]_i_1/CO[3]
                         net (fo=1, routed)           0.000    10.657    ship_y_pos_reg[3]_i_1_n_0
    SLICE_X7Y91          CARRY4 (Prop_carry4_CI_O[2])
                                                      0.239    10.896 r  ship_y_pos_reg[7]_i_1/O[2]
                         net (fo=1, routed)           0.715    11.611    ship_y_pos_reg[7]_i_1_n_5
    SLICE_X3Y95          FDRE                                         r  ship_y_pos_reg[6]/D
  -------------------------------------------------------------------    -------------------

                         (clock sys_clk_pin rise edge)
                                                     10.000    10.000 r  
    E3                                                0.000    10.000 r  clk_in (IN)
                         net (fo=0)                   0.000    10.000    clk_in
    E3                   IBUF (Prop_ibuf_I_O)         1.411    11.411 r  clk_in_IBUF_inst/O
                         net (fo=1, routed)           1.920    13.331    clk_in_IBUF
    BUFGCTRL_X0Y16       BUFG (Prop_bufg_I_O)         0.091    13.422 r  clk_in_IBUF_BUFG_inst/O
                         net (fo=63, routed)          1.605    15.028    clk_in_IBUF_BUFG
    SLICE_X3Y95          FDRE                                         r  ship_y_pos_reg[6]/C
                         clock pessimism              0.275    15.303    
                         clock uncertainty           -0.035    15.267    
    SLICE_X3Y95          FDRE (Setup_fdre_C_D)       -0.236    15.031    ship_y_pos_reg[6]
  -------------------------------------------------------------------
                         required time                         15.031    
                         arrival time                         -11.611    
  -------------------------------------------------------------------
                         slack                                  3.420    

Slack (MET) :             3.428ns  (required time - arrival time)
  Source:                 count_reg[5]/C
                            (rising edge-triggered cell FDRE clocked by sys_clk_pin  {rise@0.000ns fall@5.000ns period=10.000ns})
  Destination:            ship_y_pos_reg[4]/D
                            (rising edge-triggered cell FDRE clocked by sys_clk_pin  {rise@0.000ns fall@5.000ns period=10.000ns})
  Path Group:             sys_clk_pin
  Path Type:              Setup (Max at Slow Process Corner)
  Requirement:            10.000ns  (sys_clk_pin rise@10.000ns - sys_clk_pin rise@0.000ns)
  Data Path Delay:        6.239ns  (logic 1.572ns (25.195%)  route 4.667ns (74.805%))
  Logic Levels:           6  (CARRY4=2 LUT4=1 LUT5=1 LUT6=2)
  Clock Path Skew:        -0.041ns (DCD - SCD + CPR)
    Destination Clock Delay (DCD):    5.027ns = ( 15.027 - 10.000 ) 
    Source Clock Delay      (SCD):    5.327ns
    Clock Pessimism Removal (CPR):    0.259ns
  Clock Uncertainty:      0.035ns  ((TSJ^2 + TIJ^2)^1/2 + DJ) / 2 + PE
    Total System Jitter     (TSJ):    0.071ns
    Total Input Jitter      (TIJ):    0.000ns
    Discrete Jitter          (DJ):    0.000ns
    Phase Error              (PE):    0.000ns

    Location             Delay type                Incr(ns)  Path(ns)    Netlist Resource(s)
  -------------------------------------------------------------------    -------------------
                         (clock sys_clk_pin rise edge)
                                                      0.000     0.000 r  
    E3                                                0.000     0.000 r  clk_in (IN)
                         net (fo=0)                   0.000     0.000    clk_in
    E3                   IBUF (Prop_ibuf_I_O)         1.482     1.482 r  clk_in_IBUF_inst/O
                         net (fo=1, routed)           2.025     3.506    clk_in_IBUF
    BUFGCTRL_X0Y16       BUFG (Prop_bufg_I_O)         0.096     3.602 r  clk_in_IBUF_BUFG_inst/O
                         net (fo=63, routed)          1.724     5.327    clk_in_IBUF_BUFG
    SLICE_X0Y91          FDRE                                         r  count_reg[5]/C
  -------------------------------------------------------------------    -------------------
    SLICE_X0Y91          FDRE (Prop_fdre_C_Q)         0.456     5.783 f  count_reg[5]/Q
                         net (fo=2, routed)           0.790     6.572    count_reg[5]
    SLICE_X1Y92          LUT4 (Prop_lut4_I2_O)        0.124     6.696 f  ship_y_pos[10]_i_13/O
                         net (fo=1, routed)           0.573     7.269    ship_y_pos[10]_i_13_n_0
    SLICE_X1Y92          LUT5 (Prop_lut5_I4_O)        0.124     7.393 f  ship_y_pos[10]_i_12/O
                         net (fo=1, routed)           0.598     7.991    ship_y_pos[10]_i_12_n_0
    SLICE_X2Y92          LUT6 (Prop_lut6_I5_O)        0.124     8.115 f  ship_y_pos[10]_i_4/O
                         net (fo=10, routed)          1.229     9.345    ship_y_pos[10]_i_4_n_0
    SLICE_X10Y95         LUT6 (Prop_lut6_I0_O)        0.124     9.469 r  ship_y_pos[3]_i_2/O
                         net (fo=1, routed)           0.790    10.259    ship_y_pos1
    SLICE_X7Y90          CARRY4 (Prop_carry4_DI[2]_CO[3])
                                                      0.398    10.657 r  ship_y_pos_reg[3]_i_1/CO[3]
                         net (fo=1, routed)           0.000    10.657    ship_y_pos_reg[3]_i_1_n_0
    SLICE_X7Y91          CARRY4 (Prop_carry4_CI_O[0])
                                                      0.222    10.879 r  ship_y_pos_reg[7]_i_1/O[0]
                         net (fo=1, routed)           0.687    11.566    ship_y_pos_reg[7]_i_1_n_7
    SLICE_X4Y97          FDRE                                         r  ship_y_pos_reg[4]/D
  -------------------------------------------------------------------    -------------------

                         (clock sys_clk_pin rise edge)
                                                     10.000    10.000 r  
    E3                                                0.000    10.000 r  clk_in (IN)
                         net (fo=0)                   0.000    10.000    clk_in
    E3                   IBUF (Prop_ibuf_I_O)         1.411    11.411 r  clk_in_IBUF_inst/O
                         net (fo=1, routed)           1.920    13.331    clk_in_IBUF
    BUFGCTRL_X0Y16       BUFG (Prop_bufg_I_O)         0.091    13.422 r  clk_in_IBUF_BUFG_inst/O
                         net (fo=63, routed)          1.604    15.027    clk_in_IBUF_BUFG
    SLICE_X4Y97          FDRE                                         r  ship_y_pos_reg[4]/C
                         clock pessimism              0.259    15.286    
                         clock uncertainty           -0.035    15.250    
    SLICE_X4Y97          FDRE (Setup_fdre_C_D)       -0.256    14.994    ship_y_pos_reg[4]
  -------------------------------------------------------------------
                         required time                         14.994    
                         arrival time                         -11.566    
  -------------------------------------------------------------------
                         slack                                  3.428    

Slack (MET) :             3.471ns  (required time - arrival time)
  Source:                 count_reg[5]/C
                            (rising edge-triggered cell FDRE clocked by sys_clk_pin  {rise@0.000ns fall@5.000ns period=10.000ns})
  Destination:            ship_y_pos_reg[10]/D
                            (rising edge-triggered cell FDRE clocked by sys_clk_pin  {rise@0.000ns fall@5.000ns period=10.000ns})
  Path Group:             sys_clk_pin
  Path Type:              Setup (Max at Slow Process Corner)
  Requirement:            10.000ns  (sys_clk_pin rise@10.000ns - sys_clk_pin rise@0.000ns)
  Data Path Delay:        6.213ns  (logic 1.703ns (27.411%)  route 4.510ns (72.589%))
  Logic Levels:           7  (CARRY4=3 LUT4=1 LUT5=1 LUT6=2)
  Clock Path Skew:        -0.042ns (DCD - SCD + CPR)
    Destination Clock Delay (DCD):    5.026ns = ( 15.026 - 10.000 ) 
    Source Clock Delay      (SCD):    5.327ns
    Clock Pessimism Removal (CPR):    0.259ns
  Clock Uncertainty:      0.035ns  ((TSJ^2 + TIJ^2)^1/2 + DJ) / 2 + PE
    Total System Jitter     (TSJ):    0.071ns
    Total Input Jitter      (TIJ):    0.000ns
    Discrete Jitter          (DJ):    0.000ns
    Phase Error              (PE):    0.000ns

    Location             Delay type                Incr(ns)  Path(ns)    Netlist Resource(s)
  -------------------------------------------------------------------    -------------------
                         (clock sys_clk_pin rise edge)
                                                      0.000     0.000 r  
    E3                                                0.000     0.000 r  clk_in (IN)
                         net (fo=0)                   0.000     0.000    clk_in
    E3                   IBUF (Prop_ibuf_I_O)         1.482     1.482 r  clk_in_IBUF_inst/O
                         net (fo=1, routed)           2.025     3.506    clk_in_IBUF
    BUFGCTRL_X0Y16       BUFG (Prop_bufg_I_O)         0.096     3.602 r  clk_in_IBUF_BUFG_inst/O
                         net (fo=63, routed)          1.724     5.327    clk_in_IBUF_BUFG
    SLICE_X0Y91          FDRE                                         r  count_reg[5]/C
  -------------------------------------------------------------------    -------------------
    SLICE_X0Y91          FDRE (Prop_fdre_C_Q)         0.456     5.783 f  count_reg[5]/Q
                         net (fo=2, routed)           0.790     6.572    count_reg[5]
    SLICE_X1Y92          LUT4 (Prop_lut4_I2_O)        0.124     6.696 f  ship_y_pos[10]_i_13/O
                         net (fo=1, routed)           0.573     7.269    ship_y_pos[10]_i_13_n_0
    SLICE_X1Y92          LUT5 (Prop_lut5_I4_O)        0.124     7.393 f  ship_y_pos[10]_i_12/O
                         net (fo=1, routed)           0.598     7.991    ship_y_pos[10]_i_12_n_0
    SLICE_X2Y92          LUT6 (Prop_lut6_I5_O)        0.124     8.115 f  ship_y_pos[10]_i_4/O
                         net (fo=10, routed)          1.229     9.345    ship_y_pos[10]_i_4_n_0
    SLICE_X10Y95         LUT6 (Prop_lut6_I0_O)        0.124     9.469 r  ship_y_pos[3]_i_2/O
                         net (fo=1, routed)           0.790    10.259    ship_y_pos1
    SLICE_X7Y90          CARRY4 (Prop_carry4_DI[2]_CO[3])
                                                      0.398    10.657 r  ship_y_pos_reg[3]_i_1/CO[3]
                         net (fo=1, routed)           0.000    10.657    ship_y_pos_reg[3]_i_1_n_0
    SLICE_X7Y91          CARRY4 (Prop_carry4_CI_CO[3])
                                                      0.114    10.771 r  ship_y_pos_reg[7]_i_1/CO[3]
                         net (fo=1, routed)           0.000    10.771    ship_y_pos_reg[7]_i_1_n_0
    SLICE_X7Y92          CARRY4 (Prop_carry4_CI_O[2])
                                                      0.239    11.010 r  ship_y_pos_reg[10]_i_2/O[2]
                         net (fo=1, routed)           0.530    11.540    ship_y_pos_reg[10]_i_2_n_5
    SLICE_X4Y95          FDRE                                         r  ship_y_pos_reg[10]/D
  -------------------------------------------------------------------    -------------------

                         (clock sys_clk_pin rise edge)
                                                     10.000    10.000 r  
    E3                                                0.000    10.000 r  clk_in (IN)
                         net (fo=0)                   0.000    10.000    clk_in
    E3                   IBUF (Prop_ibuf_I_O)         1.411    11.411 r  clk_in_IBUF_inst/O
                         net (fo=1, routed)           1.920    13.331    clk_in_IBUF
    BUFGCTRL_X0Y16       BUFG (Prop_bufg_I_O)         0.091    13.422 r  clk_in_IBUF_BUFG_inst/O
                         net (fo=63, routed)          1.603    15.026    clk_in_IBUF_BUFG
    SLICE_X4Y95          FDRE                                         r  ship_y_pos_reg[10]/C
                         clock pessimism              0.259    15.285    
                         clock uncertainty           -0.035    15.249    
    SLICE_X4Y95          FDRE (Setup_fdre_C_D)       -0.239    15.010    ship_y_pos_reg[10]
  -------------------------------------------------------------------
                         required time                         15.010    
                         arrival time                         -11.540    
  -------------------------------------------------------------------
                         slack                                  3.471    

Slack (MET) :             3.488ns  (required time - arrival time)
  Source:                 count_reg[5]/C
                            (rising edge-triggered cell FDRE clocked by sys_clk_pin  {rise@0.000ns fall@5.000ns period=10.000ns})
  Destination:            ship_y_pos_reg[5]_replica/D
                            (rising edge-triggered cell FDRE clocked by sys_clk_pin  {rise@0.000ns fall@5.000ns period=10.000ns})
  Path Group:             sys_clk_pin
  Path Type:              Setup (Max at Slow Process Corner)
  Requirement:            10.000ns  (sys_clk_pin rise@10.000ns - sys_clk_pin rise@0.000ns)
  Data Path Delay:        6.117ns  (logic 1.684ns (27.529%)  route 4.433ns (72.471%))
  Logic Levels:           6  (CARRY4=2 LUT4=1 LUT5=1 LUT6=2)
  Clock Path Skew:        -0.122ns (DCD - SCD + CPR)
    Destination Clock Delay (DCD):    4.946ns = ( 14.946 - 10.000 ) 
    Source Clock Delay      (SCD):    5.327ns
    Clock Pessimism Removal (CPR):    0.259ns
  Clock Uncertainty:      0.035ns  ((TSJ^2 + TIJ^2)^1/2 + DJ) / 2 + PE
    Total System Jitter     (TSJ):    0.071ns
    Total Input Jitter      (TIJ):    0.000ns
    Discrete Jitter          (DJ):    0.000ns
    Phase Error              (PE):    0.000ns

    Location             Delay type                Incr(ns)  Path(ns)    Netlist Resource(s)
  -------------------------------------------------------------------    -------------------
                         (clock sys_clk_pin rise edge)
                                                      0.000     0.000 r  
    E3                                                0.000     0.000 r  clk_in (IN)
                         net (fo=0)                   0.000     0.000    clk_in
    E3                   IBUF (Prop_ibuf_I_O)         1.482     1.482 r  clk_in_IBUF_inst/O
                         net (fo=1, routed)           2.025     3.506    clk_in_IBUF
    BUFGCTRL_X0Y16       BUFG (Prop_bufg_I_O)         0.096     3.602 r  clk_in_IBUF_BUFG_inst/O
                         net (fo=63, routed)          1.724     5.327    clk_in_IBUF_BUFG
    SLICE_X0Y91          FDRE                                         r  count_reg[5]/C
  -------------------------------------------------------------------    -------------------
    SLICE_X0Y91          FDRE (Prop_fdre_C_Q)         0.456     5.783 f  count_reg[5]/Q
                         net (fo=2, routed)           0.790     6.572    count_reg[5]
    SLICE_X1Y92          LUT4 (Prop_lut4_I2_O)        0.124     6.696 f  ship_y_pos[10]_i_13/O
                         net (fo=1, routed)           0.573     7.269    ship_y_pos[10]_i_13_n_0
    SLICE_X1Y92          LUT5 (Prop_lut5_I4_O)        0.124     7.393 f  ship_y_pos[10]_i_12/O
                         net (fo=1, routed)           0.598     7.991    ship_y_pos[10]_i_12_n_0
    SLICE_X2Y92          LUT6 (Prop_lut6_I5_O)        0.124     8.115 f  ship_y_pos[10]_i_4/O
                         net (fo=10, routed)          1.229     9.345    ship_y_pos[10]_i_4_n_0
    SLICE_X10Y95         LUT6 (Prop_lut6_I0_O)        0.124     9.469 r  ship_y_pos[3]_i_2/O
                         net (fo=1, routed)           0.790    10.259    ship_y_pos1
    SLICE_X7Y90          CARRY4 (Prop_carry4_DI[2]_CO[3])
                                                      0.398    10.657 r  ship_y_pos_reg[3]_i_1/CO[3]
                         net (fo=1, routed)           0.000    10.657    ship_y_pos_reg[3]_i_1_n_0
    SLICE_X7Y91          CARRY4 (Prop_carry4_CI_O[1])
                                                      0.334    10.991 r  ship_y_pos_reg[7]_i_1/O[1]
                         net (fo=3, routed)           0.453    11.444    ship_y_pos_reg[7]_i_1_n_6
    SLICE_X9Y91          FDRE                                         r  ship_y_pos_reg[5]_replica/D
  -------------------------------------------------------------------    -------------------

                         (clock sys_clk_pin rise edge)
                                                     10.000    10.000 r  
    E3                                                0.000    10.000 r  clk_in (IN)
                         net (fo=0)                   0.000    10.000    clk_in
    E3                   IBUF (Prop_ibuf_I_O)         1.411    11.411 r  clk_in_IBUF_inst/O
                         net (fo=1, routed)           1.920    13.331    clk_in_IBUF
    BUFGCTRL_X0Y16       BUFG (Prop_bufg_I_O)         0.091    13.422 r  clk_in_IBUF_BUFG_inst/O
                         net (fo=63, routed)          1.523    14.946    clk_in_IBUF_BUFG
    SLICE_X9Y91          FDRE                                         r  ship_y_pos_reg[5]_replica/C
                         clock pessimism              0.259    15.205    
                         clock uncertainty           -0.035    15.169    
    SLICE_X9Y91          FDRE (Setup_fdre_C_D)       -0.237    14.932    ship_y_pos_reg[5]_replica
  -------------------------------------------------------------------
                         required time                         14.932    
                         arrival time                         -11.444    
  -------------------------------------------------------------------
                         slack                                  3.488    

Slack (MET) :             3.490ns  (required time - arrival time)
  Source:                 count_reg[5]/C
                            (rising edge-triggered cell FDRE clocked by sys_clk_pin  {rise@0.000ns fall@5.000ns period=10.000ns})
  Destination:            shippos_reg[8]/D
                            (rising edge-triggered cell FDRE clocked by sys_clk_pin  {rise@0.000ns fall@5.000ns period=10.000ns})
  Path Group:             sys_clk_pin
  Path Type:              Setup (Max at Slow Process Corner)
  Requirement:            10.000ns  (sys_clk_pin rise@10.000ns - sys_clk_pin rise@0.000ns)
  Data Path Delay:        6.196ns  (logic 1.692ns (27.309%)  route 4.504ns (72.691%))
  Logic Levels:           7  (CARRY4=3 LUT4=1 LUT5=1 LUT6=2)
  Clock Path Skew:        -0.041ns (DCD - SCD + CPR)
    Destination Clock Delay (DCD):    5.027ns = ( 15.027 - 10.000 ) 
    Source Clock Delay      (SCD):    5.327ns
    Clock Pessimism Removal (CPR):    0.259ns
  Clock Uncertainty:      0.035ns  ((TSJ^2 + TIJ^2)^1/2 + DJ) / 2 + PE
    Total System Jitter     (TSJ):    0.071ns
    Total Input Jitter      (TIJ):    0.000ns
    Discrete Jitter          (DJ):    0.000ns
    Phase Error              (PE):    0.000ns

    Location             Delay type                Incr(ns)  Path(ns)    Netlist Resource(s)
  -------------------------------------------------------------------    -------------------
                         (clock sys_clk_pin rise edge)
                                                      0.000     0.000 r  
    E3                                                0.000     0.000 r  clk_in (IN)
                         net (fo=0)                   0.000     0.000    clk_in
    E3                   IBUF (Prop_ibuf_I_O)         1.482     1.482 r  clk_in_IBUF_inst/O
                         net (fo=1, routed)           2.025     3.506    clk_in_IBUF
    BUFGCTRL_X0Y16       BUFG (Prop_bufg_I_O)         0.096     3.602 r  clk_in_IBUF_BUFG_inst/O
                         net (fo=63, routed)          1.724     5.327    clk_in_IBUF_BUFG
    SLICE_X0Y91          FDRE                                         r  count_reg[5]/C
  -------------------------------------------------------------------    -------------------
    SLICE_X0Y91          FDRE (Prop_fdre_C_Q)         0.456     5.783 f  count_reg[5]/Q
                         net (fo=2, routed)           0.790     6.572    count_reg[5]
    SLICE_X1Y92          LUT4 (Prop_lut4_I2_O)        0.124     6.696 f  ship_y_pos[10]_i_13/O
                         net (fo=1, routed)           0.573     7.269    ship_y_pos[10]_i_13_n_0
    SLICE_X1Y92          LUT5 (Prop_lut5_I4_O)        0.124     7.393 f  ship_y_pos[10]_i_12/O
                         net (fo=1, routed)           0.598     7.991    ship_y_pos[10]_i_12_n_0
    SLICE_X2Y92          LUT6 (Prop_lut6_I5_O)        0.124     8.115 f  ship_y_pos[10]_i_4/O
                         net (fo=10, routed)          0.813     8.928    ship_y_pos[10]_i_4_n_0
    SLICE_X6Y91          LUT6 (Prop_lut6_I5_O)        0.124     9.052 r  shippos[3]_i_2/O
                         net (fo=1, routed)           0.738     9.790    shippos1
    SLICE_X6Y93          CARRY4 (Prop_carry4_DI[2]_CO[3])
                                                      0.404    10.194 r  shippos_reg[3]_i_1/CO[3]
                         net (fo=1, routed)           0.000    10.194    shippos_reg[3]_i_1_n_0
    SLICE_X6Y94          CARRY4 (Prop_carry4_CI_CO[3])
                                                      0.117    10.311 r  shippos_reg[7]_i_1/CO[3]
                         net (fo=1, routed)           0.000    10.311    shippos_reg[7]_i_1_n_0
    SLICE_X6Y95          CARRY4 (Prop_carry4_CI_O[0])
                                                      0.219    10.530 r  shippos_reg[10]_i_2/O[0]
                         net (fo=1, routed)           0.992    11.522    shippos_reg[10]_i_2_n_7
    SLICE_X4Y98          FDRE                                         r  shippos_reg[8]/D
  -------------------------------------------------------------------    -------------------

                         (clock sys_clk_pin rise edge)
                                                     10.000    10.000 r  
    E3                                                0.000    10.000 r  clk_in (IN)
                         net (fo=0)                   0.000    10.000    clk_in
    E3                   IBUF (Prop_ibuf_I_O)         1.411    11.411 r  clk_in_IBUF_inst/O
                         net (fo=1, routed)           1.920    13.331    clk_in_IBUF
    BUFGCTRL_X0Y16       BUFG (Prop_bufg_I_O)         0.091    13.422 r  clk_in_IBUF_BUFG_inst/O
                         net (fo=63, routed)          1.604    15.027    clk_in_IBUF_BUFG
    SLICE_X4Y98          FDRE                                         r  shippos_reg[8]/C
                         clock pessimism              0.259    15.286    
                         clock uncertainty           -0.035    15.250    
    SLICE_X4Y98          FDRE (Setup_fdre_C_D)       -0.238    15.012    shippos_reg[8]
  -------------------------------------------------------------------
                         required time                         15.012    
                         arrival time                         -11.522    
  -------------------------------------------------------------------
                         slack                                  3.490    

Slack (MET) :             3.542ns  (required time - arrival time)
  Source:                 count_reg[5]/C
                            (rising edge-triggered cell FDRE clocked by sys_clk_pin  {rise@0.000ns fall@5.000ns period=10.000ns})
  Destination:            ship_y_pos_reg[7]/D
                            (rising edge-triggered cell FDRE clocked by sys_clk_pin  {rise@0.000ns fall@5.000ns period=10.000ns})
  Path Group:             sys_clk_pin
  Path Type:              Setup (Max at Slow Process Corner)
  Requirement:            10.000ns  (sys_clk_pin rise@10.000ns - sys_clk_pin rise@0.000ns)
  Data Path Delay:        6.137ns  (logic 1.663ns (27.100%)  route 4.474ns (72.900%))
  Logic Levels:           6  (CARRY4=2 LUT4=1 LUT5=1 LUT6=2)
  Clock Path Skew:        -0.043ns (DCD - SCD + CPR)
    Destination Clock Delay (DCD):    5.025ns = ( 15.025 - 10.000 ) 
    Source Clock Delay      (SCD):    5.327ns
    Clock Pessimism Removal (CPR):    0.259ns
  Clock Uncertainty:      0.035ns  ((TSJ^2 + TIJ^2)^1/2 + DJ) / 2 + PE
    Total System Jitter     (TSJ):    0.071ns
    Total Input Jitter      (TIJ):    0.000ns
    Discrete Jitter          (DJ):    0.000ns
    Phase Error              (PE):    0.000ns

    Location             Delay type                Incr(ns)  Path(ns)    Netlist Resource(s)
  -------------------------------------------------------------------    -------------------
                         (clock sys_clk_pin rise edge)
                                                      0.000     0.000 r  
    E3                                                0.000     0.000 r  clk_in (IN)
                         net (fo=0)                   0.000     0.000    clk_in
    E3                   IBUF (Prop_ibuf_I_O)         1.482     1.482 r  clk_in_IBUF_inst/O
                         net (fo=1, routed)           2.025     3.506    clk_in_IBUF
    BUFGCTRL_X0Y16       BUFG (Prop_bufg_I_O)         0.096     3.602 r  clk_in_IBUF_BUFG_inst/O
                         net (fo=63, routed)          1.724     5.327    clk_in_IBUF_BUFG
    SLICE_X0Y91          FDRE                                         r  count_reg[5]/C
  -------------------------------------------------------------------    -------------------
    SLICE_X0Y91          FDRE (Prop_fdre_C_Q)         0.456     5.783 f  count_reg[5]/Q
                         net (fo=2, routed)           0.790     6.572    count_reg[5]
    SLICE_X1Y92          LUT4 (Prop_lut4_I2_O)        0.124     6.696 f  ship_y_pos[10]_i_13/O
                         net (fo=1, routed)           0.573     7.269    ship_y_pos[10]_i_13_n_0
    SLICE_X1Y92          LUT5 (Prop_lut5_I4_O)        0.124     7.393 f  ship_y_pos[10]_i_12/O
                         net (fo=1, routed)           0.598     7.991    ship_y_pos[10]_i_12_n_0
    SLICE_X2Y92          LUT6 (Prop_lut6_I5_O)        0.124     8.115 f  ship_y_pos[10]_i_4/O
                         net (fo=10, routed)          1.229     9.345    ship_y_pos[10]_i_4_n_0
    SLICE_X10Y95         LUT6 (Prop_lut6_I0_O)        0.124     9.469 r  ship_y_pos[3]_i_2/O
                         net (fo=1, routed)           0.790    10.259    ship_y_pos1
    SLICE_X7Y90          CARRY4 (Prop_carry4_DI[2]_CO[3])
                                                      0.398    10.657 r  ship_y_pos_reg[3]_i_1/CO[3]
                         net (fo=1, routed)           0.000    10.657    ship_y_pos_reg[3]_i_1_n_0
    SLICE_X7Y91          CARRY4 (Prop_carry4_CI_O[3])
                                                      0.313    10.970 r  ship_y_pos_reg[7]_i_1/O[3]
                         net (fo=1, routed)           0.493    11.463    ship_y_pos_reg[7]_i_1_n_4
    SLICE_X4Y91          FDRE                                         r  ship_y_pos_reg[7]/D
  -------------------------------------------------------------------    -------------------

                         (clock sys_clk_pin rise edge)
                                                     10.000    10.000 r  
    E3                                                0.000    10.000 r  clk_in (IN)
                         net (fo=0)                   0.000    10.000    clk_in
    E3                   IBUF (Prop_ibuf_I_O)         1.411    11.411 r  clk_in_IBUF_inst/O
                         net (fo=1, routed)           1.920    13.331    clk_in_IBUF
    BUFGCTRL_X0Y16       BUFG (Prop_bufg_I_O)         0.091    13.422 r  clk_in_IBUF_BUFG_inst/O
                         net (fo=63, routed)          1.602    15.025    clk_in_IBUF_BUFG
    SLICE_X4Y91          FDRE                                         r  ship_y_pos_reg[7]/C
                         clock pessimism              0.259    15.284    
                         clock uncertainty           -0.035    15.248    
    SLICE_X4Y91          FDRE (Setup_fdre_C_D)       -0.243    15.005    ship_y_pos_reg[7]
  -------------------------------------------------------------------
                         required time                         15.005    
                         arrival time                         -11.463    
  -------------------------------------------------------------------
                         slack                                  3.542    

Slack (MET) :             3.620ns  (required time - arrival time)
  Source:                 count_reg[5]/C
                            (rising edge-triggered cell FDRE clocked by sys_clk_pin  {rise@0.000ns fall@5.000ns period=10.000ns})
  Destination:            shippos_reg[3]_replica_1/D
                            (rising edge-triggered cell FDRE clocked by sys_clk_pin  {rise@0.000ns fall@5.000ns period=10.000ns})
  Path Group:             sys_clk_pin
  Path Type:              Setup (Max at Slow Process Corner)
  Requirement:            10.000ns  (sys_clk_pin rise@10.000ns - sys_clk_pin rise@0.000ns)
  Data Path Delay:        5.960ns  (logic 1.399ns (23.475%)  route 4.561ns (76.525%))
  Logic Levels:           5  (CARRY4=1 LUT4=1 LUT5=1 LUT6=2)
  Clock Path Skew:        -0.121ns (DCD - SCD + CPR)
    Destination Clock Delay (DCD):    4.947ns = ( 14.947 - 10.000 ) 
    Source Clock Delay      (SCD):    5.327ns
    Clock Pessimism Removal (CPR):    0.259ns
  Clock Uncertainty:      0.035ns  ((TSJ^2 + TIJ^2)^1/2 + DJ) / 2 + PE
    Total System Jitter     (TSJ):    0.071ns
    Total Input Jitter      (TIJ):    0.000ns
    Discrete Jitter          (DJ):    0.000ns
    Phase Error              (PE):    0.000ns

    Location             Delay type                Incr(ns)  Path(ns)    Netlist Resource(s)
  -------------------------------------------------------------------    -------------------
                         (clock sys_clk_pin rise edge)
                                                      0.000     0.000 r  
    E3                                                0.000     0.000 r  clk_in (IN)
                         net (fo=0)                   0.000     0.000    clk_in
    E3                   IBUF (Prop_ibuf_I_O)         1.482     1.482 r  clk_in_IBUF_inst/O
                         net (fo=1, routed)           2.025     3.506    clk_in_IBUF
    BUFGCTRL_X0Y16       BUFG (Prop_bufg_I_O)         0.096     3.602 r  clk_in_IBUF_BUFG_inst/O
                         net (fo=63, routed)          1.724     5.327    clk_in_IBUF_BUFG
    SLICE_X0Y91          FDRE                                         r  count_reg[5]/C
  -------------------------------------------------------------------    -------------------
    SLICE_X0Y91          FDRE (Prop_fdre_C_Q)         0.456     5.783 f  count_reg[5]/Q
                         net (fo=2, routed)           0.790     6.572    count_reg[5]
    SLICE_X1Y92          LUT4 (Prop_lut4_I2_O)        0.124     6.696 f  ship_y_pos[10]_i_13/O
                         net (fo=1, routed)           0.573     7.269    ship_y_pos[10]_i_13_n_0
    SLICE_X1Y92          LUT5 (Prop_lut5_I4_O)        0.124     7.393 f  ship_y_pos[10]_i_12/O
                         net (fo=1, routed)           0.598     7.991    ship_y_pos[10]_i_12_n_0
    SLICE_X2Y92          LUT6 (Prop_lut6_I5_O)        0.124     8.115 f  ship_y_pos[10]_i_4/O
                         net (fo=10, routed)          0.813     8.928    ship_y_pos[10]_i_4_n_0
    SLICE_X6Y91          LUT6 (Prop_lut6_I5_O)        0.124     9.052 r  shippos[3]_i_2/O
                         net (fo=1, routed)           0.738     9.790    shippos1
    SLICE_X6Y93          CARRY4 (Prop_carry4_DI[2]_O[3])
                                                      0.447    10.237 r  shippos_reg[3]_i_1/O[3]
                         net (fo=4, routed)           1.049    11.286    shippos_reg[3]_i_1_n_4
    SLICE_X9Y94          FDRE                                         r  shippos_reg[3]_replica_1/D
  -------------------------------------------------------------------    -------------------

                         (clock sys_clk_pin rise edge)
                                                     10.000    10.000 r  
    E3                                                0.000    10.000 r  clk_in (IN)
                         net (fo=0)                   0.000    10.000    clk_in
    E3                   IBUF (Prop_ibuf_I_O)         1.411    11.411 r  clk_in_IBUF_inst/O
                         net (fo=1, routed)           1.920    13.331    clk_in_IBUF
    BUFGCTRL_X0Y16       BUFG (Prop_bufg_I_O)         0.091    13.422 r  clk_in_IBUF_BUFG_inst/O
                         net (fo=63, routed)          1.524    14.947    clk_in_IBUF_BUFG
    SLICE_X9Y94          FDRE                                         r  shippos_reg[3]_replica_1/C
                         clock pessimism              0.259    15.206    
                         clock uncertainty           -0.035    15.170    
    SLICE_X9Y94          FDRE (Setup_fdre_C_D)       -0.264    14.906    shippos_reg[3]_replica_1
  -------------------------------------------------------------------
                         required time                         14.906    
                         arrival time                         -11.286    
  -------------------------------------------------------------------
                         slack                                  3.620    





Min Delay Paths
--------------------------------------------------------------------------------------
Slack (MET) :             0.280ns  (arrival time - required time)
  Source:                 count_reg[10]/C
                            (rising edge-triggered cell FDRE clocked by sys_clk_pin  {rise@0.000ns fall@5.000ns period=10.000ns})
  Destination:            count_reg[10]/D
                            (rising edge-triggered cell FDRE clocked by sys_clk_pin  {rise@0.000ns fall@5.000ns period=10.000ns})
  Path Group:             sys_clk_pin
  Path Type:              Hold (Min at Fast Process Corner)
  Requirement:            0.000ns  (sys_clk_pin rise@0.000ns - sys_clk_pin rise@0.000ns)
  Data Path Delay:        0.385ns  (logic 0.252ns (65.529%)  route 0.133ns (34.471%))
  Logic Levels:           1  (CARRY4=1)
  Clock Path Skew:        0.000ns (DCD - SCD - CPR)
    Destination Clock Delay (DCD):    2.041ns
    Source Clock Delay      (SCD):    1.522ns
    Clock Pessimism Removal (CPR):    0.518ns

    Location             Delay type                Incr(ns)  Path(ns)    Netlist Resource(s)
  -------------------------------------------------------------------    -------------------
                         (clock sys_clk_pin rise edge)
                                                      0.000     0.000 r  
    E3                                                0.000     0.000 r  clk_in (IN)
                         net (fo=0)                   0.000     0.000    clk_in
    E3                   IBUF (Prop_ibuf_I_O)         0.250     0.250 r  clk_in_IBUF_inst/O
                         net (fo=1, routed)           0.644     0.894    clk_in_IBUF
    BUFGCTRL_X0Y16       BUFG (Prop_bufg_I_O)         0.026     0.920 r  clk_in_IBUF_BUFG_inst/O
                         net (fo=63, routed)          0.603     1.522    clk_in_IBUF_BUFG
    SLICE_X0Y92          FDRE                                         r  count_reg[10]/C
  -------------------------------------------------------------------    -------------------
    SLICE_X0Y92          FDRE (Prop_fdre_C_Q)         0.141     1.663 r  count_reg[10]/Q
                         net (fo=2, routed)           0.133     1.796    count_reg[10]
    SLICE_X0Y92          CARRY4 (Prop_carry4_S[2]_O[2])
                                                      0.111     1.907 r  count_reg[8]_i_1/O[2]
                         net (fo=1, routed)           0.000     1.907    count_reg[8]_i_1_n_5
    SLICE_X0Y92          FDRE                                         r  count_reg[10]/D
  -------------------------------------------------------------------    -------------------

                         (clock sys_clk_pin rise edge)
                                                      0.000     0.000 r  
    E3                                                0.000     0.000 r  clk_in (IN)
                         net (fo=0)                   0.000     0.000    clk_in
    E3                   IBUF (Prop_ibuf_I_O)         0.438     0.438 r  clk_in_IBUF_inst/O
                         net (fo=1, routed)           0.699     1.136    clk_in_IBUF
    BUFGCTRL_X0Y16       BUFG (Prop_bufg_I_O)         0.029     1.165 r  clk_in_IBUF_BUFG_inst/O
                         net (fo=63, routed)          0.876     2.041    clk_in_IBUF_BUFG
    SLICE_X0Y92          FDRE                                         r  count_reg[10]/C
                         clock pessimism             -0.518     1.522    
    SLICE_X0Y92          FDRE (Hold_fdre_C_D)         0.105     1.627    count_reg[10]
  -------------------------------------------------------------------
                         required time                         -1.627    
                         arrival time                           1.907    
  -------------------------------------------------------------------
                         slack                                  0.280    

Slack (MET) :             0.281ns  (arrival time - required time)
  Source:                 count_reg[6]/C
                            (rising edge-triggered cell FDRE clocked by sys_clk_pin  {rise@0.000ns fall@5.000ns period=10.000ns})
  Destination:            count_reg[6]/D
                            (rising edge-triggered cell FDRE clocked by sys_clk_pin  {rise@0.000ns fall@5.000ns period=10.000ns})
  Path Group:             sys_clk_pin
  Path Type:              Hold (Min at Fast Process Corner)
  Requirement:            0.000ns  (sys_clk_pin rise@0.000ns - sys_clk_pin rise@0.000ns)
  Data Path Delay:        0.386ns  (logic 0.252ns (65.354%)  route 0.134ns (34.646%))
  Logic Levels:           1  (CARRY4=1)
  Clock Path Skew:        0.000ns (DCD - SCD - CPR)
    Destination Clock Delay (DCD):    2.041ns
    Source Clock Delay      (SCD):    1.522ns
    Clock Pessimism Removal (CPR):    0.518ns

    Location             Delay type                Incr(ns)  Path(ns)    Netlist Resource(s)
  -------------------------------------------------------------------    -------------------
                         (clock sys_clk_pin rise edge)
                                                      0.000     0.000 r  
    E3                                                0.000     0.000 r  clk_in (IN)
                         net (fo=0)                   0.000     0.000    clk_in
    E3                   IBUF (Prop_ibuf_I_O)         0.250     0.250 r  clk_in_IBUF_inst/O
                         net (fo=1, routed)           0.644     0.894    clk_in_IBUF
    BUFGCTRL_X0Y16       BUFG (Prop_bufg_I_O)         0.026     0.920 r  clk_in_IBUF_BUFG_inst/O
                         net (fo=63, routed)          0.603     1.522    clk_in_IBUF_BUFG
    SLICE_X0Y91          FDRE                                         r  count_reg[6]/C
  -------------------------------------------------------------------    -------------------
    SLICE_X0Y91          FDRE (Prop_fdre_C_Q)         0.141     1.663 r  count_reg[6]/Q
                         net (fo=2, routed)           0.134     1.797    count_reg[6]
    SLICE_X0Y91          CARRY4 (Prop_carry4_S[2]_O[2])
                                                      0.111     1.908 r  count_reg[4]_i_1/O[2]
                         net (fo=1, routed)           0.000     1.908    count_reg[4]_i_1_n_5
    SLICE_X0Y91          FDRE                                         r  count_reg[6]/D
  -------------------------------------------------------------------    -------------------

                         (clock sys_clk_pin rise edge)
                                                      0.000     0.000 r  
    E3                                                0.000     0.000 r  clk_in (IN)
                         net (fo=0)                   0.000     0.000    clk_in
    E3                   IBUF (Prop_ibuf_I_O)         0.438     0.438 r  clk_in_IBUF_inst/O
                         net (fo=1, routed)           0.699     1.136    clk_in_IBUF
    BUFGCTRL_X0Y16       BUFG (Prop_bufg_I_O)         0.029     1.165 r  clk_in_IBUF_BUFG_inst/O
                         net (fo=63, routed)          0.876     2.041    clk_in_IBUF_BUFG
    SLICE_X0Y91          FDRE                                         r  count_reg[6]/C
                         clock pessimism             -0.518     1.522    
    SLICE_X0Y91          FDRE (Hold_fdre_C_D)         0.105     1.627    count_reg[6]
  -------------------------------------------------------------------
                         required time                         -1.627    
                         arrival time                           1.908    
  -------------------------------------------------------------------
                         slack                                  0.281    

Slack (MET) :             0.281ns  (arrival time - required time)
  Source:                 count_reg[14]/C
                            (rising edge-triggered cell FDRE clocked by sys_clk_pin  {rise@0.000ns fall@5.000ns period=10.000ns})
  Destination:            count_reg[14]/D
                            (rising edge-triggered cell FDRE clocked by sys_clk_pin  {rise@0.000ns fall@5.000ns period=10.000ns})
  Path Group:             sys_clk_pin
  Path Type:              Hold (Min at Fast Process Corner)
  Requirement:            0.000ns  (sys_clk_pin rise@0.000ns - sys_clk_pin rise@0.000ns)
  Data Path Delay:        0.386ns  (logic 0.252ns (65.354%)  route 0.134ns (34.646%))
  Logic Levels:           1  (CARRY4=1)
  Clock Path Skew:        0.000ns (DCD - SCD - CPR)
    Destination Clock Delay (DCD):    2.042ns
    Source Clock Delay      (SCD):    1.523ns
    Clock Pessimism Removal (CPR):    0.518ns

    Location             Delay type                Incr(ns)  Path(ns)    Netlist Resource(s)
  -------------------------------------------------------------------    -------------------
                         (clock sys_clk_pin rise edge)
                                                      0.000     0.000 r  
    E3                                                0.000     0.000 r  clk_in (IN)
                         net (fo=0)                   0.000     0.000    clk_in
    E3                   IBUF (Prop_ibuf_I_O)         0.250     0.250 r  clk_in_IBUF_inst/O
                         net (fo=1, routed)           0.644     0.894    clk_in_IBUF
    BUFGCTRL_X0Y16       BUFG (Prop_bufg_I_O)         0.026     0.920 r  clk_in_IBUF_BUFG_inst/O
                         net (fo=63, routed)          0.604     1.523    clk_in_IBUF_BUFG
    SLICE_X0Y93          FDRE                                         r  count_reg[14]/C
  -------------------------------------------------------------------    -------------------
    SLICE_X0Y93          FDRE (Prop_fdre_C_Q)         0.141     1.664 r  count_reg[14]/Q
                         net (fo=2, routed)           0.134     1.798    count_reg[14]
    SLICE_X0Y93          CARRY4 (Prop_carry4_S[2]_O[2])
                                                      0.111     1.909 r  count_reg[12]_i_1/O[2]
                         net (fo=1, routed)           0.000     1.909    count_reg[12]_i_1_n_5
    SLICE_X0Y93          FDRE                                         r  count_reg[14]/D
  -------------------------------------------------------------------    -------------------

                         (clock sys_clk_pin rise edge)
                                                      0.000     0.000 r  
    E3                                                0.000     0.000 r  clk_in (IN)
                         net (fo=0)                   0.000     0.000    clk_in
    E3                   IBUF (Prop_ibuf_I_O)         0.438     0.438 r  clk_in_IBUF_inst/O
                         net (fo=1, routed)           0.699     1.136    clk_in_IBUF
    BUFGCTRL_X0Y16       BUFG (Prop_bufg_I_O)         0.029     1.165 r  clk_in_IBUF_BUFG_inst/O
                         net (fo=63, routed)          0.877     2.042    clk_in_IBUF_BUFG
    SLICE_X0Y93          FDRE                                         r  count_reg[14]/C
                         clock pessimism             -0.518     1.523    
    SLICE_X0Y93          FDRE (Hold_fdre_C_D)         0.105     1.628    count_reg[14]
  -------------------------------------------------------------------
                         required time                         -1.628    
                         arrival time                           1.909    
  -------------------------------------------------------------------
                         slack                                  0.281    

Slack (MET) :             0.281ns  (arrival time - required time)
  Source:                 count_reg[2]/C
                            (rising edge-triggered cell FDRE clocked by sys_clk_pin  {rise@0.000ns fall@5.000ns period=10.000ns})
  Destination:            count_reg[2]/D
                            (rising edge-triggered cell FDRE clocked by sys_clk_pin  {rise@0.000ns fall@5.000ns period=10.000ns})
  Path Group:             sys_clk_pin
  Path Type:              Hold (Min at Fast Process Corner)
  Requirement:            0.000ns  (sys_clk_pin rise@0.000ns - sys_clk_pin rise@0.000ns)
  Data Path Delay:        0.386ns  (logic 0.252ns (65.343%)  route 0.134ns (34.657%))
  Logic Levels:           1  (CARRY4=1)
  Clock Path Skew:        0.000ns (DCD - SCD - CPR)
    Destination Clock Delay (DCD):    2.041ns
    Source Clock Delay      (SCD):    1.522ns
    Clock Pessimism Removal (CPR):    0.518ns

    Location             Delay type                Incr(ns)  Path(ns)    Netlist Resource(s)
  -------------------------------------------------------------------    -------------------
                         (clock sys_clk_pin rise edge)
                                                      0.000     0.000 r  
    E3                                                0.000     0.000 r  clk_in (IN)
                         net (fo=0)                   0.000     0.000    clk_in
    E3                   IBUF (Prop_ibuf_I_O)         0.250     0.250 r  clk_in_IBUF_inst/O
                         net (fo=1, routed)           0.644     0.894    clk_in_IBUF
    BUFGCTRL_X0Y16       BUFG (Prop_bufg_I_O)         0.026     0.920 r  clk_in_IBUF_BUFG_inst/O
                         net (fo=63, routed)          0.603     1.522    clk_in_IBUF_BUFG
    SLICE_X0Y90          FDRE                                         r  count_reg[2]/C
  -------------------------------------------------------------------    -------------------
    SLICE_X0Y90          FDRE (Prop_fdre_C_Q)         0.141     1.663 r  count_reg[2]/Q
                         net (fo=2, routed)           0.134     1.797    count_reg[2]
    SLICE_X0Y90          CARRY4 (Prop_carry4_S[2]_O[2])
                                                      0.111     1.908 r  count_reg[0]_i_1/O[2]
                         net (fo=1, routed)           0.000     1.908    count_reg[0]_i_1_n_5
    SLICE_X0Y90          FDRE                                         r  count_reg[2]/D
  -------------------------------------------------------------------    -------------------

                         (clock sys_clk_pin rise edge)
                                                      0.000     0.000 r  
    E3                                                0.000     0.000 r  clk_in (IN)
                         net (fo=0)                   0.000     0.000    clk_in
    E3                   IBUF (Prop_ibuf_I_O)         0.438     0.438 r  clk_in_IBUF_inst/O
                         net (fo=1, routed)           0.699     1.136    clk_in_IBUF
    BUFGCTRL_X0Y16       BUFG (Prop_bufg_I_O)         0.029     1.165 r  clk_in_IBUF_BUFG_inst/O
                         net (fo=63, routed)          0.876     2.041    clk_in_IBUF_BUFG
    SLICE_X0Y90          FDRE                                         r  count_reg[2]/C
                         clock pessimism             -0.518     1.522    
    SLICE_X0Y90          FDRE (Hold_fdre_C_D)         0.105     1.627    count_reg[2]
  -------------------------------------------------------------------
                         required time                         -1.627    
                         arrival time                           1.908    
  -------------------------------------------------------------------
                         slack                                  0.281    

Slack (MET) :             0.292ns  (arrival time - required time)
  Source:                 count_reg[18]/C
                            (rising edge-triggered cell FDRE clocked by sys_clk_pin  {rise@0.000ns fall@5.000ns period=10.000ns})
  Destination:            count_reg[18]/D
                            (rising edge-triggered cell FDRE clocked by sys_clk_pin  {rise@0.000ns fall@5.000ns period=10.000ns})
  Path Group:             sys_clk_pin
  Path Type:              Hold (Min at Fast Process Corner)
  Requirement:            0.000ns  (sys_clk_pin rise@0.000ns - sys_clk_pin rise@0.000ns)
  Data Path Delay:        0.397ns  (logic 0.252ns (63.464%)  route 0.145ns (36.536%))
  Logic Levels:           1  (CARRY4=1)
  Clock Path Skew:        0.000ns (DCD - SCD - CPR)
    Destination Clock Delay (DCD):    2.042ns
    Source Clock Delay      (SCD):    1.523ns
    Clock Pessimism Removal (CPR):    0.518ns

    Location             Delay type                Incr(ns)  Path(ns)    Netlist Resource(s)
  -------------------------------------------------------------------    -------------------
                         (clock sys_clk_pin rise edge)
                                                      0.000     0.000 r  
    E3                                                0.000     0.000 r  clk_in (IN)
                         net (fo=0)                   0.000     0.000    clk_in
    E3                   IBUF (Prop_ibuf_I_O)         0.250     0.250 r  clk_in_IBUF_inst/O
                         net (fo=1, routed)           0.644     0.894    clk_in_IBUF
    BUFGCTRL_X0Y16       BUFG (Prop_bufg_I_O)         0.026     0.920 r  clk_in_IBUF_BUFG_inst/O
                         net (fo=63, routed)          0.604     1.523    clk_in_IBUF_BUFG
    SLICE_X0Y94          FDRE                                         r  count_reg[18]/C
  -------------------------------------------------------------------    -------------------
    SLICE_X0Y94          FDRE (Prop_fdre_C_Q)         0.141     1.664 r  count_reg[18]/Q
                         net (fo=6, routed)           0.145     1.809    dig[1]
    SLICE_X0Y94          CARRY4 (Prop_carry4_S[2]_O[2])
                                                      0.111     1.920 r  count_reg[16]_i_1/O[2]
                         net (fo=1, routed)           0.000     1.920    count_reg[16]_i_1_n_5
    SLICE_X0Y94          FDRE                                         r  count_reg[18]/D
  -------------------------------------------------------------------    -------------------

                         (clock sys_clk_pin rise edge)
                                                      0.000     0.000 r  
    E3                                                0.000     0.000 r  clk_in (IN)
                         net (fo=0)                   0.000     0.000    clk_in
    E3                   IBUF (Prop_ibuf_I_O)         0.438     0.438 r  clk_in_IBUF_inst/O
                         net (fo=1, routed)           0.699     1.136    clk_in_IBUF
    BUFGCTRL_X0Y16       BUFG (Prop_bufg_I_O)         0.029     1.165 r  clk_in_IBUF_BUFG_inst/O
                         net (fo=63, routed)          0.877     2.042    clk_in_IBUF_BUFG
    SLICE_X0Y94          FDRE                                         r  count_reg[18]/C
                         clock pessimism             -0.518     1.523    
    SLICE_X0Y94          FDRE (Hold_fdre_C_D)         0.105     1.628    count_reg[18]
  -------------------------------------------------------------------
                         required time                         -1.628    
                         arrival time                           1.920    
  -------------------------------------------------------------------
                         slack                                  0.292    

Slack (MET) :             0.313ns  (arrival time - required time)
  Source:                 count_reg[10]/C
                            (rising edge-triggered cell FDRE clocked by sys_clk_pin  {rise@0.000ns fall@5.000ns period=10.000ns})
  Destination:            count_reg[11]/D
                            (rising edge-triggered cell FDRE clocked by sys_clk_pin  {rise@0.000ns fall@5.000ns period=10.000ns})
  Path Group:             sys_clk_pin
  Path Type:              Hold (Min at Fast Process Corner)
  Requirement:            0.000ns  (sys_clk_pin rise@0.000ns - sys_clk_pin rise@0.000ns)
  Data Path Delay:        0.418ns  (logic 0.285ns (68.254%)  route 0.133ns (31.747%))
  Logic Levels:           1  (CARRY4=1)
  Clock Path Skew:        0.000ns (DCD - SCD - CPR)
    Destination Clock Delay (DCD):    2.041ns
    Source Clock Delay      (SCD):    1.522ns
    Clock Pessimism Removal (CPR):    0.518ns

    Location             Delay type                Incr(ns)  Path(ns)    Netlist Resource(s)
  -------------------------------------------------------------------    -------------------
                         (clock sys_clk_pin rise edge)
                                                      0.000     0.000 r  
    E3                                                0.000     0.000 r  clk_in (IN)
                         net (fo=0)                   0.000     0.000    clk_in
    E3                   IBUF (Prop_ibuf_I_O)         0.250     0.250 r  clk_in_IBUF_inst/O
                         net (fo=1, routed)           0.644     0.894    clk_in_IBUF
    BUFGCTRL_X0Y16       BUFG (Prop_bufg_I_O)         0.026     0.920 r  clk_in_IBUF_BUFG_inst/O
                         net (fo=63, routed)          0.603     1.522    clk_in_IBUF_BUFG
    SLICE_X0Y92          FDRE                                         r  count_reg[10]/C
  -------------------------------------------------------------------    -------------------
    SLICE_X0Y92          FDRE (Prop_fdre_C_Q)         0.141     1.663 r  count_reg[10]/Q
                         net (fo=2, routed)           0.133     1.796    count_reg[10]
    SLICE_X0Y92          CARRY4 (Prop_carry4_S[2]_O[3])
                                                      0.144     1.940 r  count_reg[8]_i_1/O[3]
                         net (fo=1, routed)           0.000     1.940    count_reg[8]_i_1_n_4
    SLICE_X0Y92          FDRE                                         r  count_reg[11]/D
  -------------------------------------------------------------------    -------------------

                         (clock sys_clk_pin rise edge)
                                                      0.000     0.000 r  
    E3                                                0.000     0.000 r  clk_in (IN)
                         net (fo=0)                   0.000     0.000    clk_in
    E3                   IBUF (Prop_ibuf_I_O)         0.438     0.438 r  clk_in_IBUF_inst/O
                         net (fo=1, routed)           0.699     1.136    clk_in_IBUF
    BUFGCTRL_X0Y16       BUFG (Prop_bufg_I_O)         0.029     1.165 r  clk_in_IBUF_BUFG_inst/O
                         net (fo=63, routed)          0.876     2.041    clk_in_IBUF_BUFG
    SLICE_X0Y92          FDRE                                         r  count_reg[11]/C
                         clock pessimism             -0.518     1.522    
    SLICE_X0Y92          FDRE (Hold_fdre_C_D)         0.105     1.627    count_reg[11]
  -------------------------------------------------------------------
                         required time                         -1.627    
                         arrival time                           1.940    
  -------------------------------------------------------------------
                         slack                                  0.313    

Slack (MET) :             0.314ns  (arrival time - required time)
  Source:                 count_reg[14]/C
                            (rising edge-triggered cell FDRE clocked by sys_clk_pin  {rise@0.000ns fall@5.000ns period=10.000ns})
  Destination:            count_reg[15]/D
                            (rising edge-triggered cell FDRE clocked by sys_clk_pin  {rise@0.000ns fall@5.000ns period=10.000ns})
  Path Group:             sys_clk_pin
  Path Type:              Hold (Min at Fast Process Corner)
  Requirement:            0.000ns  (sys_clk_pin rise@0.000ns - sys_clk_pin rise@0.000ns)
  Data Path Delay:        0.419ns  (logic 0.285ns (68.085%)  route 0.134ns (31.915%))
  Logic Levels:           1  (CARRY4=1)
  Clock Path Skew:        0.000ns (DCD - SCD - CPR)
    Destination Clock Delay (DCD):    2.042ns
    Source Clock Delay      (SCD):    1.523ns
    Clock Pessimism Removal (CPR):    0.518ns

    Location             Delay type                Incr(ns)  Path(ns)    Netlist Resource(s)
  -------------------------------------------------------------------    -------------------
                         (clock sys_clk_pin rise edge)
                                                      0.000     0.000 r  
    E3                                                0.000     0.000 r  clk_in (IN)
                         net (fo=0)                   0.000     0.000    clk_in
    E3                   IBUF (Prop_ibuf_I_O)         0.250     0.250 r  clk_in_IBUF_inst/O
                         net (fo=1, routed)           0.644     0.894    clk_in_IBUF
    BUFGCTRL_X0Y16       BUFG (Prop_bufg_I_O)         0.026     0.920 r  clk_in_IBUF_BUFG_inst/O
                         net (fo=63, routed)          0.604     1.523    clk_in_IBUF_BUFG
    SLICE_X0Y93          FDRE                                         r  count_reg[14]/C
  -------------------------------------------------------------------    -------------------
    SLICE_X0Y93          FDRE (Prop_fdre_C_Q)         0.141     1.664 r  count_reg[14]/Q
                         net (fo=2, routed)           0.134     1.798    count_reg[14]
    SLICE_X0Y93          CARRY4 (Prop_carry4_S[2]_O[3])
                                                      0.144     1.942 r  count_reg[12]_i_1/O[3]
                         net (fo=1, routed)           0.000     1.942    count_reg[12]_i_1_n_4
    SLICE_X0Y93          FDRE                                         r  count_reg[15]/D
  -------------------------------------------------------------------    -------------------

                         (clock sys_clk_pin rise edge)
                                                      0.000     0.000 r  
    E3                                                0.000     0.000 r  clk_in (IN)
                         net (fo=0)                   0.000     0.000    clk_in
    E3                   IBUF (Prop_ibuf_I_O)         0.438     0.438 r  clk_in_IBUF_inst/O
                         net (fo=1, routed)           0.699     1.136    clk_in_IBUF
    BUFGCTRL_X0Y16       BUFG (Prop_bufg_I_O)         0.029     1.165 r  clk_in_IBUF_BUFG_inst/O
                         net (fo=63, routed)          0.877     2.042    clk_in_IBUF_BUFG
    SLICE_X0Y93          FDRE                                         r  count_reg[15]/C
                         clock pessimism             -0.518     1.523    
    SLICE_X0Y93          FDRE (Hold_fdre_C_D)         0.105     1.628    count_reg[15]
  -------------------------------------------------------------------
                         required time                         -1.628    
                         arrival time                           1.942    
  -------------------------------------------------------------------
                         slack                                  0.314    

Slack (MET) :             0.314ns  (arrival time - required time)
  Source:                 count_reg[6]/C
                            (rising edge-triggered cell FDRE clocked by sys_clk_pin  {rise@0.000ns fall@5.000ns period=10.000ns})
  Destination:            count_reg[7]/D
                            (rising edge-triggered cell FDRE clocked by sys_clk_pin  {rise@0.000ns fall@5.000ns period=10.000ns})
  Path Group:             sys_clk_pin
  Path Type:              Hold (Min at Fast Process Corner)
  Requirement:            0.000ns  (sys_clk_pin rise@0.000ns - sys_clk_pin rise@0.000ns)
  Data Path Delay:        0.419ns  (logic 0.285ns (68.085%)  route 0.134ns (31.915%))
  Logic Levels:           1  (CARRY4=1)
  Clock Path Skew:        0.000ns (DCD - SCD - CPR)
    Destination Clock Delay (DCD):    2.041ns
    Source Clock Delay      (SCD):    1.522ns
    Clock Pessimism Removal (CPR):    0.518ns

    Location             Delay type                Incr(ns)  Path(ns)    Netlist Resource(s)
  -------------------------------------------------------------------    -------------------
                         (clock sys_clk_pin rise edge)
                                                      0.000     0.000 r  
    E3                                                0.000     0.000 r  clk_in (IN)
                         net (fo=0)                   0.000     0.000    clk_in
    E3                   IBUF (Prop_ibuf_I_O)         0.250     0.250 r  clk_in_IBUF_inst/O
                         net (fo=1, routed)           0.644     0.894    clk_in_IBUF
    BUFGCTRL_X0Y16       BUFG (Prop_bufg_I_O)         0.026     0.920 r  clk_in_IBUF_BUFG_inst/O
                         net (fo=63, routed)          0.603     1.522    clk_in_IBUF_BUFG
    SLICE_X0Y91          FDRE                                         r  count_reg[6]/C
  -------------------------------------------------------------------    -------------------
    SLICE_X0Y91          FDRE (Prop_fdre_C_Q)         0.141     1.663 r  count_reg[6]/Q
                         net (fo=2, routed)           0.134     1.797    count_reg[6]
    SLICE_X0Y91          CARRY4 (Prop_carry4_S[2]_O[3])
                                                      0.144     1.941 r  count_reg[4]_i_1/O[3]
                         net (fo=1, routed)           0.000     1.941    count_reg[4]_i_1_n_4
    SLICE_X0Y91          FDRE                                         r  count_reg[7]/D
  -------------------------------------------------------------------    -------------------

                         (clock sys_clk_pin rise edge)
                                                      0.000     0.000 r  
    E3                                                0.000     0.000 r  clk_in (IN)
                         net (fo=0)                   0.000     0.000    clk_in
    E3                   IBUF (Prop_ibuf_I_O)         0.438     0.438 r  clk_in_IBUF_inst/O
                         net (fo=1, routed)           0.699     1.136    clk_in_IBUF
    BUFGCTRL_X0Y16       BUFG (Prop_bufg_I_O)         0.029     1.165 r  clk_in_IBUF_BUFG_inst/O
                         net (fo=63, routed)          0.876     2.041    clk_in_IBUF_BUFG
    SLICE_X0Y91          FDRE                                         r  count_reg[7]/C
                         clock pessimism             -0.518     1.522    
    SLICE_X0Y91          FDRE (Hold_fdre_C_D)         0.105     1.627    count_reg[7]
  -------------------------------------------------------------------
                         required time                         -1.627    
                         arrival time                           1.941    
  -------------------------------------------------------------------
                         slack                                  0.314    

Slack (MET) :             0.314ns  (arrival time - required time)
  Source:                 count_reg[2]/C
                            (rising edge-triggered cell FDRE clocked by sys_clk_pin  {rise@0.000ns fall@5.000ns period=10.000ns})
  Destination:            count_reg[3]/D
                            (rising edge-triggered cell FDRE clocked by sys_clk_pin  {rise@0.000ns fall@5.000ns period=10.000ns})
  Path Group:             sys_clk_pin
  Path Type:              Hold (Min at Fast Process Corner)
  Requirement:            0.000ns  (sys_clk_pin rise@0.000ns - sys_clk_pin rise@0.000ns)
  Data Path Delay:        0.419ns  (logic 0.285ns (68.075%)  route 0.134ns (31.925%))
  Logic Levels:           1  (CARRY4=1)
  Clock Path Skew:        0.000ns (DCD - SCD - CPR)
    Destination Clock Delay (DCD):    2.041ns
    Source Clock Delay      (SCD):    1.522ns
    Clock Pessimism Removal (CPR):    0.518ns

    Location             Delay type                Incr(ns)  Path(ns)    Netlist Resource(s)
  -------------------------------------------------------------------    -------------------
                         (clock sys_clk_pin rise edge)
                                                      0.000     0.000 r  
    E3                                                0.000     0.000 r  clk_in (IN)
                         net (fo=0)                   0.000     0.000    clk_in
    E3                   IBUF (Prop_ibuf_I_O)         0.250     0.250 r  clk_in_IBUF_inst/O
                         net (fo=1, routed)           0.644     0.894    clk_in_IBUF
    BUFGCTRL_X0Y16       BUFG (Prop_bufg_I_O)         0.026     0.920 r  clk_in_IBUF_BUFG_inst/O
                         net (fo=63, routed)          0.603     1.522    clk_in_IBUF_BUFG
    SLICE_X0Y90          FDRE                                         r  count_reg[2]/C
  -------------------------------------------------------------------    -------------------
    SLICE_X0Y90          FDRE (Prop_fdre_C_Q)         0.141     1.663 r  count_reg[2]/Q
                         net (fo=2, routed)           0.134     1.797    count_reg[2]
    SLICE_X0Y90          CARRY4 (Prop_carry4_S[2]_O[3])
                                                      0.144     1.941 r  count_reg[0]_i_1/O[3]
                         net (fo=1, routed)           0.000     1.941    count_reg[0]_i_1_n_4
    SLICE_X0Y90          FDRE                                         r  count_reg[3]/D
  -------------------------------------------------------------------    -------------------

                         (clock sys_clk_pin rise edge)
                                                      0.000     0.000 r  
    E3                                                0.000     0.000 r  clk_in (IN)
                         net (fo=0)                   0.000     0.000    clk_in
    E3                   IBUF (Prop_ibuf_I_O)         0.438     0.438 r  clk_in_IBUF_inst/O
                         net (fo=1, routed)           0.699     1.136    clk_in_IBUF
    BUFGCTRL_X0Y16       BUFG (Prop_bufg_I_O)         0.029     1.165 r  clk_in_IBUF_BUFG_inst/O
                         net (fo=63, routed)          0.876     2.041    clk_in_IBUF_BUFG
    SLICE_X0Y90          FDRE                                         r  count_reg[3]/C
                         clock pessimism             -0.518     1.522    
    SLICE_X0Y90          FDRE (Hold_fdre_C_D)         0.105     1.627    count_reg[3]
  -------------------------------------------------------------------
                         required time                         -1.627    
                         arrival time                           1.941    
  -------------------------------------------------------------------
                         slack                                  0.314    

Slack (MET) :             0.325ns  (arrival time - required time)
  Source:                 count_reg[18]/C
                            (rising edge-triggered cell FDRE clocked by sys_clk_pin  {rise@0.000ns fall@5.000ns period=10.000ns})
  Destination:            count_reg[19]/D
                            (rising edge-triggered cell FDRE clocked by sys_clk_pin  {rise@0.000ns fall@5.000ns period=10.000ns})
  Path Group:             sys_clk_pin
  Path Type:              Hold (Min at Fast Process Corner)
  Requirement:            0.000ns  (sys_clk_pin rise@0.000ns - sys_clk_pin rise@0.000ns)
  Data Path Delay:        0.430ns  (logic 0.285ns (66.268%)  route 0.145ns (33.732%))
  Logic Levels:           1  (CARRY4=1)
  Clock Path Skew:        0.000ns (DCD - SCD - CPR)
    Destination Clock Delay (DCD):    2.042ns
    Source Clock Delay      (SCD):    1.523ns
    Clock Pessimism Removal (CPR):    0.518ns

    Location             Delay type                Incr(ns)  Path(ns)    Netlist Resource(s)
  -------------------------------------------------------------------    -------------------
                         (clock sys_clk_pin rise edge)
                                                      0.000     0.000 r  
    E3                                                0.000     0.000 r  clk_in (IN)
                         net (fo=0)                   0.000     0.000    clk_in
    E3                   IBUF (Prop_ibuf_I_O)         0.250     0.250 r  clk_in_IBUF_inst/O
                         net (fo=1, routed)           0.644     0.894    clk_in_IBUF
    BUFGCTRL_X0Y16       BUFG (Prop_bufg_I_O)         0.026     0.920 r  clk_in_IBUF_BUFG_inst/O
                         net (fo=63, routed)          0.604     1.523    clk_in_IBUF_BUFG
    SLICE_X0Y94          FDRE                                         r  count_reg[18]/C
  -------------------------------------------------------------------    -------------------
    SLICE_X0Y94          FDRE (Prop_fdre_C_Q)         0.141     1.664 r  count_reg[18]/Q
                         net (fo=6, routed)           0.145     1.809    dig[1]
    SLICE_X0Y94          CARRY4 (Prop_carry4_S[2]_O[3])
                                                      0.144     1.953 r  count_reg[16]_i_1/O[3]
                         net (fo=1, routed)           0.000     1.953    count_reg[16]_i_1_n_4
    SLICE_X0Y94          FDRE                                         r  count_reg[19]/D
  -------------------------------------------------------------------    -------------------

                         (clock sys_clk_pin rise edge)
                                                      0.000     0.000 r  
    E3                                                0.000     0.000 r  clk_in (IN)
                         net (fo=0)                   0.000     0.000    clk_in
    E3                   IBUF (Prop_ibuf_I_O)         0.438     0.438 r  clk_in_IBUF_inst/O
                         net (fo=1, routed)           0.699     1.136    clk_in_IBUF
    BUFGCTRL_X0Y16       BUFG (Prop_bufg_I_O)         0.029     1.165 r  clk_in_IBUF_BUFG_inst/O
                         net (fo=63, routed)          0.877     2.042    clk_in_IBUF_BUFG
    SLICE_X0Y94          FDRE                                         r  count_reg[19]/C
                         clock pessimism             -0.518     1.523    
    SLICE_X0Y94          FDRE (Hold_fdre_C_D)         0.105     1.628    count_reg[19]
  -------------------------------------------------------------------
                         required time                         -1.628    
                         arrival time                           1.953    
  -------------------------------------------------------------------
                         slack                                  0.325    





Pulse Width Checks
--------------------------------------------------------------------------------------
Clock Name:         sys_clk_pin
Waveform(ns):       { 0.000 5.000 }
Period(ns):         10.000
Sources:            { clk_in }

Check Type        Corner  Lib Pin            Reference Pin  Required(ns)  Actual(ns)  Slack(ns)  Location         Pin
Min Period        n/a     BUFG/I             n/a            2.155         10.000      7.845      BUFGCTRL_X0Y16   clk_in_IBUF_BUFG_inst/I
Min Period        n/a     MMCME2_ADV/CLKIN1  n/a            1.249         10.000      8.751      MMCME2_ADV_X0Y0  clk_wiz_0_inst/U0/mmcm_adv_inst/CLKIN1
Min Period        n/a     FDRE/C             n/a            1.000         10.000      9.000      SLICE_X0Y90      count_reg[0]/C
Min Period        n/a     FDRE/C             n/a            1.000         10.000      9.000      SLICE_X0Y92      count_reg[10]/C
Min Period        n/a     FDRE/C             n/a            1.000         10.000      9.000      SLICE_X0Y92      count_reg[11]/C
Min Period        n/a     FDRE/C             n/a            1.000         10.000      9.000      SLICE_X0Y93      count_reg[12]/C
Min Period        n/a     FDRE/C             n/a            1.000         10.000      9.000      SLICE_X0Y93      count_reg[13]/C
Min Period        n/a     FDRE/C             n/a            1.000         10.000      9.000      SLICE_X0Y93      count_reg[14]/C
Min Period        n/a     FDRE/C             n/a            1.000         10.000      9.000      SLICE_X0Y93      count_reg[15]/C
Min Period        n/a     FDRE/C             n/a            1.000         10.000      9.000      SLICE_X0Y94      count_reg[16]/C
Max Period        n/a     MMCME2_ADV/CLKIN1  n/a            100.000       10.000      90.000     MMCME2_ADV_X0Y0  clk_wiz_0_inst/U0/mmcm_adv_inst/CLKIN1
Low Pulse Width   Slow    MMCME2_ADV/CLKIN1  n/a            2.000         5.000       3.000      MMCME2_ADV_X0Y0  clk_wiz_0_inst/U0/mmcm_adv_inst/CLKIN1
Low Pulse Width   Fast    MMCME2_ADV/CLKIN1  n/a            2.000         5.000       3.000      MMCME2_ADV_X0Y0  clk_wiz_0_inst/U0/mmcm_adv_inst/CLKIN1
Low Pulse Width   Slow    FDRE/C             n/a            0.500         5.000       4.500      SLICE_X0Y90      count_reg[0]/C
Low Pulse Width   Fast    FDRE/C             n/a            0.500         5.000       4.500      SLICE_X0Y90      count_reg[0]/C
Low Pulse Width   Slow    FDRE/C             n/a            0.500         5.000       4.500      SLICE_X0Y92      count_reg[10]/C
Low Pulse Width   Fast    FDRE/C             n/a            0.500         5.000       4.500      SLICE_X0Y92      count_reg[10]/C
Low Pulse Width   Slow    FDRE/C             n/a            0.500         5.000       4.500      SLICE_X0Y92      count_reg[11]/C
Low Pulse Width   Fast    FDRE/C             n/a            0.500         5.000       4.500      SLICE_X0Y92      count_reg[11]/C
Low Pulse Width   Slow    FDRE/C             n/a            0.500         5.000       4.500      SLICE_X0Y93      count_reg[12]/C
Low Pulse Width   Fast    FDRE/C             n/a            0.500         5.000       4.500      SLICE_X0Y93      count_reg[12]/C
High Pulse Width  Slow    MMCME2_ADV/CLKIN1  n/a            2.000         5.000       3.000      MMCME2_ADV_X0Y0  clk_wiz_0_inst/U0/mmcm_adv_inst/CLKIN1
High Pulse Width  Fast    MMCME2_ADV/CLKIN1  n/a            2.000         5.000       3.000      MMCME2_ADV_X0Y0  clk_wiz_0_inst/U0/mmcm_adv_inst/CLKIN1
High Pulse Width  Slow    FDRE/C             n/a            0.500         5.000       4.500      SLICE_X0Y90      count_reg[0]/C
High Pulse Width  Fast    FDRE/C             n/a            0.500         5.000       4.500      SLICE_X0Y90      count_reg[0]/C
High Pulse Width  Slow    FDRE/C             n/a            0.500         5.000       4.500      SLICE_X0Y92      count_reg[10]/C
High Pulse Width  Fast    FDRE/C             n/a            0.500         5.000       4.500      SLICE_X0Y92      count_reg[10]/C
High Pulse Width  Slow    FDRE/C             n/a            0.500         5.000       4.500      SLICE_X0Y92      count_reg[11]/C
High Pulse Width  Fast    FDRE/C             n/a            0.500         5.000       4.500      SLICE_X0Y92      count_reg[11]/C
High Pulse Width  Slow    FDRE/C             n/a            0.500         5.000       4.500      SLICE_X0Y93      count_reg[12]/C
High Pulse Width  Fast    FDRE/C             n/a            0.500         5.000       4.500      SLICE_X0Y93      count_reg[12]/C



---------------------------------------------------------------------------------------------------
From Clock:  clk_out1_clk_wiz_0
  To Clock:  clk_out1_clk_wiz_0

Setup :            0  Failing Endpoints,  Worst Slack       17.334ns,  Total Violation        0.000ns
Hold  :            0  Failing Endpoints,  Worst Slack        0.019ns,  Total Violation        0.000ns
PW    :            0  Failing Endpoints,  Worst Slack       11.969ns,  Total Violation        0.000ns
---------------------------------------------------------------------------------------------------


Max Delay Paths
--------------------------------------------------------------------------------------
Slack (MET) :             17.334ns  (required time - arrival time)
  Source:                 vga_driver/pixel_col_reg[3]/C
                            (rising edge-triggered cell FDRE clocked by clk_out1_clk_wiz_0  {rise@0.000ns fall@12.469ns period=24.938ns})
  Destination:            vga_driver/green_out_reg[3]/D
                            (rising edge-triggered cell FDRE clocked by clk_out1_clk_wiz_0  {rise@0.000ns fall@12.469ns period=24.938ns})
  Path Group:             clk_out1_clk_wiz_0
  Path Type:              Setup (Max at Slow Process Corner)
  Requirement:            24.938ns  (clk_out1_clk_wiz_0 rise@24.938ns - clk_out1_clk_wiz_0 rise@0.000ns)
  Data Path Delay:        7.385ns  (logic 2.479ns (33.567%)  route 4.906ns (66.433%))
  Logic Levels:           6  (CARRY4=3 LUT5=1 LUT6=2)
  Clock Path Skew:        -0.122ns (DCD - SCD + CPR)
    Destination Clock Delay (DCD):    4.948ns = ( 29.886 - 24.938 ) 
    Source Clock Delay      (SCD):    5.329ns
    Clock Pessimism Removal (CPR):    0.259ns
  Clock Uncertainty:      0.084ns  ((TSJ^2 + DJ^2)^1/2) / 2 + PE
    Total System Jitter     (TSJ):    0.071ns
    Discrete Jitter          (DJ):    0.152ns
    Phase Error              (PE):    0.000ns

    Location             Delay type                Incr(ns)  Path(ns)    Netlist Resource(s)
  -------------------------------------------------------------------    -------------------
                         (clock clk_out1_clk_wiz_0 rise edge)
                                                      0.000     0.000 r  
    E3                                                0.000     0.000 r  clk_in (IN)
                         net (fo=0)                   0.000     0.000    clk_in
    E3                   IBUF (Prop_ibuf_I_O)         1.482     1.482 r  clk_in_IBUF_inst/O
                         net (fo=1, routed)           2.025     3.506    clk_in_IBUF
    BUFGCTRL_X0Y16       BUFG (Prop_bufg_I_O)         0.096     3.602 r  clk_in_IBUF_BUFG_inst/O
                         net (fo=63, routed)          1.809     5.412    clk_wiz_0_inst/U0/clk_in1
    MMCME2_ADV_X0Y0      MMCME2_ADV (Prop_mmcme2_adv_CLKIN1_CLKOUT0)
                                                     -3.922     1.490 r  clk_wiz_0_inst/U0/mmcm_adv_inst/CLKOUT0
                         net (fo=1, routed)           2.018     3.508    clk_wiz_0_inst/U0/clk_out1_clk_wiz_0
    BUFGCTRL_X0Y0        BUFG (Prop_bufg_I_O)         0.096     3.604 r  clk_wiz_0_inst/U0/clkout1_buf/O
                         net (fo=50, routed)          1.724     5.329    vga_driver/CLK
    SLICE_X2Y98          FDRE                                         r  vga_driver/pixel_col_reg[3]/C
  -------------------------------------------------------------------    -------------------
    SLICE_X2Y98          FDRE (Prop_fdre_C_Q)         0.518     5.847 r  vga_driver/pixel_col_reg[3]/Q
                         net (fo=23, routed)          2.334     8.180    vga_driver/pixel_col_reg[10]_0[3]
    SLICE_X4Y90          LUT6 (Prop_lut6_I3_O)        0.124     8.304 r  vga_driver/i___1_carry__0_i_4/O
                         net (fo=2, routed)           0.739     9.043    add_sl/i__carry_i_6__8[0]
    SLICE_X7Y97          CARRY4 (Prop_carry4_DI[0]_CO[3])
                                                      0.526     9.569 r  add_sl/minusOp_inferred__3/i___1_carry__0/CO[3]
                         net (fo=1, routed)           0.000     9.569    add_sl/minusOp_inferred__3/i___1_carry__0_n_0
    SLICE_X7Y98          CARRY4 (Prop_carry4_CI_O[0])
                                                      0.222     9.791 r  add_sl/minusOp_inferred__3/i___1_carry__1/O[0]
                         net (fo=2, routed)           0.832    10.623    vga_driver/geqOp_inferred__1/i__carry__0[0]
    SLICE_X8Y97          LUT5 (Prop_lut5_I4_O)        0.299    10.922 r  vga_driver/i__carry__0_i_4__8/O
                         net (fo=1, routed)           0.000    10.922    add_sl/green_out[3]_i_3_2[0]
    SLICE_X8Y97          CARRY4 (Prop_carry4_S[0]_CO[1])
                                                      0.458    11.380 r  add_sl/geqOp_inferred__1/i__carry__0/CO[1]
                         net (fo=1, routed)           0.671    12.051    vga_driver/green_out_reg[3]_5[0]
    SLICE_X8Y98          LUT6 (Prop_lut6_I4_O)        0.332    12.383 r  vga_driver/green_out[3]_i_1_comp/O
                         net (fo=2, routed)           0.331    12.714    vga_driver/green_out[3]_i_1_n_0
    SLICE_X8Y99          FDRE                                         r  vga_driver/green_out_reg[3]/D
  -------------------------------------------------------------------    -------------------

                         (clock clk_out1_clk_wiz_0 rise edge)
                                                     24.938    24.938 r  
    E3                                                0.000    24.938 r  clk_in (IN)
                         net (fo=0)                   0.000    24.938    clk_in
    E3                   IBUF (Prop_ibuf_I_O)         1.411    26.350 r  clk_in_IBUF_inst/O
                         net (fo=1, routed)           1.920    28.270    clk_in_IBUF
    BUFGCTRL_X0Y16       BUFG (Prop_bufg_I_O)         0.091    28.361 r  clk_in_IBUF_BUFG_inst/O
                         net (fo=63, routed)          1.683    30.044    clk_wiz_0_inst/U0/clk_in1
    MMCME2_ADV_X0Y0      MMCME2_ADV (Prop_mmcme2_adv_CLKIN1_CLKOUT0)
                                                     -3.694    26.349 r  clk_wiz_0_inst/U0/mmcm_adv_inst/CLKOUT0
                         net (fo=1, routed)           1.923    28.273    clk_wiz_0_inst/U0/clk_out1_clk_wiz_0
    BUFGCTRL_X0Y0        BUFG (Prop_bufg_I_O)         0.091    28.364 r  clk_wiz_0_inst/U0/clkout1_buf/O
                         net (fo=50, routed)          1.522    29.886    vga_driver/CLK
    SLICE_X8Y99          FDRE                                         r  vga_driver/green_out_reg[3]/C
                         clock pessimism              0.259    30.145    
                         clock uncertainty           -0.084    30.061    
    SLICE_X8Y99          FDRE (Setup_fdre_C_D)       -0.013    30.048    vga_driver/green_out_reg[3]
  -------------------------------------------------------------------
                         required time                         30.048    
                         arrival time                         -12.714    
  -------------------------------------------------------------------
                         slack                                 17.334    

Slack (MET) :             17.757ns  (required time - arrival time)
  Source:                 vga_driver/pixel_col_reg[3]/C
                            (rising edge-triggered cell FDRE clocked by clk_out1_clk_wiz_0  {rise@0.000ns fall@12.469ns period=24.938ns})
  Destination:            vga_driver/green_out_reg[3]_lopt_replica/D
                            (rising edge-triggered cell FDRE clocked by clk_out1_clk_wiz_0  {rise@0.000ns fall@12.469ns period=24.938ns})
  Path Group:             clk_out1_clk_wiz_0
  Path Type:              Setup (Max at Slow Process Corner)
  Requirement:            24.938ns  (clk_out1_clk_wiz_0 rise@24.938ns - clk_out1_clk_wiz_0 rise@0.000ns)
  Data Path Delay:        7.054ns  (logic 2.479ns (35.142%)  route 4.575ns (64.858%))
  Logic Levels:           6  (CARRY4=3 LUT5=1 LUT6=2)
  Clock Path Skew:        -0.122ns (DCD - SCD + CPR)
    Destination Clock Delay (DCD):    4.948ns = ( 29.886 - 24.938 ) 
    Source Clock Delay      (SCD):    5.329ns
    Clock Pessimism Removal (CPR):    0.259ns
  Clock Uncertainty:      0.084ns  ((TSJ^2 + DJ^2)^1/2) / 2 + PE
    Total System Jitter     (TSJ):    0.071ns
    Discrete Jitter          (DJ):    0.152ns
    Phase Error              (PE):    0.000ns

    Location             Delay type                Incr(ns)  Path(ns)    Netlist Resource(s)
  -------------------------------------------------------------------    -------------------
                         (clock clk_out1_clk_wiz_0 rise edge)
                                                      0.000     0.000 r  
    E3                                                0.000     0.000 r  clk_in (IN)
                         net (fo=0)                   0.000     0.000    clk_in
    E3                   IBUF (Prop_ibuf_I_O)         1.482     1.482 r  clk_in_IBUF_inst/O
                         net (fo=1, routed)           2.025     3.506    clk_in_IBUF
    BUFGCTRL_X0Y16       BUFG (Prop_bufg_I_O)         0.096     3.602 r  clk_in_IBUF_BUFG_inst/O
                         net (fo=63, routed)          1.809     5.412    clk_wiz_0_inst/U0/clk_in1
    MMCME2_ADV_X0Y0      MMCME2_ADV (Prop_mmcme2_adv_CLKIN1_CLKOUT0)
                                                     -3.922     1.490 r  clk_wiz_0_inst/U0/mmcm_adv_inst/CLKOUT0
                         net (fo=1, routed)           2.018     3.508    clk_wiz_0_inst/U0/clk_out1_clk_wiz_0
    BUFGCTRL_X0Y0        BUFG (Prop_bufg_I_O)         0.096     3.604 r  clk_wiz_0_inst/U0/clkout1_buf/O
                         net (fo=50, routed)          1.724     5.329    vga_driver/CLK
    SLICE_X2Y98          FDRE                                         r  vga_driver/pixel_col_reg[3]/C
  -------------------------------------------------------------------    -------------------
    SLICE_X2Y98          FDRE (Prop_fdre_C_Q)         0.518     5.847 r  vga_driver/pixel_col_reg[3]/Q
                         net (fo=23, routed)          2.334     8.180    vga_driver/pixel_col_reg[10]_0[3]
    SLICE_X4Y90          LUT6 (Prop_lut6_I3_O)        0.124     8.304 r  vga_driver/i___1_carry__0_i_4/O
                         net (fo=2, routed)           0.739     9.043    add_sl/i__carry_i_6__8[0]
    SLICE_X7Y97          CARRY4 (Prop_carry4_DI[0]_CO[3])
                                                      0.526     9.569 r  add_sl/minusOp_inferred__3/i___1_carry__0/CO[3]
                         net (fo=1, routed)           0.000     9.569    add_sl/minusOp_inferred__3/i___1_carry__0_n_0
    SLICE_X7Y98          CARRY4 (Prop_carry4_CI_O[0])
                                                      0.222     9.791 r  add_sl/minusOp_inferred__3/i___1_carry__1/O[0]
                         net (fo=2, routed)           0.832    10.623    vga_driver/geqOp_inferred__1/i__carry__0[0]
    SLICE_X8Y97          LUT5 (Prop_lut5_I4_O)        0.299    10.922 r  vga_driver/i__carry__0_i_4__8/O
                         net (fo=1, routed)           0.000    10.922    add_sl/green_out[3]_i_3_2[0]
    SLICE_X8Y97          CARRY4 (Prop_carry4_S[0]_CO[1])
                                                      0.458    11.380 r  add_sl/geqOp_inferred__1/i__carry__0/CO[1]
                         net (fo=1, routed)           0.671    12.051    vga_driver/green_out_reg[3]_5[0]
    SLICE_X8Y98          LUT6 (Prop_lut6_I4_O)        0.332    12.383 r  vga_driver/green_out[3]_i_1_comp/O
                         net (fo=2, routed)           0.000    12.383    vga_driver/green_out[3]_i_1_n_0
    SLICE_X8Y98          FDRE                                         r  vga_driver/green_out_reg[3]_lopt_replica/D
  -------------------------------------------------------------------    -------------------

                         (clock clk_out1_clk_wiz_0 rise edge)
                                                     24.938    24.938 r  
    E3                                                0.000    24.938 r  clk_in (IN)
                         net (fo=0)                   0.000    24.938    clk_in
    E3                   IBUF (Prop_ibuf_I_O)         1.411    26.350 r  clk_in_IBUF_inst/O
                         net (fo=1, routed)           1.920    28.270    clk_in_IBUF
    BUFGCTRL_X0Y16       BUFG (Prop_bufg_I_O)         0.091    28.361 r  clk_in_IBUF_BUFG_inst/O
                         net (fo=63, routed)          1.683    30.044    clk_wiz_0_inst/U0/clk_in1
    MMCME2_ADV_X0Y0      MMCME2_ADV (Prop_mmcme2_adv_CLKIN1_CLKOUT0)
                                                     -3.694    26.349 r  clk_wiz_0_inst/U0/mmcm_adv_inst/CLKOUT0
                         net (fo=1, routed)           1.923    28.273    clk_wiz_0_inst/U0/clk_out1_clk_wiz_0
    BUFGCTRL_X0Y0        BUFG (Prop_bufg_I_O)         0.091    28.364 r  clk_wiz_0_inst/U0/clkout1_buf/O
                         net (fo=50, routed)          1.522    29.886    vga_driver/CLK
    SLICE_X8Y98          FDRE                                         r  vga_driver/green_out_reg[3]_lopt_replica/C
                         clock pessimism              0.259    30.145    
                         clock uncertainty           -0.084    30.061    
    SLICE_X8Y98          FDRE (Setup_fdre_C_D)        0.079    30.140    vga_driver/green_out_reg[3]_lopt_replica
  -------------------------------------------------------------------
                         required time                         30.140    
                         arrival time                         -12.383    
  -------------------------------------------------------------------
                         slack                                 17.757    

Slack (MET) :             19.043ns  (required time - arrival time)
  Source:                 vga_driver/v_cnt_reg[3]/C
                            (rising edge-triggered cell FDRE clocked by clk_out1_clk_wiz_0  {rise@0.000ns fall@12.469ns period=24.938ns})
  Destination:            vga_driver/red_out_reg[3]/D
                            (rising edge-triggered cell FDRE clocked by clk_out1_clk_wiz_0  {rise@0.000ns fall@12.469ns period=24.938ns})
  Path Group:             clk_out1_clk_wiz_0
  Path Type:              Setup (Max at Slow Process Corner)
  Requirement:            24.938ns  (clk_out1_clk_wiz_0 rise@24.938ns - clk_out1_clk_wiz_0 rise@0.000ns)
  Data Path Delay:        5.720ns  (logic 1.151ns (20.122%)  route 4.569ns (79.878%))
  Logic Levels:           4  (LUT6=4)
  Clock Path Skew:        -0.120ns (DCD - SCD + CPR)
    Destination Clock Delay (DCD):    4.948ns = ( 29.886 - 24.938 ) 
    Source Clock Delay      (SCD):    5.327ns
    Clock Pessimism Removal (CPR):    0.259ns
  Clock Uncertainty:      0.084ns  ((TSJ^2 + DJ^2)^1/2) / 2 + PE
    Total System Jitter     (TSJ):    0.071ns
    Discrete Jitter          (DJ):    0.152ns
    Phase Error              (PE):    0.000ns

    Location             Delay type                Incr(ns)  Path(ns)    Netlist Resource(s)
  -------------------------------------------------------------------    -------------------
                         (clock clk_out1_clk_wiz_0 rise edge)
                                                      0.000     0.000 r  
    E3                                                0.000     0.000 r  clk_in (IN)
                         net (fo=0)                   0.000     0.000    clk_in
    E3                   IBUF (Prop_ibuf_I_O)         1.482     1.482 r  clk_in_IBUF_inst/O
                         net (fo=1, routed)           2.025     3.506    clk_in_IBUF
    BUFGCTRL_X0Y16       BUFG (Prop_bufg_I_O)         0.096     3.602 r  clk_in_IBUF_BUFG_inst/O
                         net (fo=63, routed)          1.809     5.412    clk_wiz_0_inst/U0/clk_in1
    MMCME2_ADV_X0Y0      MMCME2_ADV (Prop_mmcme2_adv_CLKIN1_CLKOUT0)
                                                     -3.922     1.490 r  clk_wiz_0_inst/U0/mmcm_adv_inst/CLKOUT0
                         net (fo=1, routed)           2.018     3.508    clk_wiz_0_inst/U0/clk_out1_clk_wiz_0
    BUFGCTRL_X0Y0        BUFG (Prop_bufg_I_O)         0.096     3.604 r  clk_wiz_0_inst/U0/clkout1_buf/O
                         net (fo=50, routed)          1.722     5.327    vga_driver/CLK
    SLICE_X2Y92          FDRE                                         r  vga_driver/v_cnt_reg[3]/C
  -------------------------------------------------------------------    -------------------
    SLICE_X2Y92          FDRE (Prop_fdre_C_Q)         0.478     5.805 f  vga_driver/v_cnt_reg[3]/Q
                         net (fo=8, routed)           1.363     7.167    vga_driver/v_cnt_reg[3]
    SLICE_X3Y94          LUT6 (Prop_lut6_I3_O)        0.301     7.468 f  vga_driver/red_out[3]_i_6/O
                         net (fo=1, routed)           1.163     8.631    vga_driver/red_out[3]_i_6_n_0
    SLICE_X3Y99          LUT6 (Prop_lut6_I5_O)        0.124     8.755 f  vga_driver/red_out[3]_i_4/O
                         net (fo=1, routed)           1.013     9.768    vga_driver/red_out[3]_i_4_n_0
    SLICE_X3Y94          LUT6 (Prop_lut6_I5_O)        0.124     9.892 r  vga_driver/red_out[3]_i_2/O
                         net (fo=3, routed)           1.031    10.923    add_sl/red_out_reg[3]
    SLICE_X9Y99          LUT6 (Prop_lut6_I0_O)        0.124    11.047 r  add_sl/red_out[3]_i_1/O
                         net (fo=1, routed)           0.000    11.047    vga_driver/red_out_reg[3]_0
    SLICE_X9Y99          FDRE                                         r  vga_driver/red_out_reg[3]/D
  -------------------------------------------------------------------    -------------------

                         (clock clk_out1_clk_wiz_0 rise edge)
                                                     24.938    24.938 r  
    E3                                                0.000    24.938 r  clk_in (IN)
                         net (fo=0)                   0.000    24.938    clk_in
    E3                   IBUF (Prop_ibuf_I_O)         1.411    26.350 r  clk_in_IBUF_inst/O
                         net (fo=1, routed)           1.920    28.270    clk_in_IBUF
    BUFGCTRL_X0Y16       BUFG (Prop_bufg_I_O)         0.091    28.361 r  clk_in_IBUF_BUFG_inst/O
                         net (fo=63, routed)          1.683    30.044    clk_wiz_0_inst/U0/clk_in1
    MMCME2_ADV_X0Y0      MMCME2_ADV (Prop_mmcme2_adv_CLKIN1_CLKOUT0)
                                                     -3.694    26.349 r  clk_wiz_0_inst/U0/mmcm_adv_inst/CLKOUT0
                         net (fo=1, routed)           1.923    28.273    clk_wiz_0_inst/U0/clk_out1_clk_wiz_0
    BUFGCTRL_X0Y0        BUFG (Prop_bufg_I_O)         0.091    28.364 r  clk_wiz_0_inst/U0/clkout1_buf/O
                         net (fo=50, routed)          1.522    29.886    vga_driver/CLK
    SLICE_X9Y99          FDRE                                         r  vga_driver/red_out_reg[3]/C
                         clock pessimism              0.259    30.145    
                         clock uncertainty           -0.084    30.061    
    SLICE_X9Y99          FDRE (Setup_fdre_C_D)        0.029    30.090    vga_driver/red_out_reg[3]
  -------------------------------------------------------------------
                         required time                         30.090    
                         arrival time                         -11.047    
  -------------------------------------------------------------------
                         slack                                 19.043    

Slack (MET) :             19.413ns  (required time - arrival time)
  Source:                 vga_driver/h_cnt_reg[8]/C
                            (rising edge-triggered cell FDRE clocked by clk_out1_clk_wiz_0  {rise@0.000ns fall@12.469ns period=24.938ns})
  Destination:            vga_driver/v_cnt_reg[1]/R
                            (rising edge-triggered cell FDRE clocked by clk_out1_clk_wiz_0  {rise@0.000ns fall@12.469ns period=24.938ns})
  Path Group:             clk_out1_clk_wiz_0
  Path Type:              Setup (Max at Slow Process Corner)
  Requirement:            24.938ns  (clk_out1_clk_wiz_0 rise@24.938ns - clk_out1_clk_wiz_0 rise@0.000ns)
  Data Path Delay:        4.890ns  (logic 0.828ns (16.931%)  route 4.062ns (83.069%))
  Logic Levels:           3  (LUT3=1 LUT6=2)
  Clock Path Skew:        -0.027ns (DCD - SCD + CPR)
    Destination Clock Delay (DCD):    5.027ns = ( 29.965 - 24.938 ) 
    Source Clock Delay      (SCD):    5.329ns
    Clock Pessimism Removal (CPR):    0.275ns
  Clock Uncertainty:      0.084ns  ((TSJ^2 + DJ^2)^1/2) / 2 + PE
    Total System Jitter     (TSJ):    0.071ns
    Discrete Jitter          (DJ):    0.152ns
    Phase Error              (PE):    0.000ns

    Location             Delay type                Incr(ns)  Path(ns)    Netlist Resource(s)
  -------------------------------------------------------------------    -------------------
                         (clock clk_out1_clk_wiz_0 rise edge)
                                                      0.000     0.000 r  
    E3                                                0.000     0.000 r  clk_in (IN)
                         net (fo=0)                   0.000     0.000    clk_in
    E3                   IBUF (Prop_ibuf_I_O)         1.482     1.482 r  clk_in_IBUF_inst/O
                         net (fo=1, routed)           2.025     3.506    clk_in_IBUF
    BUFGCTRL_X0Y16       BUFG (Prop_bufg_I_O)         0.096     3.602 r  clk_in_IBUF_BUFG_inst/O
                         net (fo=63, routed)          1.809     5.412    clk_wiz_0_inst/U0/clk_in1
    MMCME2_ADV_X0Y0      MMCME2_ADV (Prop_mmcme2_adv_CLKIN1_CLKOUT0)
                                                     -3.922     1.490 r  clk_wiz_0_inst/U0/mmcm_adv_inst/CLKOUT0
                         net (fo=1, routed)           2.018     3.508    clk_wiz_0_inst/U0/clk_out1_clk_wiz_0
    BUFGCTRL_X0Y0        BUFG (Prop_bufg_I_O)         0.096     3.604 r  clk_wiz_0_inst/U0/clkout1_buf/O
                         net (fo=50, routed)          1.724     5.329    vga_driver/CLK
    SLICE_X1Y99          FDRE                                         r  vga_driver/h_cnt_reg[8]/C
  -------------------------------------------------------------------    -------------------
    SLICE_X1Y99          FDRE (Prop_fdre_C_Q)         0.456     5.785 r  vga_driver/h_cnt_reg[8]/Q
                         net (fo=8, routed)           1.550     7.335    vga_driver/h_cnt_reg[8]
    SLICE_X1Y99          LUT3 (Prop_lut3_I1_O)        0.124     7.459 f  vga_driver/v_cnt[10]_i_4/O
                         net (fo=1, routed)           1.139     8.599    vga_driver/v_cnt[10]_i_4_n_0
    SLICE_X0Y98          LUT6 (Prop_lut6_I5_O)        0.124     8.723 r  vga_driver/v_cnt[10]_i_1/O
                         net (fo=12, routed)          0.730     9.453    vga_driver/eqOp
    SLICE_X3Y93          LUT6 (Prop_lut6_I0_O)        0.124     9.577 r  vga_driver/v_cnt[9]_i_1/O
                         net (fo=9, routed)           0.642    10.219    vga_driver/v_cnt0
    SLICE_X2Y92          FDRE                                         r  vga_driver/v_cnt_reg[1]/R
  -------------------------------------------------------------------    -------------------

                         (clock clk_out1_clk_wiz_0 rise edge)
                                                     24.938    24.938 r  
    E3                                                0.000    24.938 r  clk_in (IN)
                         net (fo=0)                   0.000    24.938    clk_in
    E3                   IBUF (Prop_ibuf_I_O)         1.411    26.350 r  clk_in_IBUF_inst/O
                         net (fo=1, routed)           1.920    28.270    clk_in_IBUF
    BUFGCTRL_X0Y16       BUFG (Prop_bufg_I_O)         0.091    28.361 r  clk_in_IBUF_BUFG_inst/O
                         net (fo=63, routed)          1.683    30.044    clk_wiz_0_inst/U0/clk_in1
    MMCME2_ADV_X0Y0      MMCME2_ADV (Prop_mmcme2_adv_CLKIN1_CLKOUT0)
                                                     -3.694    26.349 r  clk_wiz_0_inst/U0/mmcm_adv_inst/CLKOUT0
                         net (fo=1, routed)           1.923    28.273    clk_wiz_0_inst/U0/clk_out1_clk_wiz_0
    BUFGCTRL_X0Y0        BUFG (Prop_bufg_I_O)         0.091    28.364 r  clk_wiz_0_inst/U0/clkout1_buf/O
                         net (fo=50, routed)          1.601    29.965    vga_driver/CLK
    SLICE_X2Y92          FDRE                                         r  vga_driver/v_cnt_reg[1]/C
                         clock pessimism              0.275    30.240    
                         clock uncertainty           -0.084    30.156    
    SLICE_X2Y92          FDRE (Setup_fdre_C_R)       -0.524    29.632    vga_driver/v_cnt_reg[1]
  -------------------------------------------------------------------
                         required time                         29.632    
                         arrival time                         -10.219    
  -------------------------------------------------------------------
                         slack                                 19.413    

Slack (MET) :             19.413ns  (required time - arrival time)
  Source:                 vga_driver/h_cnt_reg[8]/C
                            (rising edge-triggered cell FDRE clocked by clk_out1_clk_wiz_0  {rise@0.000ns fall@12.469ns period=24.938ns})
  Destination:            vga_driver/v_cnt_reg[2]/R
                            (rising edge-triggered cell FDRE clocked by clk_out1_clk_wiz_0  {rise@0.000ns fall@12.469ns period=24.938ns})
  Path Group:             clk_out1_clk_wiz_0
  Path Type:              Setup (Max at Slow Process Corner)
  Requirement:            24.938ns  (clk_out1_clk_wiz_0 rise@24.938ns - clk_out1_clk_wiz_0 rise@0.000ns)
  Data Path Delay:        4.890ns  (logic 0.828ns (16.931%)  route 4.062ns (83.069%))
  Logic Levels:           3  (LUT3=1 LUT6=2)
  Clock Path Skew:        -0.027ns (DCD - SCD + CPR)
    Destination Clock Delay (DCD):    5.027ns = ( 29.965 - 24.938 ) 
    Source Clock Delay      (SCD):    5.329ns
    Clock Pessimism Removal (CPR):    0.275ns
  Clock Uncertainty:      0.084ns  ((TSJ^2 + DJ^2)^1/2) / 2 + PE
    Total System Jitter     (TSJ):    0.071ns
    Discrete Jitter          (DJ):    0.152ns
    Phase Error              (PE):    0.000ns

    Location             Delay type                Incr(ns)  Path(ns)    Netlist Resource(s)
  -------------------------------------------------------------------    -------------------
                         (clock clk_out1_clk_wiz_0 rise edge)
                                                      0.000     0.000 r  
    E3                                                0.000     0.000 r  clk_in (IN)
                         net (fo=0)                   0.000     0.000    clk_in
    E3                   IBUF (Prop_ibuf_I_O)         1.482     1.482 r  clk_in_IBUF_inst/O
                         net (fo=1, routed)           2.025     3.506    clk_in_IBUF
    BUFGCTRL_X0Y16       BUFG (Prop_bufg_I_O)         0.096     3.602 r  clk_in_IBUF_BUFG_inst/O
                         net (fo=63, routed)          1.809     5.412    clk_wiz_0_inst/U0/clk_in1
    MMCME2_ADV_X0Y0      MMCME2_ADV (Prop_mmcme2_adv_CLKIN1_CLKOUT0)
                                                     -3.922     1.490 r  clk_wiz_0_inst/U0/mmcm_adv_inst/CLKOUT0
                         net (fo=1, routed)           2.018     3.508    clk_wiz_0_inst/U0/clk_out1_clk_wiz_0
    BUFGCTRL_X0Y0        BUFG (Prop_bufg_I_O)         0.096     3.604 r  clk_wiz_0_inst/U0/clkout1_buf/O
                         net (fo=50, routed)          1.724     5.329    vga_driver/CLK
    SLICE_X1Y99          FDRE                                         r  vga_driver/h_cnt_reg[8]/C
  -------------------------------------------------------------------    -------------------
    SLICE_X1Y99          FDRE (Prop_fdre_C_Q)         0.456     5.785 r  vga_driver/h_cnt_reg[8]/Q
                         net (fo=8, routed)           1.550     7.335    vga_driver/h_cnt_reg[8]
    SLICE_X1Y99          LUT3 (Prop_lut3_I1_O)        0.124     7.459 f  vga_driver/v_cnt[10]_i_4/O
                         net (fo=1, routed)           1.139     8.599    vga_driver/v_cnt[10]_i_4_n_0
    SLICE_X0Y98          LUT6 (Prop_lut6_I5_O)        0.124     8.723 r  vga_driver/v_cnt[10]_i_1/O
                         net (fo=12, routed)          0.730     9.453    vga_driver/eqOp
    SLICE_X3Y93          LUT6 (Prop_lut6_I0_O)        0.124     9.577 r  vga_driver/v_cnt[9]_i_1/O
                         net (fo=9, routed)           0.642    10.219    vga_driver/v_cnt0
    SLICE_X2Y92          FDRE                                         r  vga_driver/v_cnt_reg[2]/R
  -------------------------------------------------------------------    -------------------

                         (clock clk_out1_clk_wiz_0 rise edge)
                                                     24.938    24.938 r  
    E3                                                0.000    24.938 r  clk_in (IN)
                         net (fo=0)                   0.000    24.938    clk_in
    E3                   IBUF (Prop_ibuf_I_O)         1.411    26.350 r  clk_in_IBUF_inst/O
                         net (fo=1, routed)           1.920    28.270    clk_in_IBUF
    BUFGCTRL_X0Y16       BUFG (Prop_bufg_I_O)         0.091    28.361 r  clk_in_IBUF_BUFG_inst/O
                         net (fo=63, routed)          1.683    30.044    clk_wiz_0_inst/U0/clk_in1
    MMCME2_ADV_X0Y0      MMCME2_ADV (Prop_mmcme2_adv_CLKIN1_CLKOUT0)
                                                     -3.694    26.349 r  clk_wiz_0_inst/U0/mmcm_adv_inst/CLKOUT0
                         net (fo=1, routed)           1.923    28.273    clk_wiz_0_inst/U0/clk_out1_clk_wiz_0
    BUFGCTRL_X0Y0        BUFG (Prop_bufg_I_O)         0.091    28.364 r  clk_wiz_0_inst/U0/clkout1_buf/O
                         net (fo=50, routed)          1.601    29.965    vga_driver/CLK
    SLICE_X2Y92          FDRE                                         r  vga_driver/v_cnt_reg[2]/C
                         clock pessimism              0.275    30.240    
                         clock uncertainty           -0.084    30.156    
    SLICE_X2Y92          FDRE (Setup_fdre_C_R)       -0.524    29.632    vga_driver/v_cnt_reg[2]
  -------------------------------------------------------------------
                         required time                         29.632    
                         arrival time                         -10.219    
  -------------------------------------------------------------------
                         slack                                 19.413    

Slack (MET) :             19.413ns  (required time - arrival time)
  Source:                 vga_driver/h_cnt_reg[8]/C
                            (rising edge-triggered cell FDRE clocked by clk_out1_clk_wiz_0  {rise@0.000ns fall@12.469ns period=24.938ns})
  Destination:            vga_driver/v_cnt_reg[3]/R
                            (rising edge-triggered cell FDRE clocked by clk_out1_clk_wiz_0  {rise@0.000ns fall@12.469ns period=24.938ns})
  Path Group:             clk_out1_clk_wiz_0
  Path Type:              Setup (Max at Slow Process Corner)
  Requirement:            24.938ns  (clk_out1_clk_wiz_0 rise@24.938ns - clk_out1_clk_wiz_0 rise@0.000ns)
  Data Path Delay:        4.890ns  (logic 0.828ns (16.931%)  route 4.062ns (83.069%))
  Logic Levels:           3  (LUT3=1 LUT6=2)
  Clock Path Skew:        -0.027ns (DCD - SCD + CPR)
    Destination Clock Delay (DCD):    5.027ns = ( 29.965 - 24.938 ) 
    Source Clock Delay      (SCD):    5.329ns
    Clock Pessimism Removal (CPR):    0.275ns
  Clock Uncertainty:      0.084ns  ((TSJ^2 + DJ^2)^1/2) / 2 + PE
    Total System Jitter     (TSJ):    0.071ns
    Discrete Jitter          (DJ):    0.152ns
    Phase Error              (PE):    0.000ns

    Location             Delay type                Incr(ns)  Path(ns)    Netlist Resource(s)
  -------------------------------------------------------------------    -------------------
                         (clock clk_out1_clk_wiz_0 rise edge)
                                                      0.000     0.000 r  
    E3                                                0.000     0.000 r  clk_in (IN)
                         net (fo=0)                   0.000     0.000    clk_in
    E3                   IBUF (Prop_ibuf_I_O)         1.482     1.482 r  clk_in_IBUF_inst/O
                         net (fo=1, routed)           2.025     3.506    clk_in_IBUF
    BUFGCTRL_X0Y16       BUFG (Prop_bufg_I_O)         0.096     3.602 r  clk_in_IBUF_BUFG_inst/O
                         net (fo=63, routed)          1.809     5.412    clk_wiz_0_inst/U0/clk_in1
    MMCME2_ADV_X0Y0      MMCME2_ADV (Prop_mmcme2_adv_CLKIN1_CLKOUT0)
                                                     -3.922     1.490 r  clk_wiz_0_inst/U0/mmcm_adv_inst/CLKOUT0
                         net (fo=1, routed)           2.018     3.508    clk_wiz_0_inst/U0/clk_out1_clk_wiz_0
    BUFGCTRL_X0Y0        BUFG (Prop_bufg_I_O)         0.096     3.604 r  clk_wiz_0_inst/U0/clkout1_buf/O
                         net (fo=50, routed)          1.724     5.329    vga_driver/CLK
    SLICE_X1Y99          FDRE                                         r  vga_driver/h_cnt_reg[8]/C
  -------------------------------------------------------------------    -------------------
    SLICE_X1Y99          FDRE (Prop_fdre_C_Q)         0.456     5.785 r  vga_driver/h_cnt_reg[8]/Q
                         net (fo=8, routed)           1.550     7.335    vga_driver/h_cnt_reg[8]
    SLICE_X1Y99          LUT3 (Prop_lut3_I1_O)        0.124     7.459 f  vga_driver/v_cnt[10]_i_4/O
                         net (fo=1, routed)           1.139     8.599    vga_driver/v_cnt[10]_i_4_n_0
    SLICE_X0Y98          LUT6 (Prop_lut6_I5_O)        0.124     8.723 r  vga_driver/v_cnt[10]_i_1/O
                         net (fo=12, routed)          0.730     9.453    vga_driver/eqOp
    SLICE_X3Y93          LUT6 (Prop_lut6_I0_O)        0.124     9.577 r  vga_driver/v_cnt[9]_i_1/O
                         net (fo=9, routed)           0.642    10.219    vga_driver/v_cnt0
    SLICE_X2Y92          FDRE                                         r  vga_driver/v_cnt_reg[3]/R
  -------------------------------------------------------------------    -------------------

                         (clock clk_out1_clk_wiz_0 rise edge)
                                                     24.938    24.938 r  
    E3                                                0.000    24.938 r  clk_in (IN)
                         net (fo=0)                   0.000    24.938    clk_in
    E3                   IBUF (Prop_ibuf_I_O)         1.411    26.350 r  clk_in_IBUF_inst/O
                         net (fo=1, routed)           1.920    28.270    clk_in_IBUF
    BUFGCTRL_X0Y16       BUFG (Prop_bufg_I_O)         0.091    28.361 r  clk_in_IBUF_BUFG_inst/O
                         net (fo=63, routed)          1.683    30.044    clk_wiz_0_inst/U0/clk_in1
    MMCME2_ADV_X0Y0      MMCME2_ADV (Prop_mmcme2_adv_CLKIN1_CLKOUT0)
                                                     -3.694    26.349 r  clk_wiz_0_inst/U0/mmcm_adv_inst/CLKOUT0
                         net (fo=1, routed)           1.923    28.273    clk_wiz_0_inst/U0/clk_out1_clk_wiz_0
    BUFGCTRL_X0Y0        BUFG (Prop_bufg_I_O)         0.091    28.364 r  clk_wiz_0_inst/U0/clkout1_buf/O
                         net (fo=50, routed)          1.601    29.965    vga_driver/CLK
    SLICE_X2Y92          FDRE                                         r  vga_driver/v_cnt_reg[3]/C
                         clock pessimism              0.275    30.240    
                         clock uncertainty           -0.084    30.156    
    SLICE_X2Y92          FDRE (Setup_fdre_C_R)       -0.524    29.632    vga_driver/v_cnt_reg[3]
  -------------------------------------------------------------------
                         required time                         29.632    
                         arrival time                         -10.219    
  -------------------------------------------------------------------
                         slack                                 19.413    

Slack (MET) :             19.413ns  (required time - arrival time)
  Source:                 vga_driver/h_cnt_reg[8]/C
                            (rising edge-triggered cell FDRE clocked by clk_out1_clk_wiz_0  {rise@0.000ns fall@12.469ns period=24.938ns})
  Destination:            vga_driver/v_cnt_reg[4]/R
                            (rising edge-triggered cell FDRE clocked by clk_out1_clk_wiz_0  {rise@0.000ns fall@12.469ns period=24.938ns})
  Path Group:             clk_out1_clk_wiz_0
  Path Type:              Setup (Max at Slow Process Corner)
  Requirement:            24.938ns  (clk_out1_clk_wiz_0 rise@24.938ns - clk_out1_clk_wiz_0 rise@0.000ns)
  Data Path Delay:        4.890ns  (logic 0.828ns (16.931%)  route 4.062ns (83.069%))
  Logic Levels:           3  (LUT3=1 LUT6=2)
  Clock Path Skew:        -0.027ns (DCD - SCD + CPR)
    Destination Clock Delay (DCD):    5.027ns = ( 29.965 - 24.938 ) 
    Source Clock Delay      (SCD):    5.329ns
    Clock Pessimism Removal (CPR):    0.275ns
  Clock Uncertainty:      0.084ns  ((TSJ^2 + DJ^2)^1/2) / 2 + PE
    Total System Jitter     (TSJ):    0.071ns
    Discrete Jitter          (DJ):    0.152ns
    Phase Error              (PE):    0.000ns

    Location             Delay type                Incr(ns)  Path(ns)    Netlist Resource(s)
  -------------------------------------------------------------------    -------------------
                         (clock clk_out1_clk_wiz_0 rise edge)
                                                      0.000     0.000 r  
    E3                                                0.000     0.000 r  clk_in (IN)
                         net (fo=0)                   0.000     0.000    clk_in
    E3                   IBUF (Prop_ibuf_I_O)         1.482     1.482 r  clk_in_IBUF_inst/O
                         net (fo=1, routed)           2.025     3.506    clk_in_IBUF
    BUFGCTRL_X0Y16       BUFG (Prop_bufg_I_O)         0.096     3.602 r  clk_in_IBUF_BUFG_inst/O
                         net (fo=63, routed)          1.809     5.412    clk_wiz_0_inst/U0/clk_in1
    MMCME2_ADV_X0Y0      MMCME2_ADV (Prop_mmcme2_adv_CLKIN1_CLKOUT0)
                                                     -3.922     1.490 r  clk_wiz_0_inst/U0/mmcm_adv_inst/CLKOUT0
                         net (fo=1, routed)           2.018     3.508    clk_wiz_0_inst/U0/clk_out1_clk_wiz_0
    BUFGCTRL_X0Y0        BUFG (Prop_bufg_I_O)         0.096     3.604 r  clk_wiz_0_inst/U0/clkout1_buf/O
                         net (fo=50, routed)          1.724     5.329    vga_driver/CLK
    SLICE_X1Y99          FDRE                                         r  vga_driver/h_cnt_reg[8]/C
  -------------------------------------------------------------------    -------------------
    SLICE_X1Y99          FDRE (Prop_fdre_C_Q)         0.456     5.785 r  vga_driver/h_cnt_reg[8]/Q
                         net (fo=8, routed)           1.550     7.335    vga_driver/h_cnt_reg[8]
    SLICE_X1Y99          LUT3 (Prop_lut3_I1_O)        0.124     7.459 f  vga_driver/v_cnt[10]_i_4/O
                         net (fo=1, routed)           1.139     8.599    vga_driver/v_cnt[10]_i_4_n_0
    SLICE_X0Y98          LUT6 (Prop_lut6_I5_O)        0.124     8.723 r  vga_driver/v_cnt[10]_i_1/O
                         net (fo=12, routed)          0.730     9.453    vga_driver/eqOp
    SLICE_X3Y93          LUT6 (Prop_lut6_I0_O)        0.124     9.577 r  vga_driver/v_cnt[9]_i_1/O
                         net (fo=9, routed)           0.642    10.219    vga_driver/v_cnt0
    SLICE_X2Y92          FDRE                                         r  vga_driver/v_cnt_reg[4]/R
  -------------------------------------------------------------------    -------------------

                         (clock clk_out1_clk_wiz_0 rise edge)
                                                     24.938    24.938 r  
    E3                                                0.000    24.938 r  clk_in (IN)
                         net (fo=0)                   0.000    24.938    clk_in
    E3                   IBUF (Prop_ibuf_I_O)         1.411    26.350 r  clk_in_IBUF_inst/O
                         net (fo=1, routed)           1.920    28.270    clk_in_IBUF
    BUFGCTRL_X0Y16       BUFG (Prop_bufg_I_O)         0.091    28.361 r  clk_in_IBUF_BUFG_inst/O
                         net (fo=63, routed)          1.683    30.044    clk_wiz_0_inst/U0/clk_in1
    MMCME2_ADV_X0Y0      MMCME2_ADV (Prop_mmcme2_adv_CLKIN1_CLKOUT0)
                                                     -3.694    26.349 r  clk_wiz_0_inst/U0/mmcm_adv_inst/CLKOUT0
                         net (fo=1, routed)           1.923    28.273    clk_wiz_0_inst/U0/clk_out1_clk_wiz_0
    BUFGCTRL_X0Y0        BUFG (Prop_bufg_I_O)         0.091    28.364 r  clk_wiz_0_inst/U0/clkout1_buf/O
                         net (fo=50, routed)          1.601    29.965    vga_driver/CLK
    SLICE_X2Y92          FDRE                                         r  vga_driver/v_cnt_reg[4]/C
                         clock pessimism              0.275    30.240    
                         clock uncertainty           -0.084    30.156    
    SLICE_X2Y92          FDRE (Setup_fdre_C_R)       -0.524    29.632    vga_driver/v_cnt_reg[4]
  -------------------------------------------------------------------
                         required time                         29.632    
                         arrival time                         -10.219    
  -------------------------------------------------------------------
                         slack                                 19.413    

Slack (MET) :             19.508ns  (required time - arrival time)
  Source:                 vga_driver/h_cnt_reg[8]/C
                            (rising edge-triggered cell FDRE clocked by clk_out1_clk_wiz_0  {rise@0.000ns fall@12.469ns period=24.938ns})
  Destination:            vga_driver/v_cnt_reg[5]/R
                            (rising edge-triggered cell FDRE clocked by clk_out1_clk_wiz_0  {rise@0.000ns fall@12.469ns period=24.938ns})
  Path Group:             clk_out1_clk_wiz_0
  Path Type:              Setup (Max at Slow Process Corner)
  Requirement:            24.938ns  (clk_out1_clk_wiz_0 rise@24.938ns - clk_out1_clk_wiz_0 rise@0.000ns)
  Data Path Delay:        4.890ns  (logic 0.828ns (16.931%)  route 4.062ns (83.069%))
  Logic Levels:           3  (LUT3=1 LUT6=2)
  Clock Path Skew:        -0.027ns (DCD - SCD + CPR)
    Destination Clock Delay (DCD):    5.027ns = ( 29.965 - 24.938 ) 
    Source Clock Delay      (SCD):    5.329ns
    Clock Pessimism Removal (CPR):    0.275ns
  Clock Uncertainty:      0.084ns  ((TSJ^2 + DJ^2)^1/2) / 2 + PE
    Total System Jitter     (TSJ):    0.071ns
    Discrete Jitter          (DJ):    0.152ns
    Phase Error              (PE):    0.000ns

    Location             Delay type                Incr(ns)  Path(ns)    Netlist Resource(s)
  -------------------------------------------------------------------    -------------------
                         (clock clk_out1_clk_wiz_0 rise edge)
                                                      0.000     0.000 r  
    E3                                                0.000     0.000 r  clk_in (IN)
                         net (fo=0)                   0.000     0.000    clk_in
    E3                   IBUF (Prop_ibuf_I_O)         1.482     1.482 r  clk_in_IBUF_inst/O
                         net (fo=1, routed)           2.025     3.506    clk_in_IBUF
    BUFGCTRL_X0Y16       BUFG (Prop_bufg_I_O)         0.096     3.602 r  clk_in_IBUF_BUFG_inst/O
                         net (fo=63, routed)          1.809     5.412    clk_wiz_0_inst/U0/clk_in1
    MMCME2_ADV_X0Y0      MMCME2_ADV (Prop_mmcme2_adv_CLKIN1_CLKOUT0)
                                                     -3.922     1.490 r  clk_wiz_0_inst/U0/mmcm_adv_inst/CLKOUT0
                         net (fo=1, routed)           2.018     3.508    clk_wiz_0_inst/U0/clk_out1_clk_wiz_0
    BUFGCTRL_X0Y0        BUFG (Prop_bufg_I_O)         0.096     3.604 r  clk_wiz_0_inst/U0/clkout1_buf/O
                         net (fo=50, routed)          1.724     5.329    vga_driver/CLK
    SLICE_X1Y99          FDRE                                         r  vga_driver/h_cnt_reg[8]/C
  -------------------------------------------------------------------    -------------------
    SLICE_X1Y99          FDRE (Prop_fdre_C_Q)         0.456     5.785 r  vga_driver/h_cnt_reg[8]/Q
                         net (fo=8, routed)           1.550     7.335    vga_driver/h_cnt_reg[8]
    SLICE_X1Y99          LUT3 (Prop_lut3_I1_O)        0.124     7.459 f  vga_driver/v_cnt[10]_i_4/O
                         net (fo=1, routed)           1.139     8.599    vga_driver/v_cnt[10]_i_4_n_0
    SLICE_X0Y98          LUT6 (Prop_lut6_I5_O)        0.124     8.723 r  vga_driver/v_cnt[10]_i_1/O
                         net (fo=12, routed)          0.730     9.453    vga_driver/eqOp
    SLICE_X3Y93          LUT6 (Prop_lut6_I0_O)        0.124     9.577 r  vga_driver/v_cnt[9]_i_1/O
                         net (fo=9, routed)           0.642    10.219    vga_driver/v_cnt0
    SLICE_X3Y92          FDRE                                         r  vga_driver/v_cnt_reg[5]/R
  -------------------------------------------------------------------    -------------------

                         (clock clk_out1_clk_wiz_0 rise edge)
                                                     24.938    24.938 r  
    E3                                                0.000    24.938 r  clk_in (IN)
                         net (fo=0)                   0.000    24.938    clk_in
    E3                   IBUF (Prop_ibuf_I_O)         1.411    26.350 r  clk_in_IBUF_inst/O
                         net (fo=1, routed)           1.920    28.270    clk_in_IBUF
    BUFGCTRL_X0Y16       BUFG (Prop_bufg_I_O)         0.091    28.361 r  clk_in_IBUF_BUFG_inst/O
                         net (fo=63, routed)          1.683    30.044    clk_wiz_0_inst/U0/clk_in1
    MMCME2_ADV_X0Y0      MMCME2_ADV (Prop_mmcme2_adv_CLKIN1_CLKOUT0)
                                                     -3.694    26.349 r  clk_wiz_0_inst/U0/mmcm_adv_inst/CLKOUT0
                         net (fo=1, routed)           1.923    28.273    clk_wiz_0_inst/U0/clk_out1_clk_wiz_0
    BUFGCTRL_X0Y0        BUFG (Prop_bufg_I_O)         0.091    28.364 r  clk_wiz_0_inst/U0/clkout1_buf/O
                         net (fo=50, routed)          1.601    29.965    vga_driver/CLK
    SLICE_X3Y92          FDRE                                         r  vga_driver/v_cnt_reg[5]/C
                         clock pessimism              0.275    30.240    
                         clock uncertainty           -0.084    30.156    
    SLICE_X3Y92          FDRE (Setup_fdre_C_R)       -0.429    29.727    vga_driver/v_cnt_reg[5]
  -------------------------------------------------------------------
                         required time                         29.727    
                         arrival time                         -10.219    
  -------------------------------------------------------------------
                         slack                                 19.508    

Slack (MET) :             19.508ns  (required time - arrival time)
  Source:                 vga_driver/h_cnt_reg[8]/C
                            (rising edge-triggered cell FDRE clocked by clk_out1_clk_wiz_0  {rise@0.000ns fall@12.469ns period=24.938ns})
  Destination:            vga_driver/v_cnt_reg[6]/R
                            (rising edge-triggered cell FDRE clocked by clk_out1_clk_wiz_0  {rise@0.000ns fall@12.469ns period=24.938ns})
  Path Group:             clk_out1_clk_wiz_0
  Path Type:              Setup (Max at Slow Process Corner)
  Requirement:            24.938ns  (clk_out1_clk_wiz_0 rise@24.938ns - clk_out1_clk_wiz_0 rise@0.000ns)
  Data Path Delay:        4.890ns  (logic 0.828ns (16.931%)  route 4.062ns (83.069%))
  Logic Levels:           3  (LUT3=1 LUT6=2)
  Clock Path Skew:        -0.027ns (DCD - SCD + CPR)
    Destination Clock Delay (DCD):    5.027ns = ( 29.965 - 24.938 ) 
    Source Clock Delay      (SCD):    5.329ns
    Clock Pessimism Removal (CPR):    0.275ns
  Clock Uncertainty:      0.084ns  ((TSJ^2 + DJ^2)^1/2) / 2 + PE
    Total System Jitter     (TSJ):    0.071ns
    Discrete Jitter          (DJ):    0.152ns
    Phase Error              (PE):    0.000ns

    Location             Delay type                Incr(ns)  Path(ns)    Netlist Resource(s)
  -------------------------------------------------------------------    -------------------
                         (clock clk_out1_clk_wiz_0 rise edge)
                                                      0.000     0.000 r  
    E3                                                0.000     0.000 r  clk_in (IN)
                         net (fo=0)                   0.000     0.000    clk_in
    E3                   IBUF (Prop_ibuf_I_O)         1.482     1.482 r  clk_in_IBUF_inst/O
                         net (fo=1, routed)           2.025     3.506    clk_in_IBUF
    BUFGCTRL_X0Y16       BUFG (Prop_bufg_I_O)         0.096     3.602 r  clk_in_IBUF_BUFG_inst/O
                         net (fo=63, routed)          1.809     5.412    clk_wiz_0_inst/U0/clk_in1
    MMCME2_ADV_X0Y0      MMCME2_ADV (Prop_mmcme2_adv_CLKIN1_CLKOUT0)
                                                     -3.922     1.490 r  clk_wiz_0_inst/U0/mmcm_adv_inst/CLKOUT0
                         net (fo=1, routed)           2.018     3.508    clk_wiz_0_inst/U0/clk_out1_clk_wiz_0
    BUFGCTRL_X0Y0        BUFG (Prop_bufg_I_O)         0.096     3.604 r  clk_wiz_0_inst/U0/clkout1_buf/O
                         net (fo=50, routed)          1.724     5.329    vga_driver/CLK
    SLICE_X1Y99          FDRE                                         r  vga_driver/h_cnt_reg[8]/C
  -------------------------------------------------------------------    -------------------
    SLICE_X1Y99          FDRE (Prop_fdre_C_Q)         0.456     5.785 r  vga_driver/h_cnt_reg[8]/Q
                         net (fo=8, routed)           1.550     7.335    vga_driver/h_cnt_reg[8]
    SLICE_X1Y99          LUT3 (Prop_lut3_I1_O)        0.124     7.459 f  vga_driver/v_cnt[10]_i_4/O
                         net (fo=1, routed)           1.139     8.599    vga_driver/v_cnt[10]_i_4_n_0
    SLICE_X0Y98          LUT6 (Prop_lut6_I5_O)        0.124     8.723 r  vga_driver/v_cnt[10]_i_1/O
                         net (fo=12, routed)          0.730     9.453    vga_driver/eqOp
    SLICE_X3Y93          LUT6 (Prop_lut6_I0_O)        0.124     9.577 r  vga_driver/v_cnt[9]_i_1/O
                         net (fo=9, routed)           0.642    10.219    vga_driver/v_cnt0
    SLICE_X3Y92          FDRE                                         r  vga_driver/v_cnt_reg[6]/R
  -------------------------------------------------------------------    -------------------

                         (clock clk_out1_clk_wiz_0 rise edge)
                                                     24.938    24.938 r  
    E3                                                0.000    24.938 r  clk_in (IN)
                         net (fo=0)                   0.000    24.938    clk_in
    E3                   IBUF (Prop_ibuf_I_O)         1.411    26.350 r  clk_in_IBUF_inst/O
                         net (fo=1, routed)           1.920    28.270    clk_in_IBUF
    BUFGCTRL_X0Y16       BUFG (Prop_bufg_I_O)         0.091    28.361 r  clk_in_IBUF_BUFG_inst/O
                         net (fo=63, routed)          1.683    30.044    clk_wiz_0_inst/U0/clk_in1
    MMCME2_ADV_X0Y0      MMCME2_ADV (Prop_mmcme2_adv_CLKIN1_CLKOUT0)
                                                     -3.694    26.349 r  clk_wiz_0_inst/U0/mmcm_adv_inst/CLKOUT0
                         net (fo=1, routed)           1.923    28.273    clk_wiz_0_inst/U0/clk_out1_clk_wiz_0
    BUFGCTRL_X0Y0        BUFG (Prop_bufg_I_O)         0.091    28.364 r  clk_wiz_0_inst/U0/clkout1_buf/O
                         net (fo=50, routed)          1.601    29.965    vga_driver/CLK
    SLICE_X3Y92          FDRE                                         r  vga_driver/v_cnt_reg[6]/C
                         clock pessimism              0.275    30.240    
                         clock uncertainty           -0.084    30.156    
    SLICE_X3Y92          FDRE (Setup_fdre_C_R)       -0.429    29.727    vga_driver/v_cnt_reg[6]
  -------------------------------------------------------------------
                         required time                         29.727    
                         arrival time                         -10.219    
  -------------------------------------------------------------------
                         slack                                 19.508    

Slack (MET) :             19.508ns  (required time - arrival time)
  Source:                 vga_driver/h_cnt_reg[8]/C
                            (rising edge-triggered cell FDRE clocked by clk_out1_clk_wiz_0  {rise@0.000ns fall@12.469ns period=24.938ns})
  Destination:            vga_driver/v_cnt_reg[7]/R
                            (rising edge-triggered cell FDRE clocked by clk_out1_clk_wiz_0  {rise@0.000ns fall@12.469ns period=24.938ns})
  Path Group:             clk_out1_clk_wiz_0
  Path Type:              Setup (Max at Slow Process Corner)
  Requirement:            24.938ns  (clk_out1_clk_wiz_0 rise@24.938ns - clk_out1_clk_wiz_0 rise@0.000ns)
  Data Path Delay:        4.890ns  (logic 0.828ns (16.931%)  route 4.062ns (83.069%))
  Logic Levels:           3  (LUT3=1 LUT6=2)
  Clock Path Skew:        -0.027ns (DCD - SCD + CPR)
    Destination Clock Delay (DCD):    5.027ns = ( 29.965 - 24.938 ) 
    Source Clock Delay      (SCD):    5.329ns
    Clock Pessimism Removal (CPR):    0.275ns
  Clock Uncertainty:      0.084ns  ((TSJ^2 + DJ^2)^1/2) / 2 + PE
    Total System Jitter     (TSJ):    0.071ns
    Discrete Jitter          (DJ):    0.152ns
    Phase Error              (PE):    0.000ns

    Location             Delay type                Incr(ns)  Path(ns)    Netlist Resource(s)
  -------------------------------------------------------------------    -------------------
                         (clock clk_out1_clk_wiz_0 rise edge)
                                                      0.000     0.000 r  
    E3                                                0.000     0.000 r  clk_in (IN)
                         net (fo=0)                   0.000     0.000    clk_in
    E3                   IBUF (Prop_ibuf_I_O)         1.482     1.482 r  clk_in_IBUF_inst/O
                         net (fo=1, routed)           2.025     3.506    clk_in_IBUF
    BUFGCTRL_X0Y16       BUFG (Prop_bufg_I_O)         0.096     3.602 r  clk_in_IBUF_BUFG_inst/O
                         net (fo=63, routed)          1.809     5.412    clk_wiz_0_inst/U0/clk_in1
    MMCME2_ADV_X0Y0      MMCME2_ADV (Prop_mmcme2_adv_CLKIN1_CLKOUT0)
                                                     -3.922     1.490 r  clk_wiz_0_inst/U0/mmcm_adv_inst/CLKOUT0
                         net (fo=1, routed)           2.018     3.508    clk_wiz_0_inst/U0/clk_out1_clk_wiz_0
    BUFGCTRL_X0Y0        BUFG (Prop_bufg_I_O)         0.096     3.604 r  clk_wiz_0_inst/U0/clkout1_buf/O
                         net (fo=50, routed)          1.724     5.329    vga_driver/CLK
    SLICE_X1Y99          FDRE                                         r  vga_driver/h_cnt_reg[8]/C
  -------------------------------------------------------------------    -------------------
    SLICE_X1Y99          FDRE (Prop_fdre_C_Q)         0.456     5.785 r  vga_driver/h_cnt_reg[8]/Q
                         net (fo=8, routed)           1.550     7.335    vga_driver/h_cnt_reg[8]
    SLICE_X1Y99          LUT3 (Prop_lut3_I1_O)        0.124     7.459 f  vga_driver/v_cnt[10]_i_4/O
                         net (fo=1, routed)           1.139     8.599    vga_driver/v_cnt[10]_i_4_n_0
    SLICE_X0Y98          LUT6 (Prop_lut6_I5_O)        0.124     8.723 r  vga_driver/v_cnt[10]_i_1/O
                         net (fo=12, routed)          0.730     9.453    vga_driver/eqOp
    SLICE_X3Y93          LUT6 (Prop_lut6_I0_O)        0.124     9.577 r  vga_driver/v_cnt[9]_i_1/O
                         net (fo=9, routed)           0.642    10.219    vga_driver/v_cnt0
    SLICE_X3Y92          FDRE                                         r  vga_driver/v_cnt_reg[7]/R
  -------------------------------------------------------------------    -------------------

                         (clock clk_out1_clk_wiz_0 rise edge)
                                                     24.938    24.938 r  
    E3                                                0.000    24.938 r  clk_in (IN)
                         net (fo=0)                   0.000    24.938    clk_in
    E3                   IBUF (Prop_ibuf_I_O)         1.411    26.350 r  clk_in_IBUF_inst/O
                         net (fo=1, routed)           1.920    28.270    clk_in_IBUF
    BUFGCTRL_X0Y16       BUFG (Prop_bufg_I_O)         0.091    28.361 r  clk_in_IBUF_BUFG_inst/O
                         net (fo=63, routed)          1.683    30.044    clk_wiz_0_inst/U0/clk_in1
    MMCME2_ADV_X0Y0      MMCME2_ADV (Prop_mmcme2_adv_CLKIN1_CLKOUT0)
                                                     -3.694    26.349 r  clk_wiz_0_inst/U0/mmcm_adv_inst/CLKOUT0
                         net (fo=1, routed)           1.923    28.273    clk_wiz_0_inst/U0/clk_out1_clk_wiz_0
    BUFGCTRL_X0Y0        BUFG (Prop_bufg_I_O)         0.091    28.364 r  clk_wiz_0_inst/U0/clkout1_buf/O
                         net (fo=50, routed)          1.601    29.965    vga_driver/CLK
    SLICE_X3Y92          FDRE                                         r  vga_driver/v_cnt_reg[7]/C
                         clock pessimism              0.275    30.240    
                         clock uncertainty           -0.084    30.156    
    SLICE_X3Y92          FDRE (Setup_fdre_C_R)       -0.429    29.727    vga_driver/v_cnt_reg[7]
  -------------------------------------------------------------------
                         required time                         29.727    
                         arrival time                         -10.219    
  -------------------------------------------------------------------
                         slack                                 19.508    





Min Delay Paths
--------------------------------------------------------------------------------------
Slack (MET) :             0.019ns  (arrival time - required time)
  Source:                 vga_driver/h_cnt_reg[9]/C
                            (rising edge-triggered cell FDRE clocked by clk_out1_clk_wiz_0  {rise@0.000ns fall@12.469ns period=24.938ns})
  Destination:            vga_driver/pixel_col_reg[9]/D
                            (rising edge-triggered cell FDRE clocked by clk_out1_clk_wiz_0  {rise@0.000ns fall@12.469ns period=24.938ns})
  Path Group:             clk_out1_clk_wiz_0
  Path Type:              Hold (Min at Fast Process Corner)
  Requirement:            0.000ns  (clk_out1_clk_wiz_0 rise@0.000ns - clk_out1_clk_wiz_0 rise@0.000ns)
  Data Path Delay:        0.364ns  (logic 0.164ns (45.052%)  route 0.200ns (54.948%))
  Logic Levels:           0  
  Clock Path Skew:        0.275ns (DCD - SCD - CPR)
    Destination Clock Delay (DCD):    2.043ns
    Source Clock Delay      (SCD):    1.522ns
    Clock Pessimism Removal (CPR):    0.245ns

    Location             Delay type                Incr(ns)  Path(ns)    Netlist Resource(s)
  -------------------------------------------------------------------    -------------------
                         (clock clk_out1_clk_wiz_0 rise edge)
                                                      0.000     0.000 r  
    E3                                                0.000     0.000 r  clk_in (IN)
                         net (fo=0)                   0.000     0.000    clk_in
    E3                   IBUF (Prop_ibuf_I_O)         0.250     0.250 r  clk_in_IBUF_inst/O
                         net (fo=1, routed)           0.644     0.894    clk_in_IBUF
    BUFGCTRL_X0Y16       BUFG (Prop_bufg_I_O)         0.026     0.920 r  clk_in_IBUF_BUFG_inst/O
                         net (fo=63, routed)          0.624     1.544    clk_wiz_0_inst/U0/clk_in1
    MMCME2_ADV_X0Y0      MMCME2_ADV (Prop_mmcme2_adv_CLKIN1_CLKOUT0)
                                                     -1.296     0.248 r  clk_wiz_0_inst/U0/mmcm_adv_inst/CLKOUT0
                         net (fo=1, routed)           0.648     0.896    clk_wiz_0_inst/U0/clk_out1_clk_wiz_0
    BUFGCTRL_X0Y0        BUFG (Prop_bufg_I_O)         0.026     0.922 r  clk_wiz_0_inst/U0/clkout1_buf/O
                         net (fo=50, routed)          0.601     1.522    vga_driver/CLK
    SLICE_X2Y100         FDRE                                         r  vga_driver/h_cnt_reg[9]/C
  -------------------------------------------------------------------    -------------------
    SLICE_X2Y100         FDRE (Prop_fdre_C_Q)         0.164     1.686 r  vga_driver/h_cnt_reg[9]/Q
                         net (fo=7, routed)           0.200     1.886    vga_driver/h_cnt_reg[9]
    SLICE_X3Y99          FDRE                                         r  vga_driver/pixel_col_reg[9]/D
  -------------------------------------------------------------------    -------------------

                         (clock clk_out1_clk_wiz_0 rise edge)
                                                      0.000     0.000 r  
    E3                                                0.000     0.000 r  clk_in (IN)
                         net (fo=0)                   0.000     0.000    clk_in
    E3                   IBUF (Prop_ibuf_I_O)         0.438     0.438 r  clk_in_IBUF_inst/O
                         net (fo=1, routed)           0.699     1.136    clk_in_IBUF
    BUFGCTRL_X0Y16       BUFG (Prop_bufg_I_O)         0.029     1.165 r  clk_in_IBUF_BUFG_inst/O
                         net (fo=63, routed)          0.898     2.063    clk_wiz_0_inst/U0/clk_in1
    MMCME2_ADV_X0Y0      MMCME2_ADV (Prop_mmcme2_adv_CLKIN1_CLKOUT0)
                                                     -1.625     0.438 r  clk_wiz_0_inst/U0/mmcm_adv_inst/CLKOUT0
                         net (fo=1, routed)           0.700     1.138    clk_wiz_0_inst/U0/clk_out1_clk_wiz_0
    BUFGCTRL_X0Y0        BUFG (Prop_bufg_I_O)         0.029     1.167 r  clk_wiz_0_inst/U0/clkout1_buf/O
                         net (fo=50, routed)          0.876     2.043    vga_driver/CLK
    SLICE_X3Y99          FDRE                                         r  vga_driver/pixel_col_reg[9]/C
                         clock pessimism             -0.245     1.797    
    SLICE_X3Y99          FDRE (Hold_fdre_C_D)         0.070     1.867    vga_driver/pixel_col_reg[9]
  -------------------------------------------------------------------
                         required time                         -1.867    
                         arrival time                           1.886    
  -------------------------------------------------------------------
                         slack                                  0.019    

Slack (MET) :             0.188ns  (arrival time - required time)
  Source:                 vga_driver/h_cnt_reg[1]/C
                            (rising edge-triggered cell FDRE clocked by clk_out1_clk_wiz_0  {rise@0.000ns fall@12.469ns period=24.938ns})
  Destination:            vga_driver/h_cnt_reg[7]/D
                            (rising edge-triggered cell FDRE clocked by clk_out1_clk_wiz_0  {rise@0.000ns fall@12.469ns period=24.938ns})
  Path Group:             clk_out1_clk_wiz_0
  Path Type:              Hold (Min at Fast Process Corner)
  Requirement:            0.000ns  (clk_out1_clk_wiz_0 rise@0.000ns - clk_out1_clk_wiz_0 rise@0.000ns)
  Data Path Delay:        0.590ns  (logic 0.234ns (39.675%)  route 0.356ns (60.325%))
  Logic Levels:           2  (LUT4=1 LUT5=1)
  Clock Path Skew:        0.271ns (DCD - SCD - CPR)
    Destination Clock Delay (DCD):    2.041ns
    Source Clock Delay      (SCD):    1.524ns
    Clock Pessimism Removal (CPR):    0.245ns

    Location             Delay type                Incr(ns)  Path(ns)    Netlist Resource(s)
  -------------------------------------------------------------------    -------------------
                         (clock clk_out1_clk_wiz_0 rise edge)
                                                      0.000     0.000 r  
    E3                                                0.000     0.000 r  clk_in (IN)
                         net (fo=0)                   0.000     0.000    clk_in
    E3                   IBUF (Prop_ibuf_I_O)         0.250     0.250 r  clk_in_IBUF_inst/O
                         net (fo=1, routed)           0.644     0.894    clk_in_IBUF
    BUFGCTRL_X0Y16       BUFG (Prop_bufg_I_O)         0.026     0.920 r  clk_in_IBUF_BUFG_inst/O
                         net (fo=63, routed)          0.624     1.544    clk_wiz_0_inst/U0/clk_in1
    MMCME2_ADV_X0Y0      MMCME2_ADV (Prop_mmcme2_adv_CLKIN1_CLKOUT0)
                                                     -1.296     0.248 r  clk_wiz_0_inst/U0/mmcm_adv_inst/CLKOUT0
                         net (fo=1, routed)           0.648     0.896    clk_wiz_0_inst/U0/clk_out1_clk_wiz_0
    BUFGCTRL_X0Y0        BUFG (Prop_bufg_I_O)         0.026     0.922 r  clk_wiz_0_inst/U0/clkout1_buf/O
                         net (fo=50, routed)          0.603     1.524    vga_driver/CLK
    SLICE_X0Y98          FDRE                                         r  vga_driver/h_cnt_reg[1]/C
  -------------------------------------------------------------------    -------------------
    SLICE_X0Y98          FDRE (Prop_fdre_C_Q)         0.141     1.665 f  vga_driver/h_cnt_reg[1]/Q
                         net (fo=9, routed)           0.194     1.859    vga_driver/h_cnt_reg[1]
    SLICE_X1Y99          LUT5 (Prop_lut5_I3_O)        0.045     1.904 r  vga_driver/h_cnt[10]_i_4/O
                         net (fo=6, routed)           0.162     2.066    vga_driver/h_cnt[10]_i_4_n_0
    SLICE_X2Y100         LUT4 (Prop_lut4_I2_O)        0.048     2.114 r  vga_driver/h_cnt[7]_i_1/O
                         net (fo=1, routed)           0.000     2.114    vga_driver/h_cnt[7]_i_1_n_0
    SLICE_X2Y100         FDRE                                         r  vga_driver/h_cnt_reg[7]/D
  -------------------------------------------------------------------    -------------------

                         (clock clk_out1_clk_wiz_0 rise edge)
                                                      0.000     0.000 r  
    E3                                                0.000     0.000 r  clk_in (IN)
                         net (fo=0)                   0.000     0.000    clk_in
    E3                   IBUF (Prop_ibuf_I_O)         0.438     0.438 r  clk_in_IBUF_inst/O
                         net (fo=1, routed)           0.699     1.136    clk_in_IBUF
    BUFGCTRL_X0Y16       BUFG (Prop_bufg_I_O)         0.029     1.165 r  clk_in_IBUF_BUFG_inst/O
                         net (fo=63, routed)          0.898     2.063    clk_wiz_0_inst/U0/clk_in1
    MMCME2_ADV_X0Y0      MMCME2_ADV (Prop_mmcme2_adv_CLKIN1_CLKOUT0)
                                                     -1.625     0.438 r  clk_wiz_0_inst/U0/mmcm_adv_inst/CLKOUT0
                         net (fo=1, routed)           0.700     1.138    clk_wiz_0_inst/U0/clk_out1_clk_wiz_0
    BUFGCTRL_X0Y0        BUFG (Prop_bufg_I_O)         0.029     1.167 r  clk_wiz_0_inst/U0/clkout1_buf/O
                         net (fo=50, routed)          0.873     2.041    vga_driver/CLK
    SLICE_X2Y100         FDRE                                         r  vga_driver/h_cnt_reg[7]/C
                         clock pessimism             -0.245     1.795    
    SLICE_X2Y100         FDRE (Hold_fdre_C_D)         0.131     1.926    vga_driver/h_cnt_reg[7]
  -------------------------------------------------------------------
                         required time                         -1.926    
                         arrival time                           2.114    
  -------------------------------------------------------------------
                         slack                                  0.188    

Slack (MET) :             0.196ns  (arrival time - required time)
  Source:                 vga_driver/h_cnt_reg[1]/C
                            (rising edge-triggered cell FDRE clocked by clk_out1_clk_wiz_0  {rise@0.000ns fall@12.469ns period=24.938ns})
  Destination:            vga_driver/h_cnt_reg[6]/D
                            (rising edge-triggered cell FDRE clocked by clk_out1_clk_wiz_0  {rise@0.000ns fall@12.469ns period=24.938ns})
  Path Group:             clk_out1_clk_wiz_0
  Path Type:              Hold (Min at Fast Process Corner)
  Requirement:            0.000ns  (clk_out1_clk_wiz_0 rise@0.000ns - clk_out1_clk_wiz_0 rise@0.000ns)
  Data Path Delay:        0.587ns  (logic 0.231ns (39.367%)  route 0.356ns (60.633%))
  Logic Levels:           2  (LUT3=1 LUT5=1)
  Clock Path Skew:        0.271ns (DCD - SCD - CPR)
    Destination Clock Delay (DCD):    2.041ns
    Source Clock Delay      (SCD):    1.524ns
    Clock Pessimism Removal (CPR):    0.245ns

    Location             Delay type                Incr(ns)  Path(ns)    Netlist Resource(s)
  -------------------------------------------------------------------    -------------------
                         (clock clk_out1_clk_wiz_0 rise edge)
                                                      0.000     0.000 r  
    E3                                                0.000     0.000 r  clk_in (IN)
                         net (fo=0)                   0.000     0.000    clk_in
    E3                   IBUF (Prop_ibuf_I_O)         0.250     0.250 r  clk_in_IBUF_inst/O
                         net (fo=1, routed)           0.644     0.894    clk_in_IBUF
    BUFGCTRL_X0Y16       BUFG (Prop_bufg_I_O)         0.026     0.920 r  clk_in_IBUF_BUFG_inst/O
                         net (fo=63, routed)          0.624     1.544    clk_wiz_0_inst/U0/clk_in1
    MMCME2_ADV_X0Y0      MMCME2_ADV (Prop_mmcme2_adv_CLKIN1_CLKOUT0)
                                                     -1.296     0.248 r  clk_wiz_0_inst/U0/mmcm_adv_inst/CLKOUT0
                         net (fo=1, routed)           0.648     0.896    clk_wiz_0_inst/U0/clk_out1_clk_wiz_0
    BUFGCTRL_X0Y0        BUFG (Prop_bufg_I_O)         0.026     0.922 r  clk_wiz_0_inst/U0/clkout1_buf/O
                         net (fo=50, routed)          0.603     1.524    vga_driver/CLK
    SLICE_X0Y98          FDRE                                         r  vga_driver/h_cnt_reg[1]/C
  -------------------------------------------------------------------    -------------------
    SLICE_X0Y98          FDRE (Prop_fdre_C_Q)         0.141     1.665 f  vga_driver/h_cnt_reg[1]/Q
                         net (fo=9, routed)           0.194     1.859    vga_driver/h_cnt_reg[1]
    SLICE_X1Y99          LUT5 (Prop_lut5_I3_O)        0.045     1.904 r  vga_driver/h_cnt[10]_i_4/O
                         net (fo=6, routed)           0.162     2.066    vga_driver/h_cnt[10]_i_4_n_0
    SLICE_X2Y100         LUT3 (Prop_lut3_I2_O)        0.045     2.111 r  vga_driver/h_cnt[6]_i_1/O
                         net (fo=1, routed)           0.000     2.111    vga_driver/h_cnt[6]_i_1_n_0
    SLICE_X2Y100         FDRE                                         r  vga_driver/h_cnt_reg[6]/D
  -------------------------------------------------------------------    -------------------

                         (clock clk_out1_clk_wiz_0 rise edge)
                                                      0.000     0.000 r  
    E3                                                0.000     0.000 r  clk_in (IN)
                         net (fo=0)                   0.000     0.000    clk_in
    E3                   IBUF (Prop_ibuf_I_O)         0.438     0.438 r  clk_in_IBUF_inst/O
                         net (fo=1, routed)           0.699     1.136    clk_in_IBUF
    BUFGCTRL_X0Y16       BUFG (Prop_bufg_I_O)         0.029     1.165 r  clk_in_IBUF_BUFG_inst/O
                         net (fo=63, routed)          0.898     2.063    clk_wiz_0_inst/U0/clk_in1
    MMCME2_ADV_X0Y0      MMCME2_ADV (Prop_mmcme2_adv_CLKIN1_CLKOUT0)
                                                     -1.625     0.438 r  clk_wiz_0_inst/U0/mmcm_adv_inst/CLKOUT0
                         net (fo=1, routed)           0.700     1.138    clk_wiz_0_inst/U0/clk_out1_clk_wiz_0
    BUFGCTRL_X0Y0        BUFG (Prop_bufg_I_O)         0.029     1.167 r  clk_wiz_0_inst/U0/clkout1_buf/O
                         net (fo=50, routed)          0.873     2.041    vga_driver/CLK
    SLICE_X2Y100         FDRE                                         r  vga_driver/h_cnt_reg[6]/C
                         clock pessimism             -0.245     1.795    
    SLICE_X2Y100         FDRE (Hold_fdre_C_D)         0.120     1.915    vga_driver/h_cnt_reg[6]
  -------------------------------------------------------------------
                         required time                         -1.915    
                         arrival time                           2.111    
  -------------------------------------------------------------------
                         slack                                  0.196    

Slack (MET) :             0.199ns  (arrival time - required time)
  Source:                 vga_driver/h_cnt_reg[1]/C
                            (rising edge-triggered cell FDRE clocked by clk_out1_clk_wiz_0  {rise@0.000ns fall@12.469ns period=24.938ns})
  Destination:            vga_driver/h_cnt_reg[9]/D
                            (rising edge-triggered cell FDRE clocked by clk_out1_clk_wiz_0  {rise@0.000ns fall@12.469ns period=24.938ns})
  Path Group:             clk_out1_clk_wiz_0
  Path Type:              Hold (Min at Fast Process Corner)
  Requirement:            0.000ns  (clk_out1_clk_wiz_0 rise@0.000ns - clk_out1_clk_wiz_0 rise@0.000ns)
  Data Path Delay:        0.591ns  (logic 0.231ns (39.100%)  route 0.360ns (60.900%))
  Logic Levels:           2  (LUT5=1 LUT6=1)
  Clock Path Skew:        0.271ns (DCD - SCD - CPR)
    Destination Clock Delay (DCD):    2.041ns
    Source Clock Delay      (SCD):    1.524ns
    Clock Pessimism Removal (CPR):    0.245ns

    Location             Delay type                Incr(ns)  Path(ns)    Netlist Resource(s)
  -------------------------------------------------------------------    -------------------
                         (clock clk_out1_clk_wiz_0 rise edge)
                                                      0.000     0.000 r  
    E3                                                0.000     0.000 r  clk_in (IN)
                         net (fo=0)                   0.000     0.000    clk_in
    E3                   IBUF (Prop_ibuf_I_O)         0.250     0.250 r  clk_in_IBUF_inst/O
                         net (fo=1, routed)           0.644     0.894    clk_in_IBUF
    BUFGCTRL_X0Y16       BUFG (Prop_bufg_I_O)         0.026     0.920 r  clk_in_IBUF_BUFG_inst/O
                         net (fo=63, routed)          0.624     1.544    clk_wiz_0_inst/U0/clk_in1
    MMCME2_ADV_X0Y0      MMCME2_ADV (Prop_mmcme2_adv_CLKIN1_CLKOUT0)
                                                     -1.296     0.248 r  clk_wiz_0_inst/U0/mmcm_adv_inst/CLKOUT0
                         net (fo=1, routed)           0.648     0.896    clk_wiz_0_inst/U0/clk_out1_clk_wiz_0
    BUFGCTRL_X0Y0        BUFG (Prop_bufg_I_O)         0.026     0.922 r  clk_wiz_0_inst/U0/clkout1_buf/O
                         net (fo=50, routed)          0.603     1.524    vga_driver/CLK
    SLICE_X0Y98          FDRE                                         r  vga_driver/h_cnt_reg[1]/C
  -------------------------------------------------------------------    -------------------
    SLICE_X0Y98          FDRE (Prop_fdre_C_Q)         0.141     1.665 f  vga_driver/h_cnt_reg[1]/Q
                         net (fo=9, routed)           0.194     1.859    vga_driver/h_cnt_reg[1]
    SLICE_X1Y99          LUT5 (Prop_lut5_I3_O)        0.045     1.904 r  vga_driver/h_cnt[10]_i_4/O
                         net (fo=6, routed)           0.166     2.070    vga_driver/h_cnt[10]_i_4_n_0
    SLICE_X2Y100         LUT6 (Prop_lut6_I2_O)        0.045     2.115 r  vga_driver/h_cnt[9]_i_1/O
                         net (fo=1, routed)           0.000     2.115    vga_driver/plusOp[9]
    SLICE_X2Y100         FDRE                                         r  vga_driver/h_cnt_reg[9]/D
  -------------------------------------------------------------------    -------------------

                         (clock clk_out1_clk_wiz_0 rise edge)
                                                      0.000     0.000 r  
    E3                                                0.000     0.000 r  clk_in (IN)
                         net (fo=0)                   0.000     0.000    clk_in
    E3                   IBUF (Prop_ibuf_I_O)         0.438     0.438 r  clk_in_IBUF_inst/O
                         net (fo=1, routed)           0.699     1.136    clk_in_IBUF
    BUFGCTRL_X0Y16       BUFG (Prop_bufg_I_O)         0.029     1.165 r  clk_in_IBUF_BUFG_inst/O
                         net (fo=63, routed)          0.898     2.063    clk_wiz_0_inst/U0/clk_in1
    MMCME2_ADV_X0Y0      MMCME2_ADV (Prop_mmcme2_adv_CLKIN1_CLKOUT0)
                                                     -1.625     0.438 r  clk_wiz_0_inst/U0/mmcm_adv_inst/CLKOUT0
                         net (fo=1, routed)           0.700     1.138    clk_wiz_0_inst/U0/clk_out1_clk_wiz_0
    BUFGCTRL_X0Y0        BUFG (Prop_bufg_I_O)         0.029     1.167 r  clk_wiz_0_inst/U0/clkout1_buf/O
                         net (fo=50, routed)          0.873     2.041    vga_driver/CLK
    SLICE_X2Y100         FDRE                                         r  vga_driver/h_cnt_reg[9]/C
                         clock pessimism             -0.245     1.795    
    SLICE_X2Y100         FDRE (Hold_fdre_C_D)         0.121     1.916    vga_driver/h_cnt_reg[9]
  -------------------------------------------------------------------
                         required time                         -1.916    
                         arrival time                           2.115    
  -------------------------------------------------------------------
                         slack                                  0.199    

Slack (MET) :             0.204ns  (arrival time - required time)
  Source:                 vga_driver/h_cnt_reg[7]/C
                            (rising edge-triggered cell FDRE clocked by clk_out1_clk_wiz_0  {rise@0.000ns fall@12.469ns period=24.938ns})
  Destination:            vga_driver/pixel_col_reg[7]/D
                            (rising edge-triggered cell FDRE clocked by clk_out1_clk_wiz_0  {rise@0.000ns fall@12.469ns period=24.938ns})
  Path Group:             clk_out1_clk_wiz_0
  Path Type:              Hold (Min at Fast Process Corner)
  Requirement:            0.000ns  (clk_out1_clk_wiz_0 rise@0.000ns - clk_out1_clk_wiz_0 rise@0.000ns)
  Data Path Delay:        0.496ns  (logic 0.148ns (29.818%)  route 0.348ns (70.182%))
  Logic Levels:           0  
  Clock Path Skew:        0.275ns (DCD - SCD - CPR)
    Destination Clock Delay (DCD):    2.043ns
    Source Clock Delay      (SCD):    1.522ns
    Clock Pessimism Removal (CPR):    0.245ns

    Location             Delay type                Incr(ns)  Path(ns)    Netlist Resource(s)
  -------------------------------------------------------------------    -------------------
                         (clock clk_out1_clk_wiz_0 rise edge)
                                                      0.000     0.000 r  
    E3                                                0.000     0.000 r  clk_in (IN)
                         net (fo=0)                   0.000     0.000    clk_in
    E3                   IBUF (Prop_ibuf_I_O)         0.250     0.250 r  clk_in_IBUF_inst/O
                         net (fo=1, routed)           0.644     0.894    clk_in_IBUF
    BUFGCTRL_X0Y16       BUFG (Prop_bufg_I_O)         0.026     0.920 r  clk_in_IBUF_BUFG_inst/O
                         net (fo=63, routed)          0.624     1.544    clk_wiz_0_inst/U0/clk_in1
    MMCME2_ADV_X0Y0      MMCME2_ADV (Prop_mmcme2_adv_CLKIN1_CLKOUT0)
                                                     -1.296     0.248 r  clk_wiz_0_inst/U0/mmcm_adv_inst/CLKOUT0
                         net (fo=1, routed)           0.648     0.896    clk_wiz_0_inst/U0/clk_out1_clk_wiz_0
    BUFGCTRL_X0Y0        BUFG (Prop_bufg_I_O)         0.026     0.922 r  clk_wiz_0_inst/U0/clkout1_buf/O
                         net (fo=50, routed)          0.601     1.522    vga_driver/CLK
    SLICE_X2Y100         FDRE                                         r  vga_driver/h_cnt_reg[7]/C
  -------------------------------------------------------------------    -------------------
    SLICE_X2Y100         FDRE (Prop_fdre_C_Q)         0.148     1.670 r  vga_driver/h_cnt_reg[7]/Q
                         net (fo=10, routed)          0.348     2.019    vga_driver/h_cnt_reg[7]
    SLICE_X3Y97          FDRE                                         r  vga_driver/pixel_col_reg[7]/D
  -------------------------------------------------------------------    -------------------

                         (clock clk_out1_clk_wiz_0 rise edge)
                                                      0.000     0.000 r  
    E3                                                0.000     0.000 r  clk_in (IN)
                         net (fo=0)                   0.000     0.000    clk_in
    E3                   IBUF (Prop_ibuf_I_O)         0.438     0.438 r  clk_in_IBUF_inst/O
                         net (fo=1, routed)           0.699     1.136    clk_in_IBUF
    BUFGCTRL_X0Y16       BUFG (Prop_bufg_I_O)         0.029     1.165 r  clk_in_IBUF_BUFG_inst/O
                         net (fo=63, routed)          0.898     2.063    clk_wiz_0_inst/U0/clk_in1
    MMCME2_ADV_X0Y0      MMCME2_ADV (Prop_mmcme2_adv_CLKIN1_CLKOUT0)
                                                     -1.625     0.438 r  clk_wiz_0_inst/U0/mmcm_adv_inst/CLKOUT0
                         net (fo=1, routed)           0.700     1.138    clk_wiz_0_inst/U0/clk_out1_clk_wiz_0
    BUFGCTRL_X0Y0        BUFG (Prop_bufg_I_O)         0.029     1.167 r  clk_wiz_0_inst/U0/clkout1_buf/O
                         net (fo=50, routed)          0.876     2.043    vga_driver/CLK
    SLICE_X3Y97          FDRE                                         r  vga_driver/pixel_col_reg[7]/C
                         clock pessimism             -0.245     1.797    
    SLICE_X3Y97          FDRE (Hold_fdre_C_D)         0.017     1.814    vga_driver/pixel_col_reg[7]
  -------------------------------------------------------------------
                         required time                         -1.814    
                         arrival time                           2.019    
  -------------------------------------------------------------------
                         slack                                  0.204    

Slack (MET) :             0.213ns  (arrival time - required time)
  Source:                 vga_driver/h_cnt_reg[1]/C
                            (rising edge-triggered cell FDRE clocked by clk_out1_clk_wiz_0  {rise@0.000ns fall@12.469ns period=24.938ns})
  Destination:            vga_driver/pixel_col_reg[1]/D
                            (rising edge-triggered cell FDRE clocked by clk_out1_clk_wiz_0  {rise@0.000ns fall@12.469ns period=24.938ns})
  Path Group:             clk_out1_clk_wiz_0
  Path Type:              Hold (Min at Fast Process Corner)
  Requirement:            0.000ns  (clk_out1_clk_wiz_0 rise@0.000ns - clk_out1_clk_wiz_0 rise@0.000ns)
  Data Path Delay:        0.281ns  (logic 0.141ns (50.192%)  route 0.140ns (49.808%))
  Logic Levels:           0  
  Clock Path Skew:        0.016ns (DCD - SCD - CPR)
    Destination Clock Delay (DCD):    2.043ns
    Source Clock Delay      (SCD):    1.524ns
    Clock Pessimism Removal (CPR):    0.502ns

    Location             Delay type                Incr(ns)  Path(ns)    Netlist Resource(s)
  -------------------------------------------------------------------    -------------------
                         (clock clk_out1_clk_wiz_0 rise edge)
                                                      0.000     0.000 r  
    E3                                                0.000     0.000 r  clk_in (IN)
                         net (fo=0)                   0.000     0.000    clk_in
    E3                   IBUF (Prop_ibuf_I_O)         0.250     0.250 r  clk_in_IBUF_inst/O
                         net (fo=1, routed)           0.644     0.894    clk_in_IBUF
    BUFGCTRL_X0Y16       BUFG (Prop_bufg_I_O)         0.026     0.920 r  clk_in_IBUF_BUFG_inst/O
                         net (fo=63, routed)          0.624     1.544    clk_wiz_0_inst/U0/clk_in1
    MMCME2_ADV_X0Y0      MMCME2_ADV (Prop_mmcme2_adv_CLKIN1_CLKOUT0)
                                                     -1.296     0.248 r  clk_wiz_0_inst/U0/mmcm_adv_inst/CLKOUT0
                         net (fo=1, routed)           0.648     0.896    clk_wiz_0_inst/U0/clk_out1_clk_wiz_0
    BUFGCTRL_X0Y0        BUFG (Prop_bufg_I_O)         0.026     0.922 r  clk_wiz_0_inst/U0/clkout1_buf/O
                         net (fo=50, routed)          0.603     1.524    vga_driver/CLK
    SLICE_X0Y98          FDRE                                         r  vga_driver/h_cnt_reg[1]/C
  -------------------------------------------------------------------    -------------------
    SLICE_X0Y98          FDRE (Prop_fdre_C_Q)         0.141     1.665 r  vga_driver/h_cnt_reg[1]/Q
                         net (fo=9, routed)           0.140     1.805    vga_driver/h_cnt_reg[1]
    SLICE_X2Y98          FDRE                                         r  vga_driver/pixel_col_reg[1]/D
  -------------------------------------------------------------------    -------------------

                         (clock clk_out1_clk_wiz_0 rise edge)
                                                      0.000     0.000 r  
    E3                                                0.000     0.000 r  clk_in (IN)
                         net (fo=0)                   0.000     0.000    clk_in
    E3                   IBUF (Prop_ibuf_I_O)         0.438     0.438 r  clk_in_IBUF_inst/O
                         net (fo=1, routed)           0.699     1.136    clk_in_IBUF
    BUFGCTRL_X0Y16       BUFG (Prop_bufg_I_O)         0.029     1.165 r  clk_in_IBUF_BUFG_inst/O
                         net (fo=63, routed)          0.898     2.063    clk_wiz_0_inst/U0/clk_in1
    MMCME2_ADV_X0Y0      MMCME2_ADV (Prop_mmcme2_adv_CLKIN1_CLKOUT0)
                                                     -1.625     0.438 r  clk_wiz_0_inst/U0/mmcm_adv_inst/CLKOUT0
                         net (fo=1, routed)           0.700     1.138    clk_wiz_0_inst/U0/clk_out1_clk_wiz_0
    BUFGCTRL_X0Y0        BUFG (Prop_bufg_I_O)         0.029     1.167 r  clk_wiz_0_inst/U0/clkout1_buf/O
                         net (fo=50, routed)          0.876     2.043    vga_driver/CLK
    SLICE_X2Y98          FDRE                                         r  vga_driver/pixel_col_reg[1]/C
                         clock pessimism             -0.502     1.540    
    SLICE_X2Y98          FDRE (Hold_fdre_C_D)         0.052     1.592    vga_driver/pixel_col_reg[1]
  -------------------------------------------------------------------
                         required time                         -1.592    
                         arrival time                           1.805    
  -------------------------------------------------------------------
                         slack                                  0.213    

Slack (MET) :             0.215ns  (arrival time - required time)
  Source:                 vga_driver/v_cnt_reg[0]/C
                            (rising edge-triggered cell FDRE clocked by clk_out1_clk_wiz_0  {rise@0.000ns fall@12.469ns period=24.938ns})
  Destination:            vga_driver/v_cnt_reg[1]/D
                            (rising edge-triggered cell FDRE clocked by clk_out1_clk_wiz_0  {rise@0.000ns fall@12.469ns period=24.938ns})
  Path Group:             clk_out1_clk_wiz_0
  Path Type:              Hold (Min at Fast Process Corner)
  Requirement:            0.000ns  (clk_out1_clk_wiz_0 rise@0.000ns - clk_out1_clk_wiz_0 rise@0.000ns)
  Data Path Delay:        0.351ns  (logic 0.186ns (53.025%)  route 0.165ns (46.976%))
  Logic Levels:           1  (LUT2=1)
  Clock Path Skew:        0.015ns (DCD - SCD - CPR)
    Destination Clock Delay (DCD):    2.041ns
    Source Clock Delay      (SCD):    1.523ns
    Clock Pessimism Removal (CPR):    0.502ns

    Location             Delay type                Incr(ns)  Path(ns)    Netlist Resource(s)
  -------------------------------------------------------------------    -------------------
                         (clock clk_out1_clk_wiz_0 rise edge)
                                                      0.000     0.000 r  
    E3                                                0.000     0.000 r  clk_in (IN)
                         net (fo=0)                   0.000     0.000    clk_in
    E3                   IBUF (Prop_ibuf_I_O)         0.250     0.250 r  clk_in_IBUF_inst/O
                         net (fo=1, routed)           0.644     0.894    clk_in_IBUF
    BUFGCTRL_X0Y16       BUFG (Prop_bufg_I_O)         0.026     0.920 r  clk_in_IBUF_BUFG_inst/O
                         net (fo=63, routed)          0.624     1.544    clk_wiz_0_inst/U0/clk_in1
    MMCME2_ADV_X0Y0      MMCME2_ADV (Prop_mmcme2_adv_CLKIN1_CLKOUT0)
                                                     -1.296     0.248 r  clk_wiz_0_inst/U0/mmcm_adv_inst/CLKOUT0
                         net (fo=1, routed)           0.648     0.896    clk_wiz_0_inst/U0/clk_out1_clk_wiz_0
    BUFGCTRL_X0Y0        BUFG (Prop_bufg_I_O)         0.026     0.922 r  clk_wiz_0_inst/U0/clkout1_buf/O
                         net (fo=50, routed)          0.602     1.523    vga_driver/CLK
    SLICE_X3Y93          FDRE                                         r  vga_driver/v_cnt_reg[0]/C
  -------------------------------------------------------------------    -------------------
    SLICE_X3Y93          FDRE (Prop_fdre_C_Q)         0.141     1.664 r  vga_driver/v_cnt_reg[0]/Q
                         net (fo=10, routed)          0.165     1.829    vga_driver/v_cnt_reg[0]
    SLICE_X2Y92          LUT2 (Prop_lut2_I1_O)        0.045     1.874 r  vga_driver/v_cnt[1]_i_1/O
                         net (fo=1, routed)           0.000     1.874    vga_driver/plusOp__0[1]
    SLICE_X2Y92          FDRE                                         r  vga_driver/v_cnt_reg[1]/D
  -------------------------------------------------------------------    -------------------

                         (clock clk_out1_clk_wiz_0 rise edge)
                                                      0.000     0.000 r  
    E3                                                0.000     0.000 r  clk_in (IN)
                         net (fo=0)                   0.000     0.000    clk_in
    E3                   IBUF (Prop_ibuf_I_O)         0.438     0.438 r  clk_in_IBUF_inst/O
                         net (fo=1, routed)           0.699     1.136    clk_in_IBUF
    BUFGCTRL_X0Y16       BUFG (Prop_bufg_I_O)         0.029     1.165 r  clk_in_IBUF_BUFG_inst/O
                         net (fo=63, routed)          0.898     2.063    clk_wiz_0_inst/U0/clk_in1
    MMCME2_ADV_X0Y0      MMCME2_ADV (Prop_mmcme2_adv_CLKIN1_CLKOUT0)
                                                     -1.625     0.438 r  clk_wiz_0_inst/U0/mmcm_adv_inst/CLKOUT0
                         net (fo=1, routed)           0.700     1.138    clk_wiz_0_inst/U0/clk_out1_clk_wiz_0
    BUFGCTRL_X0Y0        BUFG (Prop_bufg_I_O)         0.029     1.167 r  clk_wiz_0_inst/U0/clkout1_buf/O
                         net (fo=50, routed)          0.874     2.041    vga_driver/CLK
    SLICE_X2Y92          FDRE                                         r  vga_driver/v_cnt_reg[1]/C
                         clock pessimism             -0.502     1.538    
    SLICE_X2Y92          FDRE (Hold_fdre_C_D)         0.121     1.659    vga_driver/v_cnt_reg[1]
  -------------------------------------------------------------------
                         required time                         -1.659    
                         arrival time                           1.874    
  -------------------------------------------------------------------
                         slack                                  0.215    

Slack (MET) :             0.215ns  (arrival time - required time)
  Source:                 vga_driver/h_cnt_reg[0]/C
                            (rising edge-triggered cell FDRE clocked by clk_out1_clk_wiz_0  {rise@0.000ns fall@12.469ns period=24.938ns})
  Destination:            vga_driver/pixel_col_reg[0]/D
                            (rising edge-triggered cell FDRE clocked by clk_out1_clk_wiz_0  {rise@0.000ns fall@12.469ns period=24.938ns})
  Path Group:             clk_out1_clk_wiz_0
  Path Type:              Hold (Min at Fast Process Corner)
  Requirement:            0.000ns  (clk_out1_clk_wiz_0 rise@0.000ns - clk_out1_clk_wiz_0 rise@0.000ns)
  Data Path Delay:        0.290ns  (logic 0.141ns (48.595%)  route 0.149ns (51.405%))
  Logic Levels:           0  
  Clock Path Skew:        0.016ns (DCD - SCD - CPR)
    Destination Clock Delay (DCD):    2.043ns
    Source Clock Delay      (SCD):    1.524ns
    Clock Pessimism Removal (CPR):    0.502ns

    Location             Delay type                Incr(ns)  Path(ns)    Netlist Resource(s)
  -------------------------------------------------------------------    -------------------
                         (clock clk_out1_clk_wiz_0 rise edge)
                                                      0.000     0.000 r  
    E3                                                0.000     0.000 r  clk_in (IN)
                         net (fo=0)                   0.000     0.000    clk_in
    E3                   IBUF (Prop_ibuf_I_O)         0.250     0.250 r  clk_in_IBUF_inst/O
                         net (fo=1, routed)           0.644     0.894    clk_in_IBUF
    BUFGCTRL_X0Y16       BUFG (Prop_bufg_I_O)         0.026     0.920 r  clk_in_IBUF_BUFG_inst/O
                         net (fo=63, routed)          0.624     1.544    clk_wiz_0_inst/U0/clk_in1
    MMCME2_ADV_X0Y0      MMCME2_ADV (Prop_mmcme2_adv_CLKIN1_CLKOUT0)
                                                     -1.296     0.248 r  clk_wiz_0_inst/U0/mmcm_adv_inst/CLKOUT0
                         net (fo=1, routed)           0.648     0.896    clk_wiz_0_inst/U0/clk_out1_clk_wiz_0
    BUFGCTRL_X0Y0        BUFG (Prop_bufg_I_O)         0.026     0.922 r  clk_wiz_0_inst/U0/clkout1_buf/O
                         net (fo=50, routed)          0.603     1.524    vga_driver/CLK
    SLICE_X0Y99          FDRE                                         r  vga_driver/h_cnt_reg[0]/C
  -------------------------------------------------------------------    -------------------
    SLICE_X0Y99          FDRE (Prop_fdre_C_Q)         0.141     1.665 r  vga_driver/h_cnt_reg[0]/Q
                         net (fo=10, routed)          0.149     1.814    vga_driver/h_cnt_reg[0]
    SLICE_X2Y98          FDRE                                         r  vga_driver/pixel_col_reg[0]/D
  -------------------------------------------------------------------    -------------------

                         (clock clk_out1_clk_wiz_0 rise edge)
                                                      0.000     0.000 r  
    E3                                                0.000     0.000 r  clk_in (IN)
                         net (fo=0)                   0.000     0.000    clk_in
    E3                   IBUF (Prop_ibuf_I_O)         0.438     0.438 r  clk_in_IBUF_inst/O
                         net (fo=1, routed)           0.699     1.136    clk_in_IBUF
    BUFGCTRL_X0Y16       BUFG (Prop_bufg_I_O)         0.029     1.165 r  clk_in_IBUF_BUFG_inst/O
                         net (fo=63, routed)          0.898     2.063    clk_wiz_0_inst/U0/clk_in1
    MMCME2_ADV_X0Y0      MMCME2_ADV (Prop_mmcme2_adv_CLKIN1_CLKOUT0)
                                                     -1.625     0.438 r  clk_wiz_0_inst/U0/mmcm_adv_inst/CLKOUT0
                         net (fo=1, routed)           0.700     1.138    clk_wiz_0_inst/U0/clk_out1_clk_wiz_0
    BUFGCTRL_X0Y0        BUFG (Prop_bufg_I_O)         0.029     1.167 r  clk_wiz_0_inst/U0/clkout1_buf/O
                         net (fo=50, routed)          0.876     2.043    vga_driver/CLK
    SLICE_X2Y98          FDRE                                         r  vga_driver/pixel_col_reg[0]/C
                         clock pessimism             -0.502     1.540    
    SLICE_X2Y98          FDRE (Hold_fdre_C_D)         0.059     1.599    vga_driver/pixel_col_reg[0]
  -------------------------------------------------------------------
                         required time                         -1.599    
                         arrival time                           1.814    
  -------------------------------------------------------------------
                         slack                                  0.215    

Slack (MET) :             0.227ns  (arrival time - required time)
  Source:                 vga_driver/v_cnt_reg[5]/C
                            (rising edge-triggered cell FDRE clocked by clk_out1_clk_wiz_0  {rise@0.000ns fall@12.469ns period=24.938ns})
  Destination:            vga_driver/v_cnt_reg[5]/D
                            (rising edge-triggered cell FDRE clocked by clk_out1_clk_wiz_0  {rise@0.000ns fall@12.469ns period=24.938ns})
  Path Group:             clk_out1_clk_wiz_0
  Path Type:              Hold (Min at Fast Process Corner)
  Requirement:            0.000ns  (clk_out1_clk_wiz_0 rise@0.000ns - clk_out1_clk_wiz_0 rise@0.000ns)
  Data Path Delay:        0.319ns  (logic 0.186ns (58.386%)  route 0.133ns (41.614%))
  Logic Levels:           1  (LUT6=1)
  Clock Path Skew:        0.000ns (DCD - SCD - CPR)
    Destination Clock Delay (DCD):    2.041ns
    Source Clock Delay      (SCD):    1.522ns
    Clock Pessimism Removal (CPR):    0.518ns

    Location             Delay type                Incr(ns)  Path(ns)    Netlist Resource(s)
  -------------------------------------------------------------------    -------------------
                         (clock clk_out1_clk_wiz_0 rise edge)
                                                      0.000     0.000 r  
    E3                                                0.000     0.000 r  clk_in (IN)
                         net (fo=0)                   0.000     0.000    clk_in
    E3                   IBUF (Prop_ibuf_I_O)         0.250     0.250 r  clk_in_IBUF_inst/O
                         net (fo=1, routed)           0.644     0.894    clk_in_IBUF
    BUFGCTRL_X0Y16       BUFG (Prop_bufg_I_O)         0.026     0.920 r  clk_in_IBUF_BUFG_inst/O
                         net (fo=63, routed)          0.624     1.544    clk_wiz_0_inst/U0/clk_in1
    MMCME2_ADV_X0Y0      MMCME2_ADV (Prop_mmcme2_adv_CLKIN1_CLKOUT0)
                                                     -1.296     0.248 r  clk_wiz_0_inst/U0/mmcm_adv_inst/CLKOUT0
                         net (fo=1, routed)           0.648     0.896    clk_wiz_0_inst/U0/clk_out1_clk_wiz_0
    BUFGCTRL_X0Y0        BUFG (Prop_bufg_I_O)         0.026     0.922 r  clk_wiz_0_inst/U0/clkout1_buf/O
                         net (fo=50, routed)          0.601     1.522    vga_driver/CLK
    SLICE_X3Y92          FDRE                                         r  vga_driver/v_cnt_reg[5]/C
  -------------------------------------------------------------------    -------------------
    SLICE_X3Y92          FDRE (Prop_fdre_C_Q)         0.141     1.663 r  vga_driver/v_cnt_reg[5]/Q
                         net (fo=10, routed)          0.133     1.796    vga_driver/v_cnt_reg[5]
    SLICE_X3Y92          LUT6 (Prop_lut6_I0_O)        0.045     1.841 r  vga_driver/v_cnt[5]_i_1/O
                         net (fo=1, routed)           0.000     1.841    vga_driver/plusOp__0[5]
    SLICE_X3Y92          FDRE                                         r  vga_driver/v_cnt_reg[5]/D
  -------------------------------------------------------------------    -------------------

                         (clock clk_out1_clk_wiz_0 rise edge)
                                                      0.000     0.000 r  
    E3                                                0.000     0.000 r  clk_in (IN)
                         net (fo=0)                   0.000     0.000    clk_in
    E3                   IBUF (Prop_ibuf_I_O)         0.438     0.438 r  clk_in_IBUF_inst/O
                         net (fo=1, routed)           0.699     1.136    clk_in_IBUF
    BUFGCTRL_X0Y16       BUFG (Prop_bufg_I_O)         0.029     1.165 r  clk_in_IBUF_BUFG_inst/O
                         net (fo=63, routed)          0.898     2.063    clk_wiz_0_inst/U0/clk_in1
    MMCME2_ADV_X0Y0      MMCME2_ADV (Prop_mmcme2_adv_CLKIN1_CLKOUT0)
                                                     -1.625     0.438 r  clk_wiz_0_inst/U0/mmcm_adv_inst/CLKOUT0
                         net (fo=1, routed)           0.700     1.138    clk_wiz_0_inst/U0/clk_out1_clk_wiz_0
    BUFGCTRL_X0Y0        BUFG (Prop_bufg_I_O)         0.029     1.167 r  clk_wiz_0_inst/U0/clkout1_buf/O
                         net (fo=50, routed)          0.874     2.041    vga_driver/CLK
    SLICE_X3Y92          FDRE                                         r  vga_driver/v_cnt_reg[5]/C
                         clock pessimism             -0.518     1.522    
    SLICE_X3Y92          FDRE (Hold_fdre_C_D)         0.092     1.614    vga_driver/v_cnt_reg[5]
  -------------------------------------------------------------------
                         required time                         -1.614    
                         arrival time                           1.841    
  -------------------------------------------------------------------
                         slack                                  0.227    

Slack (MET) :             0.234ns  (arrival time - required time)
  Source:                 vga_driver/v_cnt_reg[9]/C
                            (rising edge-triggered cell FDRE clocked by clk_out1_clk_wiz_0  {rise@0.000ns fall@12.469ns period=24.938ns})
  Destination:            vga_driver/v_cnt_reg[0]/D
                            (rising edge-triggered cell FDRE clocked by clk_out1_clk_wiz_0  {rise@0.000ns fall@12.469ns period=24.938ns})
  Path Group:             clk_out1_clk_wiz_0
  Path Type:              Hold (Min at Fast Process Corner)
  Requirement:            0.000ns  (clk_out1_clk_wiz_0 rise@0.000ns - clk_out1_clk_wiz_0 rise@0.000ns)
  Data Path Delay:        0.343ns  (logic 0.186ns (54.160%)  route 0.157ns (45.840%))
  Logic Levels:           1  (LUT6=1)
  Clock Path Skew:        0.017ns (DCD - SCD - CPR)
    Destination Clock Delay (DCD):    2.042ns
    Source Clock Delay      (SCD):    1.522ns
    Clock Pessimism Removal (CPR):    0.502ns

    Location             Delay type                Incr(ns)  Path(ns)    Netlist Resource(s)
  -------------------------------------------------------------------    -------------------
                         (clock clk_out1_clk_wiz_0 rise edge)
                                                      0.000     0.000 r  
    E3                                                0.000     0.000 r  clk_in (IN)
                         net (fo=0)                   0.000     0.000    clk_in
    E3                   IBUF (Prop_ibuf_I_O)         0.250     0.250 r  clk_in_IBUF_inst/O
                         net (fo=1, routed)           0.644     0.894    clk_in_IBUF
    BUFGCTRL_X0Y16       BUFG (Prop_bufg_I_O)         0.026     0.920 r  clk_in_IBUF_BUFG_inst/O
                         net (fo=63, routed)          0.624     1.544    clk_wiz_0_inst/U0/clk_in1
    MMCME2_ADV_X0Y0      MMCME2_ADV (Prop_mmcme2_adv_CLKIN1_CLKOUT0)
                                                     -1.296     0.248 r  clk_wiz_0_inst/U0/mmcm_adv_inst/CLKOUT0
                         net (fo=1, routed)           0.648     0.896    clk_wiz_0_inst/U0/clk_out1_clk_wiz_0
    BUFGCTRL_X0Y0        BUFG (Prop_bufg_I_O)         0.026     0.922 r  clk_wiz_0_inst/U0/clkout1_buf/O
                         net (fo=50, routed)          0.601     1.522    vga_driver/CLK
    SLICE_X3Y92          FDRE                                         r  vga_driver/v_cnt_reg[9]/C
  -------------------------------------------------------------------    -------------------
    SLICE_X3Y92          FDRE (Prop_fdre_C_Q)         0.141     1.663 f  vga_driver/v_cnt_reg[9]/Q
                         net (fo=8, routed)           0.157     1.821    vga_driver/v_cnt_reg[9]
    SLICE_X3Y93          LUT6 (Prop_lut6_I4_O)        0.045     1.866 r  vga_driver/v_cnt[0]_i_1/O
                         net (fo=1, routed)           0.000     1.866    vga_driver/v_cnt[0]_i_1_n_0
    SLICE_X3Y93          FDRE                                         r  vga_driver/v_cnt_reg[0]/D
  -------------------------------------------------------------------    -------------------

                         (clock clk_out1_clk_wiz_0 rise edge)
                                                      0.000     0.000 r  
    E3                                                0.000     0.000 r  clk_in (IN)
                         net (fo=0)                   0.000     0.000    clk_in
    E3                   IBUF (Prop_ibuf_I_O)         0.438     0.438 r  clk_in_IBUF_inst/O
                         net (fo=1, routed)           0.699     1.136    clk_in_IBUF
    BUFGCTRL_X0Y16       BUFG (Prop_bufg_I_O)         0.029     1.165 r  clk_in_IBUF_BUFG_inst/O
                         net (fo=63, routed)          0.898     2.063    clk_wiz_0_inst/U0/clk_in1
    MMCME2_ADV_X0Y0      MMCME2_ADV (Prop_mmcme2_adv_CLKIN1_CLKOUT0)
                                                     -1.625     0.438 r  clk_wiz_0_inst/U0/mmcm_adv_inst/CLKOUT0
                         net (fo=1, routed)           0.700     1.138    clk_wiz_0_inst/U0/clk_out1_clk_wiz_0
    BUFGCTRL_X0Y0        BUFG (Prop_bufg_I_O)         0.029     1.167 r  clk_wiz_0_inst/U0/clkout1_buf/O
                         net (fo=50, routed)          0.875     2.042    vga_driver/CLK
    SLICE_X3Y93          FDRE                                         r  vga_driver/v_cnt_reg[0]/C
                         clock pessimism             -0.502     1.539    
    SLICE_X3Y93          FDRE (Hold_fdre_C_D)         0.092     1.631    vga_driver/v_cnt_reg[0]
  -------------------------------------------------------------------
                         required time                         -1.631    
                         arrival time                           1.866    
  -------------------------------------------------------------------
                         slack                                  0.234    





Pulse Width Checks
--------------------------------------------------------------------------------------
Clock Name:         clk_out1_clk_wiz_0
Waveform(ns):       { 0.000 12.469 }
Period(ns):         24.938
Sources:            { clk_wiz_0_inst/U0/mmcm_adv_inst/CLKOUT0 }

Check Type        Corner  Lib Pin             Reference Pin  Required(ns)  Actual(ns)  Slack(ns)  Location         Pin
Min Period        n/a     BUFG/I              n/a            2.155         24.938      22.783     BUFGCTRL_X0Y0    clk_wiz_0_inst/U0/clkout1_buf/I
Min Period        n/a     MMCME2_ADV/CLKOUT0  n/a            1.249         24.938      23.689     MMCME2_ADV_X0Y0  clk_wiz_0_inst/U0/mmcm_adv_inst/CLKOUT0
Min Period        n/a     FDRE/C              n/a            1.000         24.938      23.938     SLICE_X8Y99      vga_driver/green_out_reg[3]/C
Min Period        n/a     FDRE/C              n/a            1.000         24.938      23.938     SLICE_X8Y98      vga_driver/green_out_reg[3]_lopt_replica/C
Min Period        n/a     FDRE/C              n/a            1.000         24.938      23.938     SLICE_X0Y99      vga_driver/h_cnt_reg[0]/C
Min Period        n/a     FDRE/C              n/a            1.000         24.938      23.938     SLICE_X1Y99      vga_driver/h_cnt_reg[10]/C
Min Period        n/a     FDRE/C              n/a            1.000         24.938      23.938     SLICE_X0Y98      vga_driver/h_cnt_reg[1]/C
Min Period        n/a     FDRE/C              n/a            1.000         24.938      23.938     SLICE_X0Y98      vga_driver/h_cnt_reg[2]/C
Min Period        n/a     FDRE/C              n/a            1.000         24.938      23.938     SLICE_X0Y98      vga_driver/h_cnt_reg[3]/C
Min Period        n/a     FDRE/C              n/a            1.000         24.938      23.938     SLICE_X1Y99      vga_driver/h_cnt_reg[4]/C
Max Period        n/a     MMCME2_ADV/CLKOUT0  n/a            213.360       24.938      188.422    MMCME2_ADV_X0Y0  clk_wiz_0_inst/U0/mmcm_adv_inst/CLKOUT0
Low Pulse Width   Slow    FDRE/C              n/a            0.500         12.469      11.969     SLICE_X8Y99      vga_driver/green_out_reg[3]/C
Low Pulse Width   Fast    FDRE/C              n/a            0.500         12.469      11.969     SLICE_X8Y99      vga_driver/green_out_reg[3]/C
Low Pulse Width   Slow    FDRE/C              n/a            0.500         12.469      11.969     SLICE_X8Y98      vga_driver/green_out_reg[3]_lopt_replica/C
Low Pulse Width   Fast    FDRE/C              n/a            0.500         12.469      11.969     SLICE_X8Y98      vga_driver/green_out_reg[3]_lopt_replica/C
Low Pulse Width   Slow    FDRE/C              n/a            0.500         12.469      11.969     SLICE_X0Y99      vga_driver/h_cnt_reg[0]/C
Low Pulse Width   Fast    FDRE/C              n/a            0.500         12.469      11.969     SLICE_X0Y99      vga_driver/h_cnt_reg[0]/C
Low Pulse Width   Slow    FDRE/C              n/a            0.500         12.469      11.969     SLICE_X1Y99      vga_driver/h_cnt_reg[10]/C
Low Pulse Width   Fast    FDRE/C              n/a            0.500         12.469      11.969     SLICE_X1Y99      vga_driver/h_cnt_reg[10]/C
Low Pulse Width   Slow    FDRE/C              n/a            0.500         12.469      11.969     SLICE_X0Y98      vga_driver/h_cnt_reg[1]/C
Low Pulse Width   Fast    FDRE/C              n/a            0.500         12.469      11.969     SLICE_X0Y98      vga_driver/h_cnt_reg[1]/C
High Pulse Width  Slow    FDRE/C              n/a            0.500         12.469      11.969     SLICE_X8Y99      vga_driver/green_out_reg[3]/C
High Pulse Width  Fast    FDRE/C              n/a            0.500         12.469      11.969     SLICE_X8Y99      vga_driver/green_out_reg[3]/C
High Pulse Width  Slow    FDRE/C              n/a            0.500         12.469      11.969     SLICE_X8Y98      vga_driver/green_out_reg[3]_lopt_replica/C
High Pulse Width  Fast    FDRE/C              n/a            0.500         12.469      11.969     SLICE_X8Y98      vga_driver/green_out_reg[3]_lopt_replica/C
High Pulse Width  Slow    FDRE/C              n/a            0.500         12.469      11.969     SLICE_X0Y99      vga_driver/h_cnt_reg[0]/C
High Pulse Width  Fast    FDRE/C              n/a            0.500         12.469      11.969     SLICE_X0Y99      vga_driver/h_cnt_reg[0]/C
High Pulse Width  Slow    FDRE/C              n/a            0.500         12.469      11.969     SLICE_X1Y99      vga_driver/h_cnt_reg[10]/C
High Pulse Width  Fast    FDRE/C              n/a            0.500         12.469      11.969     SLICE_X1Y99      vga_driver/h_cnt_reg[10]/C
High Pulse Width  Slow    FDRE/C              n/a            0.500         12.469      11.969     SLICE_X0Y98      vga_driver/h_cnt_reg[1]/C
High Pulse Width  Fast    FDRE/C              n/a            0.500         12.469      11.969     SLICE_X0Y98      vga_driver/h_cnt_reg[1]/C



---------------------------------------------------------------------------------------------------
From Clock:  clkfbout_clk_wiz_0
  To Clock:  clkfbout_clk_wiz_0

Setup :           NA  Failing Endpoints,  Worst Slack           NA  ,  Total Violation           NA
Hold  :           NA  Failing Endpoints,  Worst Slack           NA  ,  Total Violation           NA
PW    :            0  Failing Endpoints,  Worst Slack        7.845ns,  Total Violation        0.000ns
---------------------------------------------------------------------------------------------------


Pulse Width Checks
--------------------------------------------------------------------------------------
Clock Name:         clkfbout_clk_wiz_0
Waveform(ns):       { 0.000 5.000 }
Period(ns):         10.000
Sources:            { clk_wiz_0_inst/U0/mmcm_adv_inst/CLKFBOUT }

Check Type  Corner  Lib Pin              Reference Pin  Required(ns)  Actual(ns)  Slack(ns)  Location         Pin
Min Period  n/a     BUFG/I               n/a            2.155         10.000      7.845      BUFGCTRL_X0Y1    clk_wiz_0_inst/U0/clkf_buf/I
Min Period  n/a     MMCME2_ADV/CLKFBOUT  n/a            1.249         10.000      8.751      MMCME2_ADV_X0Y0  clk_wiz_0_inst/U0/mmcm_adv_inst/CLKFBOUT
Min Period  n/a     MMCME2_ADV/CLKFBIN   n/a            1.249         10.000      8.751      MMCME2_ADV_X0Y0  clk_wiz_0_inst/U0/mmcm_adv_inst/CLKFBIN
Max Period  n/a     MMCME2_ADV/CLKFBIN   n/a            100.000       10.000      90.000     MMCME2_ADV_X0Y0  clk_wiz_0_inst/U0/mmcm_adv_inst/CLKFBIN
Max Period  n/a     MMCME2_ADV/CLKFBOUT  n/a            213.360       10.000      203.360    MMCME2_ADV_X0Y0  clk_wiz_0_inst/U0/mmcm_adv_inst/CLKFBOUT



---------------------------------------------------------------------------------------------------
From Clock:  sys_clk_pin
  To Clock:  clk_out1_clk_wiz_0

Setup :            2  Failing Endpoints,  Worst Slack       -5.940ns,  Total Violation      -11.457ns
Hold  :            0  Failing Endpoints,  Worst Slack        0.419ns,  Total Violation        0.000ns
---------------------------------------------------------------------------------------------------


Max Delay Paths
--------------------------------------------------------------------------------------
Slack (VIOLATED) :        -5.940ns  (required time - arrival time)
  Source:                 shippos_reg[2]/C
                            (rising edge-triggered cell FDRE clocked by sys_clk_pin  {rise@0.000ns fall@5.000ns period=10.000ns})
  Destination:            vga_driver/green_out_reg[3]/D
                            (rising edge-triggered cell FDRE clocked by clk_out1_clk_wiz_0  {rise@0.000ns fall@12.469ns period=24.938ns})
  Path Group:             clk_out1_clk_wiz_0
  Path Type:              Setup (Max at Slow Process Corner)
  Requirement:            0.123ns  (clk_out1_clk_wiz_0 rise@1970.124ns - sys_clk_pin rise@1970.000ns)
  Data Path Delay:        5.672ns  (logic 2.417ns (42.615%)  route 3.255ns (57.385%))
  Logic Levels:           6  (CARRY4=3 LUT5=1 LUT6=2)
  Clock Path Skew:        -0.197ns (DCD - SCD + CPR)
    Destination Clock Delay (DCD):    4.948ns = ( 1975.071 - 1970.124 ) 
    Source Clock Delay      (SCD):    5.325ns = ( 1975.325 - 1970.000 ) 
    Clock Pessimism Removal (CPR):    0.180ns
  Clock Uncertainty:      0.181ns  ((TSJ^2 + DJ^2)^1/2) / 2 + PE
    Total System Jitter     (TSJ):    0.071ns
    Discrete Jitter          (DJ):    0.152ns
    Phase Error              (PE):    0.098ns

    Location             Delay type                Incr(ns)  Path(ns)    Netlist Resource(s)
  -------------------------------------------------------------------    -------------------
                         (clock sys_clk_pin rise edge)
                                                   1970.000  1970.000 r  
    E3                                                0.000  1970.000 r  clk_in (IN)
                         net (fo=0)                   0.000  1970.000    clk_in
    E3                   IBUF (Prop_ibuf_I_O)         1.482  1971.482 r  clk_in_IBUF_inst/O
                         net (fo=1, routed)           2.025  1973.506    clk_in_IBUF
    BUFGCTRL_X0Y16       BUFG (Prop_bufg_I_O)         0.096  1973.602 r  clk_in_IBUF_BUFG_inst/O
                         net (fo=63, routed)          1.722  1975.325    clk_in_IBUF_BUFG
    SLICE_X5Y90          FDRE                                         r  shippos_reg[2]/C
  -------------------------------------------------------------------    -------------------
    SLICE_X5Y90          FDRE (Prop_fdre_C_Q)         0.456  1975.781 r  shippos_reg[2]/Q
                         net (fo=4, routed)           0.682  1976.463    vga_driver/shippos_reg[10]_2[2]
    SLICE_X4Y90          LUT6 (Prop_lut6_I0_O)        0.124  1976.587 r  vga_driver/i___1_carry__0_i_4/O
                         net (fo=2, routed)           0.739  1977.326    add_sl/i__carry_i_6__8[0]
    SLICE_X7Y97          CARRY4 (Prop_carry4_DI[0]_CO[3])
                                                      0.526  1977.852 r  add_sl/minusOp_inferred__3/i___1_carry__0/CO[3]
                         net (fo=1, routed)           0.000  1977.852    add_sl/minusOp_inferred__3/i___1_carry__0_n_0
    SLICE_X7Y98          CARRY4 (Prop_carry4_CI_O[0])
                                                      0.222  1978.074 r  add_sl/minusOp_inferred__3/i___1_carry__1/O[0]
                         net (fo=2, routed)           0.832  1978.906    vga_driver/geqOp_inferred__1/i__carry__0[0]
    SLICE_X8Y97          LUT5 (Prop_lut5_I4_O)        0.299  1979.204 r  vga_driver/i__carry__0_i_4__8/O
                         net (fo=1, routed)           0.000  1979.204    add_sl/green_out[3]_i_3_2[0]
    SLICE_X8Y97          CARRY4 (Prop_carry4_S[0]_CO[1])
                                                      0.458  1979.662 r  add_sl/geqOp_inferred__1/i__carry__0/CO[1]
                         net (fo=1, routed)           0.671  1980.334    vga_driver/green_out_reg[3]_5[0]
    SLICE_X8Y98          LUT6 (Prop_lut6_I4_O)        0.332  1980.666 r  vga_driver/green_out[3]_i_1_comp/O
                         net (fo=2, routed)           0.331  1980.997    vga_driver/green_out[3]_i_1_n_0
    SLICE_X8Y99          FDRE                                         r  vga_driver/green_out_reg[3]/D
  -------------------------------------------------------------------    -------------------

                         (clock clk_out1_clk_wiz_0 rise edge)
                                                   1970.124  1970.124 r  
    E3                                                0.000  1970.124 r  clk_in (IN)
                         net (fo=0)                   0.000  1970.124    clk_in
    E3                   IBUF (Prop_ibuf_I_O)         1.411  1971.535 r  clk_in_IBUF_inst/O
                         net (fo=1, routed)           1.920  1973.455    clk_in_IBUF
    BUFGCTRL_X0Y16       BUFG (Prop_bufg_I_O)         0.091  1973.546 r  clk_in_IBUF_BUFG_inst/O
                         net (fo=63, routed)          1.683  1975.229    clk_wiz_0_inst/U0/clk_in1
    MMCME2_ADV_X0Y0      MMCME2_ADV (Prop_mmcme2_adv_CLKIN1_CLKOUT0)
                                                     -3.694  1971.535 r  clk_wiz_0_inst/U0/mmcm_adv_inst/CLKOUT0
                         net (fo=1, routed)           1.923  1973.458    clk_wiz_0_inst/U0/clk_out1_clk_wiz_0
    BUFGCTRL_X0Y0        BUFG (Prop_bufg_I_O)         0.091  1973.549 r  clk_wiz_0_inst/U0/clkout1_buf/O
                         net (fo=50, routed)          1.522  1975.071    vga_driver/CLK
    SLICE_X8Y99          FDRE                                         r  vga_driver/green_out_reg[3]/C
                         clock pessimism              0.180  1975.251    
                         clock uncertainty           -0.181  1975.070    
    SLICE_X8Y99          FDRE (Setup_fdre_C_D)       -0.013  1975.057    vga_driver/green_out_reg[3]
  -------------------------------------------------------------------
                         required time                       1975.057    
                         arrival time                       -1980.997    
  -------------------------------------------------------------------
                         slack                                 -5.940    

Slack (VIOLATED) :        -5.517ns  (required time - arrival time)
  Source:                 shippos_reg[2]/C
                            (rising edge-triggered cell FDRE clocked by sys_clk_pin  {rise@0.000ns fall@5.000ns period=10.000ns})
  Destination:            vga_driver/green_out_reg[3]_lopt_replica/D
                            (rising edge-triggered cell FDRE clocked by clk_out1_clk_wiz_0  {rise@0.000ns fall@12.469ns period=24.938ns})
  Path Group:             clk_out1_clk_wiz_0
  Path Type:              Setup (Max at Slow Process Corner)
  Requirement:            0.123ns  (clk_out1_clk_wiz_0 rise@1970.124ns - sys_clk_pin rise@1970.000ns)
  Data Path Delay:        5.341ns  (logic 2.417ns (45.256%)  route 2.924ns (54.744%))
  Logic Levels:           6  (CARRY4=3 LUT5=1 LUT6=2)
  Clock Path Skew:        -0.197ns (DCD - SCD + CPR)
    Destination Clock Delay (DCD):    4.948ns = ( 1975.071 - 1970.124 ) 
    Source Clock Delay      (SCD):    5.325ns = ( 1975.325 - 1970.000 ) 
    Clock Pessimism Removal (CPR):    0.180ns
  Clock Uncertainty:      0.181ns  ((TSJ^2 + DJ^2)^1/2) / 2 + PE
    Total System Jitter     (TSJ):    0.071ns
    Discrete Jitter          (DJ):    0.152ns
    Phase Error              (PE):    0.098ns

    Location             Delay type                Incr(ns)  Path(ns)    Netlist Resource(s)
  -------------------------------------------------------------------    -------------------
                         (clock sys_clk_pin rise edge)
                                                   1970.000  1970.000 r  
    E3                                                0.000  1970.000 r  clk_in (IN)
                         net (fo=0)                   0.000  1970.000    clk_in
    E3                   IBUF (Prop_ibuf_I_O)         1.482  1971.482 r  clk_in_IBUF_inst/O
                         net (fo=1, routed)           2.025  1973.506    clk_in_IBUF
    BUFGCTRL_X0Y16       BUFG (Prop_bufg_I_O)         0.096  1973.602 r  clk_in_IBUF_BUFG_inst/O
                         net (fo=63, routed)          1.722  1975.325    clk_in_IBUF_BUFG
    SLICE_X5Y90          FDRE                                         r  shippos_reg[2]/C
  -------------------------------------------------------------------    -------------------
    SLICE_X5Y90          FDRE (Prop_fdre_C_Q)         0.456  1975.781 r  shippos_reg[2]/Q
                         net (fo=4, routed)           0.682  1976.463    vga_driver/shippos_reg[10]_2[2]
    SLICE_X4Y90          LUT6 (Prop_lut6_I0_O)        0.124  1976.587 r  vga_driver/i___1_carry__0_i_4/O
                         net (fo=2, routed)           0.739  1977.326    add_sl/i__carry_i_6__8[0]
    SLICE_X7Y97          CARRY4 (Prop_carry4_DI[0]_CO[3])
                                                      0.526  1977.852 r  add_sl/minusOp_inferred__3/i___1_carry__0/CO[3]
                         net (fo=1, routed)           0.000  1977.852    add_sl/minusOp_inferred__3/i___1_carry__0_n_0
    SLICE_X7Y98          CARRY4 (Prop_carry4_CI_O[0])
                                                      0.222  1978.074 r  add_sl/minusOp_inferred__3/i___1_carry__1/O[0]
                         net (fo=2, routed)           0.832  1978.906    vga_driver/geqOp_inferred__1/i__carry__0[0]
    SLICE_X8Y97          LUT5 (Prop_lut5_I4_O)        0.299  1979.204 r  vga_driver/i__carry__0_i_4__8/O
                         net (fo=1, routed)           0.000  1979.204    add_sl/green_out[3]_i_3_2[0]
    SLICE_X8Y97          CARRY4 (Prop_carry4_S[0]_CO[1])
                                                      0.458  1979.662 r  add_sl/geqOp_inferred__1/i__carry__0/CO[1]
                         net (fo=1, routed)           0.671  1980.334    vga_driver/green_out_reg[3]_5[0]
    SLICE_X8Y98          LUT6 (Prop_lut6_I4_O)        0.332  1980.666 r  vga_driver/green_out[3]_i_1_comp/O
                         net (fo=2, routed)           0.000  1980.666    vga_driver/green_out[3]_i_1_n_0
    SLICE_X8Y98          FDRE                                         r  vga_driver/green_out_reg[3]_lopt_replica/D
  -------------------------------------------------------------------    -------------------

                         (clock clk_out1_clk_wiz_0 rise edge)
                                                   1970.124  1970.124 r  
    E3                                                0.000  1970.124 r  clk_in (IN)
                         net (fo=0)                   0.000  1970.124    clk_in
    E3                   IBUF (Prop_ibuf_I_O)         1.411  1971.535 r  clk_in_IBUF_inst/O
                         net (fo=1, routed)           1.920  1973.455    clk_in_IBUF
    BUFGCTRL_X0Y16       BUFG (Prop_bufg_I_O)         0.091  1973.546 r  clk_in_IBUF_BUFG_inst/O
                         net (fo=63, routed)          1.683  1975.229    clk_wiz_0_inst/U0/clk_in1
    MMCME2_ADV_X0Y0      MMCME2_ADV (Prop_mmcme2_adv_CLKIN1_CLKOUT0)
                                                     -3.694  1971.535 r  clk_wiz_0_inst/U0/mmcm_adv_inst/CLKOUT0
                         net (fo=1, routed)           1.923  1973.458    clk_wiz_0_inst/U0/clk_out1_clk_wiz_0
    BUFGCTRL_X0Y0        BUFG (Prop_bufg_I_O)         0.091  1973.549 r  clk_wiz_0_inst/U0/clkout1_buf/O
                         net (fo=50, routed)          1.522  1975.071    vga_driver/CLK
    SLICE_X8Y98          FDRE                                         r  vga_driver/green_out_reg[3]_lopt_replica/C
                         clock pessimism              0.180  1975.251    
                         clock uncertainty           -0.181  1975.070    
    SLICE_X8Y98          FDRE (Setup_fdre_C_D)        0.079  1975.149    vga_driver/green_out_reg[3]_lopt_replica
  -------------------------------------------------------------------
                         required time                       1975.149    
                         arrival time                       -1980.666    
  -------------------------------------------------------------------
                         slack                                 -5.517    





Min Delay Paths
--------------------------------------------------------------------------------------
Slack (MET) :             0.419ns  (arrival time - required time)
  Source:                 shippos_reg[2]_replica_1/C
                            (rising edge-triggered cell FDRE clocked by sys_clk_pin  {rise@0.000ns fall@5.000ns period=10.000ns})
  Destination:            vga_driver/green_out_reg[3]_lopt_replica/D
                            (rising edge-triggered cell FDRE clocked by clk_out1_clk_wiz_0  {rise@0.000ns fall@12.469ns period=24.938ns})
  Path Group:             clk_out1_clk_wiz_0
  Path Type:              Hold (Min at Fast Process Corner)
  Requirement:            0.000ns  (clk_out1_clk_wiz_0 rise@0.000ns - sys_clk_pin rise@0.000ns)
  Data Path Delay:        0.965ns  (logic 0.299ns (30.992%)  route 0.666ns (69.008%))
  Logic Levels:           3  (LUT5=2 LUT6=1)
  Clock Path Skew:        0.243ns (DCD - SCD - CPR)
    Destination Clock Delay (DCD):    2.012ns
    Source Clock Delay      (SCD):    1.523ns
    Clock Pessimism Removal (CPR):    0.245ns
  Clock Uncertainty:      0.181ns  ((TSJ^2 + DJ^2)^1/2) / 2 + PE
    Total System Jitter     (TSJ):    0.071ns
    Discrete Jitter          (DJ):    0.152ns
    Phase Error              (PE):    0.098ns

    Location             Delay type                Incr(ns)  Path(ns)    Netlist Resource(s)
  -------------------------------------------------------------------    -------------------
                         (clock sys_clk_pin rise edge)
                                                      0.000     0.000 r  
    E3                                                0.000     0.000 r  clk_in (IN)
                         net (fo=0)                   0.000     0.000    clk_in
    E3                   IBUF (Prop_ibuf_I_O)         0.250     0.250 r  clk_in_IBUF_inst/O
                         net (fo=1, routed)           0.644     0.894    clk_in_IBUF
    BUFGCTRL_X0Y16       BUFG (Prop_bufg_I_O)         0.026     0.920 r  clk_in_IBUF_BUFG_inst/O
                         net (fo=63, routed)          0.604     1.523    clk_in_IBUF_BUFG
    SLICE_X6Y99          FDRE                                         r  shippos_reg[2]_replica_1/C
  -------------------------------------------------------------------    -------------------
    SLICE_X6Y99          FDRE (Prop_fdre_C_Q)         0.164     1.687 f  shippos_reg[2]_replica_1/Q
                         net (fo=6, routed)           0.298     1.986    vga_driver/shippos_reg[2]_repN_1_alias
    SLICE_X7Y99          LUT5 (Prop_lut5_I4_O)        0.045     2.031 r  vga_driver/green_out[3]_i_2/O
                         net (fo=2, routed)           0.245     2.276    vga_driver/green_out[3]_i_2_n_0
    SLICE_X8Y98          LUT5 (Prop_lut5_I4_O)        0.045     2.321 r  vga_driver/green_out[3]_i_3_comp/O
                         net (fo=1, routed)           0.122     2.443    vga_driver/green_out[3]_i_3_n_0_repN
    SLICE_X8Y98          LUT6 (Prop_lut6_I5_O)        0.045     2.488 r  vga_driver/green_out[3]_i_1_comp/O
                         net (fo=2, routed)           0.000     2.488    vga_driver/green_out[3]_i_1_n_0
    SLICE_X8Y98          FDRE                                         r  vga_driver/green_out_reg[3]_lopt_replica/D
  -------------------------------------------------------------------    -------------------

                         (clock clk_out1_clk_wiz_0 rise edge)
                                                      0.000     0.000 r  
    E3                                                0.000     0.000 r  clk_in (IN)
                         net (fo=0)                   0.000     0.000    clk_in
    E3                   IBUF (Prop_ibuf_I_O)         0.438     0.438 r  clk_in_IBUF_inst/O
                         net (fo=1, routed)           0.699     1.136    clk_in_IBUF
    BUFGCTRL_X0Y16       BUFG (Prop_bufg_I_O)         0.029     1.165 r  clk_in_IBUF_BUFG_inst/O
                         net (fo=63, routed)          0.898     2.063    clk_wiz_0_inst/U0/clk_in1
    MMCME2_ADV_X0Y0      MMCME2_ADV (Prop_mmcme2_adv_CLKIN1_CLKOUT0)
                                                     -1.625     0.438 r  clk_wiz_0_inst/U0/mmcm_adv_inst/CLKOUT0
                         net (fo=1, routed)           0.700     1.138    clk_wiz_0_inst/U0/clk_out1_clk_wiz_0
    BUFGCTRL_X0Y0        BUFG (Prop_bufg_I_O)         0.029     1.167 r  clk_wiz_0_inst/U0/clkout1_buf/O
                         net (fo=50, routed)          0.845     2.012    vga_driver/CLK
    SLICE_X8Y98          FDRE                                         r  vga_driver/green_out_reg[3]_lopt_replica/C
                         clock pessimism             -0.245     1.766    
                         clock uncertainty            0.181     1.948    
    SLICE_X8Y98          FDRE (Hold_fdre_C_D)         0.121     2.069    vga_driver/green_out_reg[3]_lopt_replica
  -------------------------------------------------------------------
                         required time                         -2.069    
                         arrival time                           2.488    
  -------------------------------------------------------------------
                         slack                                  0.419    

Slack (MET) :             0.588ns  (arrival time - required time)
  Source:                 shippos_reg[2]_replica_1/C
                            (rising edge-triggered cell FDRE clocked by sys_clk_pin  {rise@0.000ns fall@5.000ns period=10.000ns})
  Destination:            vga_driver/green_out_reg[3]/D
                            (rising edge-triggered cell FDRE clocked by clk_out1_clk_wiz_0  {rise@0.000ns fall@12.469ns period=24.938ns})
  Path Group:             clk_out1_clk_wiz_0
  Path Type:              Hold (Min at Fast Process Corner)
  Requirement:            0.000ns  (clk_out1_clk_wiz_0 rise@0.000ns - sys_clk_pin rise@0.000ns)
  Data Path Delay:        1.077ns  (logic 0.299ns (27.770%)  route 0.778ns (72.230%))
  Logic Levels:           3  (LUT5=2 LUT6=1)
  Clock Path Skew:        0.243ns (DCD - SCD - CPR)
    Destination Clock Delay (DCD):    2.012ns
    Source Clock Delay      (SCD):    1.523ns
    Clock Pessimism Removal (CPR):    0.245ns
  Clock Uncertainty:      0.181ns  ((TSJ^2 + DJ^2)^1/2) / 2 + PE
    Total System Jitter     (TSJ):    0.071ns
    Discrete Jitter          (DJ):    0.152ns
    Phase Error              (PE):    0.098ns

    Location             Delay type                Incr(ns)  Path(ns)    Netlist Resource(s)
  -------------------------------------------------------------------    -------------------
                         (clock sys_clk_pin rise edge)
                                                      0.000     0.000 r  
    E3                                                0.000     0.000 r  clk_in (IN)
                         net (fo=0)                   0.000     0.000    clk_in
    E3                   IBUF (Prop_ibuf_I_O)         0.250     0.250 r  clk_in_IBUF_inst/O
                         net (fo=1, routed)           0.644     0.894    clk_in_IBUF
    BUFGCTRL_X0Y16       BUFG (Prop_bufg_I_O)         0.026     0.920 r  clk_in_IBUF_BUFG_inst/O
                         net (fo=63, routed)          0.604     1.523    clk_in_IBUF_BUFG
    SLICE_X6Y99          FDRE                                         r  shippos_reg[2]_replica_1/C
  -------------------------------------------------------------------    -------------------
    SLICE_X6Y99          FDRE (Prop_fdre_C_Q)         0.164     1.687 f  shippos_reg[2]_replica_1/Q
                         net (fo=6, routed)           0.298     1.986    vga_driver/shippos_reg[2]_repN_1_alias
    SLICE_X7Y99          LUT5 (Prop_lut5_I4_O)        0.045     2.031 r  vga_driver/green_out[3]_i_2/O
                         net (fo=2, routed)           0.245     2.276    vga_driver/green_out[3]_i_2_n_0
    SLICE_X8Y98          LUT5 (Prop_lut5_I4_O)        0.045     2.321 r  vga_driver/green_out[3]_i_3_comp/O
                         net (fo=1, routed)           0.122     2.443    vga_driver/green_out[3]_i_3_n_0_repN
    SLICE_X8Y98          LUT6 (Prop_lut6_I5_O)        0.045     2.488 r  vga_driver/green_out[3]_i_1_comp/O
                         net (fo=2, routed)           0.112     2.600    vga_driver/green_out[3]_i_1_n_0
    SLICE_X8Y99          FDRE                                         r  vga_driver/green_out_reg[3]/D
  -------------------------------------------------------------------    -------------------

                         (clock clk_out1_clk_wiz_0 rise edge)
                                                      0.000     0.000 r  
    E3                                                0.000     0.000 r  clk_in (IN)
                         net (fo=0)                   0.000     0.000    clk_in
    E3                   IBUF (Prop_ibuf_I_O)         0.438     0.438 r  clk_in_IBUF_inst/O
                         net (fo=1, routed)           0.699     1.136    clk_in_IBUF
    BUFGCTRL_X0Y16       BUFG (Prop_bufg_I_O)         0.029     1.165 r  clk_in_IBUF_BUFG_inst/O
                         net (fo=63, routed)          0.898     2.063    clk_wiz_0_inst/U0/clk_in1
    MMCME2_ADV_X0Y0      MMCME2_ADV (Prop_mmcme2_adv_CLKIN1_CLKOUT0)
                                                     -1.625     0.438 r  clk_wiz_0_inst/U0/mmcm_adv_inst/CLKOUT0
                         net (fo=1, routed)           0.700     1.138    clk_wiz_0_inst/U0/clk_out1_clk_wiz_0
    BUFGCTRL_X0Y0        BUFG (Prop_bufg_I_O)         0.029     1.167 r  clk_wiz_0_inst/U0/clkout1_buf/O
                         net (fo=50, routed)          0.845     2.012    vga_driver/CLK
    SLICE_X8Y99          FDRE                                         r  vga_driver/green_out_reg[3]/C
                         clock pessimism             -0.245     1.766    
                         clock uncertainty            0.181     1.948    
    SLICE_X8Y99          FDRE (Hold_fdre_C_D)         0.064     2.012    vga_driver/green_out_reg[3]
  -------------------------------------------------------------------
                         required time                         -2.012    
                         arrival time                           2.600    
  -------------------------------------------------------------------
                         slack                                  0.588    





--------------------------------------------------------------------------------------
Path Group:  (none)
From Clock:  
  To Clock:  

Max Delay            35 Endpoints
Min Delay            35 Endpoints
--------------------------------------------------------------------------------------


Max Delay Paths
--------------------------------------------------------------------------------------
Slack:                    inf
  Source:                 add_sl/laser_y_reg[2]/C
                            (rising edge-triggered cell FDRE)
  Destination:            add_sl/laser_y_reg[10]/D
  Path Group:             (none)
  Path Type:              Max at Slow Process Corner
  Data Path Delay:        4.181ns  (logic 1.188ns (28.412%)  route 2.993ns (71.588%))
  Logic Levels:           5  (FDRE=1 LUT4=3 LUT6=1)

    Location             Delay type                Incr(ns)  Path(ns)    Netlist Resource(s)
  -------------------------------------------------------------------    -------------------
    SLICE_X13Y97         FDRE                         0.000     0.000 r  add_sl/laser_y_reg[2]/C
    SLICE_X13Y97         FDRE (Prop_fdre_C_Q)         0.456     0.456 f  add_sl/laser_y_reg[2]/Q
                         net (fo=15, routed)          0.859     1.315    add_sl/laser_y[2]
    SLICE_X12Y95         LUT4 (Prop_lut4_I1_O)        0.153     1.468 r  add_sl/i__carry_i_9__1/O
                         net (fo=6, routed)           0.437     1.905    add_sl/i__carry_i_9__1_n_0
    SLICE_X12Y97         LUT4 (Prop_lut4_I2_O)        0.331     2.236 r  add_sl/laser_y[10]_i_3/O
                         net (fo=6, routed)           1.033     3.268    add_sl/laser_y[10]_i_3_n_0
    SLICE_X9Y98          LUT4 (Prop_lut4_I3_O)        0.124     3.392 r  add_sl/laser_y[10]_i_4/O
                         net (fo=1, routed)           0.665     4.057    add_sl/laser_y[10]_i_4_n_0
    SLICE_X9Y98          LUT6 (Prop_lut6_I0_O)        0.124     4.181 r  add_sl/laser_y[10]_i_2/O
                         net (fo=1, routed)           0.000     4.181    add_sl/laser_y[10]_i_2_n_0
    SLICE_X9Y98          FDRE                                         r  add_sl/laser_y_reg[10]/D
  -------------------------------------------------------------------    -------------------

Slack:                    inf
  Source:                 add_sl/laser_y_reg[2]/C
                            (rising edge-triggered cell FDRE)
  Destination:            add_sl/laser_y_reg[4]/R
  Path Group:             (none)
  Path Type:              Max at Slow Process Corner
  Data Path Delay:        3.953ns  (logic 1.064ns (26.916%)  route 2.889ns (73.084%))
  Logic Levels:           4  (FDRE=1 LUT4=2 LUT6=1)

    Location             Delay type                Incr(ns)  Path(ns)    Netlist Resource(s)
  -------------------------------------------------------------------    -------------------
    SLICE_X13Y97         FDRE                         0.000     0.000 r  add_sl/laser_y_reg[2]/C
    SLICE_X13Y97         FDRE (Prop_fdre_C_Q)         0.456     0.456 f  add_sl/laser_y_reg[2]/Q
                         net (fo=15, routed)          0.859     1.315    add_sl/laser_y[2]
    SLICE_X12Y95         LUT4 (Prop_lut4_I1_O)        0.153     1.468 r  add_sl/i__carry_i_9__1/O
                         net (fo=6, routed)           0.437     1.905    add_sl/i__carry_i_9__1_n_0
    SLICE_X12Y97         LUT4 (Prop_lut4_I2_O)        0.331     2.236 r  add_sl/laser_y[10]_i_3/O
                         net (fo=6, routed)           0.627     2.862    add_sl/laser_y[10]_i_3_n_0
    SLICE_X9Y98          LUT6 (Prop_lut6_I1_O)        0.124     2.986 r  add_sl/laser_y[10]_i_1/O
                         net (fo=11, routed)          0.967     3.953    add_sl/laser_y[10]_i_1_n_0
    SLICE_X12Y95         FDRE                                         r  add_sl/laser_y_reg[4]/R
  -------------------------------------------------------------------    -------------------

Slack:                    inf
  Source:                 add_sl/laser_y_reg[2]/C
                            (rising edge-triggered cell FDRE)
  Destination:            add_sl/laser_y_reg[0]/R
  Path Group:             (none)
  Path Type:              Max at Slow Process Corner
  Data Path Delay:        3.820ns  (logic 1.064ns (27.852%)  route 2.756ns (72.148%))
  Logic Levels:           4  (FDRE=1 LUT4=2 LUT6=1)

    Location             Delay type                Incr(ns)  Path(ns)    Netlist Resource(s)
  -------------------------------------------------------------------    -------------------
    SLICE_X13Y97         FDRE                         0.000     0.000 r  add_sl/laser_y_reg[2]/C
    SLICE_X13Y97         FDRE (Prop_fdre_C_Q)         0.456     0.456 f  add_sl/laser_y_reg[2]/Q
                         net (fo=15, routed)          0.859     1.315    add_sl/laser_y[2]
    SLICE_X12Y95         LUT4 (Prop_lut4_I1_O)        0.153     1.468 r  add_sl/i__carry_i_9__1/O
                         net (fo=6, routed)           0.437     1.905    add_sl/i__carry_i_9__1_n_0
    SLICE_X12Y97         LUT4 (Prop_lut4_I2_O)        0.331     2.236 r  add_sl/laser_y[10]_i_3/O
                         net (fo=6, routed)           0.627     2.862    add_sl/laser_y[10]_i_3_n_0
    SLICE_X9Y98          LUT6 (Prop_lut6_I1_O)        0.124     2.986 r  add_sl/laser_y[10]_i_1/O
                         net (fo=11, routed)          0.834     3.820    add_sl/laser_y[10]_i_1_n_0
    SLICE_X12Y96         FDRE                                         r  add_sl/laser_y_reg[0]/R
  -------------------------------------------------------------------    -------------------

Slack:                    inf
  Source:                 add_sl/laser_y_reg[2]/C
                            (rising edge-triggered cell FDRE)
  Destination:            add_sl/laser_y_reg[1]/R
  Path Group:             (none)
  Path Type:              Max at Slow Process Corner
  Data Path Delay:        3.820ns  (logic 1.064ns (27.852%)  route 2.756ns (72.148%))
  Logic Levels:           4  (FDRE=1 LUT4=2 LUT6=1)

    Location             Delay type                Incr(ns)  Path(ns)    Netlist Resource(s)
  -------------------------------------------------------------------    -------------------
    SLICE_X13Y97         FDRE                         0.000     0.000 r  add_sl/laser_y_reg[2]/C
    SLICE_X13Y97         FDRE (Prop_fdre_C_Q)         0.456     0.456 f  add_sl/laser_y_reg[2]/Q
                         net (fo=15, routed)          0.859     1.315    add_sl/laser_y[2]
    SLICE_X12Y95         LUT4 (Prop_lut4_I1_O)        0.153     1.468 r  add_sl/i__carry_i_9__1/O
                         net (fo=6, routed)           0.437     1.905    add_sl/i__carry_i_9__1_n_0
    SLICE_X12Y97         LUT4 (Prop_lut4_I2_O)        0.331     2.236 r  add_sl/laser_y[10]_i_3/O
                         net (fo=6, routed)           0.627     2.862    add_sl/laser_y[10]_i_3_n_0
    SLICE_X9Y98          LUT6 (Prop_lut6_I1_O)        0.124     2.986 r  add_sl/laser_y[10]_i_1/O
                         net (fo=11, routed)          0.834     3.820    add_sl/laser_y[10]_i_1_n_0
    SLICE_X13Y96         FDRE                                         r  add_sl/laser_y_reg[1]/R
  -------------------------------------------------------------------    -------------------

Slack:                    inf
  Source:                 add_sl/laser_y_reg[2]/C
                            (rising edge-triggered cell FDRE)
  Destination:            add_sl/laser_y_reg[3]/R
  Path Group:             (none)
  Path Type:              Max at Slow Process Corner
  Data Path Delay:        3.820ns  (logic 1.064ns (27.852%)  route 2.756ns (72.148%))
  Logic Levels:           4  (FDRE=1 LUT4=2 LUT6=1)

    Location             Delay type                Incr(ns)  Path(ns)    Netlist Resource(s)
  -------------------------------------------------------------------    -------------------
    SLICE_X13Y97         FDRE                         0.000     0.000 r  add_sl/laser_y_reg[2]/C
    SLICE_X13Y97         FDRE (Prop_fdre_C_Q)         0.456     0.456 f  add_sl/laser_y_reg[2]/Q
                         net (fo=15, routed)          0.859     1.315    add_sl/laser_y[2]
    SLICE_X12Y95         LUT4 (Prop_lut4_I1_O)        0.153     1.468 r  add_sl/i__carry_i_9__1/O
                         net (fo=6, routed)           0.437     1.905    add_sl/i__carry_i_9__1_n_0
    SLICE_X12Y97         LUT4 (Prop_lut4_I2_O)        0.331     2.236 r  add_sl/laser_y[10]_i_3/O
                         net (fo=6, routed)           0.627     2.862    add_sl/laser_y[10]_i_3_n_0
    SLICE_X9Y98          LUT6 (Prop_lut6_I1_O)        0.124     2.986 r  add_sl/laser_y[10]_i_1/O
                         net (fo=11, routed)          0.834     3.820    add_sl/laser_y[10]_i_1_n_0
    SLICE_X12Y96         FDRE                                         r  add_sl/laser_y_reg[3]/R
  -------------------------------------------------------------------    -------------------

Slack:                    inf
  Source:                 add_sl/laser_y_reg[2]/C
                            (rising edge-triggered cell FDRE)
  Destination:            add_sl/laser_y_reg[5]/R
  Path Group:             (none)
  Path Type:              Max at Slow Process Corner
  Data Path Delay:        3.820ns  (logic 1.064ns (27.852%)  route 2.756ns (72.148%))
  Logic Levels:           4  (FDRE=1 LUT4=2 LUT6=1)

    Location             Delay type                Incr(ns)  Path(ns)    Netlist Resource(s)
  -------------------------------------------------------------------    -------------------
    SLICE_X13Y97         FDRE                         0.000     0.000 r  add_sl/laser_y_reg[2]/C
    SLICE_X13Y97         FDRE (Prop_fdre_C_Q)         0.456     0.456 f  add_sl/laser_y_reg[2]/Q
                         net (fo=15, routed)          0.859     1.315    add_sl/laser_y[2]
    SLICE_X12Y95         LUT4 (Prop_lut4_I1_O)        0.153     1.468 r  add_sl/i__carry_i_9__1/O
                         net (fo=6, routed)           0.437     1.905    add_sl/i__carry_i_9__1_n_0
    SLICE_X12Y97         LUT4 (Prop_lut4_I2_O)        0.331     2.236 r  add_sl/laser_y[10]_i_3/O
                         net (fo=6, routed)           0.627     2.862    add_sl/laser_y[10]_i_3_n_0
    SLICE_X9Y98          LUT6 (Prop_lut6_I1_O)        0.124     2.986 r  add_sl/laser_y[10]_i_1/O
                         net (fo=11, routed)          0.834     3.820    add_sl/laser_y[10]_i_1_n_0
    SLICE_X12Y96         FDRE                                         r  add_sl/laser_y_reg[5]/R
  -------------------------------------------------------------------    -------------------

Slack:                    inf
  Source:                 add_sl/laser_y_reg[2]/C
                            (rising edge-triggered cell FDRE)
  Destination:            add_sl/laser_y_reg[8]/D
  Path Group:             (none)
  Path Type:              Max at Slow Process Corner
  Data Path Delay:        3.733ns  (logic 1.300ns (34.829%)  route 2.433ns (65.171%))
  Logic Levels:           4  (FDRE=1 LUT4=1 LUT5=1 LUT6=1)

    Location             Delay type                Incr(ns)  Path(ns)    Netlist Resource(s)
  -------------------------------------------------------------------    -------------------
    SLICE_X13Y97         FDRE                         0.000     0.000 r  add_sl/laser_y_reg[2]/C
    SLICE_X13Y97         FDRE (Prop_fdre_C_Q)         0.456     0.456 f  add_sl/laser_y_reg[2]/Q
                         net (fo=15, routed)          0.859     1.315    add_sl/laser_y[2]
    SLICE_X12Y95         LUT4 (Prop_lut4_I1_O)        0.153     1.468 r  add_sl/i__carry_i_9__1/O
                         net (fo=6, routed)           1.307     2.775    add_sl/i__carry_i_9__1_n_0
    SLICE_X11Y98         LUT5 (Prop_lut5_I2_O)        0.359     3.134 r  add_sl/laser_y[8]_i_2/O
                         net (fo=1, routed)           0.267     3.401    add_sl/laser_y[8]_i_2_n_0
    SLICE_X11Y98         LUT6 (Prop_lut6_I0_O)        0.332     3.733 r  add_sl/laser_y[8]_i_1/O
                         net (fo=1, routed)           0.000     3.733    add_sl/laser_y[8]_i_1_n_0
    SLICE_X11Y98         FDRE                                         r  add_sl/laser_y_reg[8]/D
  -------------------------------------------------------------------    -------------------

Slack:                    inf
  Source:                 add_sl/laser_y_reg[2]/C
                            (rising edge-triggered cell FDRE)
  Destination:            add_sl/laser_y_reg[9]/D
  Path Group:             (none)
  Path Type:              Max at Slow Process Corner
  Data Path Delay:        3.700ns  (logic 1.064ns (28.755%)  route 2.636ns (71.245%))
  Logic Levels:           4  (FDRE=1 LUT4=1 LUT6=2)

    Location             Delay type                Incr(ns)  Path(ns)    Netlist Resource(s)
  -------------------------------------------------------------------    -------------------
    SLICE_X13Y97         FDRE                         0.000     0.000 r  add_sl/laser_y_reg[2]/C
    SLICE_X13Y97         FDRE (Prop_fdre_C_Q)         0.456     0.456 f  add_sl/laser_y_reg[2]/Q
                         net (fo=15, routed)          0.859     1.315    add_sl/laser_y[2]
    SLICE_X12Y95         LUT4 (Prop_lut4_I1_O)        0.153     1.468 r  add_sl/i__carry_i_9__1/O
                         net (fo=6, routed)           0.902     2.370    add_sl/i__carry_i_9__1_n_0
    SLICE_X11Y98         LUT6 (Prop_lut6_I4_O)        0.331     2.701 f  add_sl/laser_y[9]_i_2/O
                         net (fo=1, routed)           0.875     3.576    add_sl/laser_y[9]_i_2_n_0
    SLICE_X10Y98         LUT6 (Prop_lut6_I0_O)        0.124     3.700 r  add_sl/laser_y[9]_i_1/O
                         net (fo=1, routed)           0.000     3.700    add_sl/laser_y[9]_i_1_n_0
    SLICE_X10Y98         FDRE                                         r  add_sl/laser_y_reg[9]/D
  -------------------------------------------------------------------    -------------------

Slack:                    inf
  Source:                 add_sl/laser_y_reg[2]/C
                            (rising edge-triggered cell FDRE)
  Destination:            add_sl/laser_y_reg[2]/R
  Path Group:             (none)
  Path Type:              Max at Slow Process Corner
  Data Path Delay:        3.669ns  (logic 1.064ns (28.996%)  route 2.605ns (71.004%))
  Logic Levels:           4  (FDRE=1 LUT4=2 LUT6=1)

    Location             Delay type                Incr(ns)  Path(ns)    Netlist Resource(s)
  -------------------------------------------------------------------    -------------------
    SLICE_X13Y97         FDRE                         0.000     0.000 r  add_sl/laser_y_reg[2]/C
    SLICE_X13Y97         FDRE (Prop_fdre_C_Q)         0.456     0.456 f  add_sl/laser_y_reg[2]/Q
                         net (fo=15, routed)          0.859     1.315    add_sl/laser_y[2]
    SLICE_X12Y95         LUT4 (Prop_lut4_I1_O)        0.153     1.468 r  add_sl/i__carry_i_9__1/O
                         net (fo=6, routed)           0.437     1.905    add_sl/i__carry_i_9__1_n_0
    SLICE_X12Y97         LUT4 (Prop_lut4_I2_O)        0.331     2.236 r  add_sl/laser_y[10]_i_3/O
                         net (fo=6, routed)           0.627     2.862    add_sl/laser_y[10]_i_3_n_0
    SLICE_X9Y98          LUT6 (Prop_lut6_I1_O)        0.124     2.986 r  add_sl/laser_y[10]_i_1/O
                         net (fo=11, routed)          0.683     3.669    add_sl/laser_y[10]_i_1_n_0
    SLICE_X13Y97         FDRE                                         r  add_sl/laser_y_reg[2]/R
  -------------------------------------------------------------------    -------------------

Slack:                    inf
  Source:                 add_sl/laser_y_reg[2]/C
                            (rising edge-triggered cell FDRE)
  Destination:            add_sl/laser_y_reg[6]/R
  Path Group:             (none)
  Path Type:              Max at Slow Process Corner
  Data Path Delay:        3.669ns  (logic 1.064ns (28.996%)  route 2.605ns (71.004%))
  Logic Levels:           4  (FDRE=1 LUT4=2 LUT6=1)

    Location             Delay type                Incr(ns)  Path(ns)    Netlist Resource(s)
  -------------------------------------------------------------------    -------------------
    SLICE_X13Y97         FDRE                         0.000     0.000 r  add_sl/laser_y_reg[2]/C
    SLICE_X13Y97         FDRE (Prop_fdre_C_Q)         0.456     0.456 f  add_sl/laser_y_reg[2]/Q
                         net (fo=15, routed)          0.859     1.315    add_sl/laser_y[2]
    SLICE_X12Y95         LUT4 (Prop_lut4_I1_O)        0.153     1.468 r  add_sl/i__carry_i_9__1/O
                         net (fo=6, routed)           0.437     1.905    add_sl/i__carry_i_9__1_n_0
    SLICE_X12Y97         LUT4 (Prop_lut4_I2_O)        0.331     2.236 r  add_sl/laser_y[10]_i_3/O
                         net (fo=6, routed)           0.627     2.862    add_sl/laser_y[10]_i_3_n_0
    SLICE_X9Y98          LUT6 (Prop_lut6_I1_O)        0.124     2.986 r  add_sl/laser_y[10]_i_1/O
                         net (fo=11, routed)          0.683     3.669    add_sl/laser_y[10]_i_1_n_0
    SLICE_X12Y97         FDRE                                         r  add_sl/laser_y_reg[6]/R
  -------------------------------------------------------------------    -------------------





Min Delay Paths
--------------------------------------------------------------------------------------
Slack:                    inf
  Source:                 add_sl/laser_y_reg[0]/C
                            (rising edge-triggered cell FDRE)
  Destination:            add_sl/laser_y_reg[0]/D
  Path Group:             (none)
  Path Type:              Min at Fast Process Corner
  Data Path Delay:        0.369ns  (logic 0.209ns (56.577%)  route 0.160ns (43.423%))
  Logic Levels:           2  (FDRE=1 LUT4=1)

    Location             Delay type                Incr(ns)  Path(ns)    Netlist Resource(s)
  -------------------------------------------------------------------    -------------------
    SLICE_X12Y96         FDRE                         0.000     0.000 r  add_sl/laser_y_reg[0]/C
    SLICE_X12Y96         FDRE (Prop_fdre_C_Q)         0.164     0.164 r  add_sl/laser_y_reg[0]/Q
                         net (fo=6, routed)           0.160     0.324    add_sl/laser_y_reg[1]_0[0]
    SLICE_X12Y96         LUT4 (Prop_lut4_I0_O)        0.045     0.369 r  add_sl/laser_y[0]_i_1/O
                         net (fo=1, routed)           0.000     0.369    add_sl/laser_y[0]_i_1_n_0
    SLICE_X12Y96         FDRE                                         r  add_sl/laser_y_reg[0]/D
  -------------------------------------------------------------------    -------------------

Slack:                    inf
  Source:                 add_sl/laser_shot_reg_inv/C
                            (rising edge-triggered cell FDRE)
  Destination:            add_sl/laser_shot_reg_inv/D
  Path Group:             (none)
  Path Type:              Min at Fast Process Corner
  Data Path Delay:        0.396ns  (logic 0.209ns (52.720%)  route 0.187ns (47.280%))
  Logic Levels:           2  (FDRE=1 LUT5=1)

    Location             Delay type                Incr(ns)  Path(ns)    Netlist Resource(s)
  -------------------------------------------------------------------    -------------------
    SLICE_X14Y96         FDRE                         0.000     0.000 r  add_sl/laser_shot_reg_inv/C
    SLICE_X14Y96         FDRE (Prop_fdre_C_Q)         0.164     0.164 r  add_sl/laser_shot_reg_inv/Q
                         net (fo=22, routed)          0.187     0.351    add_sl/laser_shot
    SLICE_X14Y96         LUT5 (Prop_lut5_I2_O)        0.045     0.396 r  add_sl/laser_shot_inv_i_1/O
                         net (fo=1, routed)           0.000     0.396    add_sl/laser_shot_inv_i_1_n_0
    SLICE_X14Y96         FDRE                                         r  add_sl/laser_shot_reg_inv/D
  -------------------------------------------------------------------    -------------------

Slack:                    inf
  Source:                 add_sl/laser_y_reg[1]/C
                            (rising edge-triggered cell FDRE)
  Destination:            add_sl/laser_y_reg[2]/D
  Path Group:             (none)
  Path Type:              Min at Fast Process Corner
  Data Path Delay:        0.399ns  (logic 0.186ns (46.575%)  route 0.213ns (53.425%))
  Logic Levels:           2  (FDRE=1 LUT6=1)

    Location             Delay type                Incr(ns)  Path(ns)    Netlist Resource(s)
  -------------------------------------------------------------------    -------------------
    SLICE_X13Y96         FDRE                         0.000     0.000 r  add_sl/laser_y_reg[1]/C
    SLICE_X13Y96         FDRE (Prop_fdre_C_Q)         0.141     0.141 r  add_sl/laser_y_reg[1]/Q
                         net (fo=20, routed)          0.213     0.354    add_sl/laser_y_reg[1]_0[1]
    SLICE_X13Y97         LUT6 (Prop_lut6_I1_O)        0.045     0.399 r  add_sl/laser_y[2]_i_1/O
                         net (fo=1, routed)           0.000     0.399    add_sl/laser_y[2]_i_1_n_0
    SLICE_X13Y97         FDRE                                         r  add_sl/laser_y_reg[2]/D
  -------------------------------------------------------------------    -------------------

Slack:                    inf
  Source:                 add_sl/game_on_reg/C
                            (rising edge-triggered cell FDRE)
  Destination:            add_sl/game_on_reg/D
  Path Group:             (none)
  Path Type:              Min at Fast Process Corner
  Data Path Delay:        0.409ns  (logic 0.209ns (51.162%)  route 0.200ns (48.838%))
  Logic Levels:           2  (FDRE=1 LUT2=1)

    Location             Delay type                Incr(ns)  Path(ns)    Netlist Resource(s)
  -------------------------------------------------------------------    -------------------
    SLICE_X10Y99         FDRE                         0.000     0.000 r  add_sl/game_on_reg/C
    SLICE_X10Y99         FDRE (Prop_fdre_C_Q)         0.164     0.164 r  add_sl/game_on_reg/Q
                         net (fo=12, routed)          0.200     0.364    add_sl/game_on
    SLICE_X10Y99         LUT2 (Prop_lut2_I0_O)        0.045     0.409 r  add_sl/game_on_i_1/O
                         net (fo=1, routed)           0.000     0.409    add_sl/game_on_i_1_n_0
    SLICE_X10Y99         FDRE                                         r  add_sl/game_on_reg/D
  -------------------------------------------------------------------    -------------------

Slack:                    inf
  Source:                 add_sl/laser_shot_reg_inv/C
                            (rising edge-triggered cell FDRE)
  Destination:            add_sl/laser_y_reg[3]/D
  Path Group:             (none)
  Path Type:              Min at Fast Process Corner
  Data Path Delay:        0.452ns  (logic 0.209ns (46.264%)  route 0.243ns (53.736%))
  Logic Levels:           2  (FDRE=1 LUT6=1)

    Location             Delay type                Incr(ns)  Path(ns)    Netlist Resource(s)
  -------------------------------------------------------------------    -------------------
    SLICE_X14Y96         FDRE                         0.000     0.000 r  add_sl/laser_shot_reg_inv/C
    SLICE_X14Y96         FDRE (Prop_fdre_C_Q)         0.164     0.164 r  add_sl/laser_shot_reg_inv/Q
                         net (fo=22, routed)          0.243     0.407    add_sl/laser_shot
    SLICE_X12Y96         LUT6 (Prop_lut6_I2_O)        0.045     0.452 r  add_sl/laser_y[3]_i_1/O
                         net (fo=1, routed)           0.000     0.452    add_sl/laser_y[3]_i_1_n_0
    SLICE_X12Y96         FDRE                                         r  add_sl/laser_y_reg[3]/D
  -------------------------------------------------------------------    -------------------

Slack:                    inf
  Source:                 add_sl/game_on_reg/C
                            (rising edge-triggered cell FDRE)
  Destination:            add_sl/laser_y_reg[7]/D
  Path Group:             (none)
  Path Type:              Min at Fast Process Corner
  Data Path Delay:        0.455ns  (logic 0.209ns (45.980%)  route 0.246ns (54.020%))
  Logic Levels:           2  (FDRE=1 LUT5=1)

    Location             Delay type                Incr(ns)  Path(ns)    Netlist Resource(s)
  -------------------------------------------------------------------    -------------------
    SLICE_X10Y99         FDRE                         0.000     0.000 r  add_sl/game_on_reg/C
    SLICE_X10Y99         FDRE (Prop_fdre_C_Q)         0.164     0.164 r  add_sl/game_on_reg/Q
                         net (fo=12, routed)          0.246     0.410    add_sl/game_on
    SLICE_X11Y98         LUT5 (Prop_lut5_I1_O)        0.045     0.455 r  add_sl/laser_y[7]_i_1/O
                         net (fo=1, routed)           0.000     0.455    add_sl/laser_y[7]_i_1_n_0
    SLICE_X11Y98         FDRE                                         r  add_sl/laser_y_reg[7]/D
  -------------------------------------------------------------------    -------------------

Slack:                    inf
  Source:                 add_sl/laser_y_reg[1]/C
                            (rising edge-triggered cell FDRE)
  Destination:            add_sl/laser_y_reg[1]/D
  Path Group:             (none)
  Path Type:              Min at Fast Process Corner
  Data Path Delay:        0.462ns  (logic 0.186ns (40.230%)  route 0.276ns (59.770%))
  Logic Levels:           2  (FDRE=1 LUT4=1)

    Location             Delay type                Incr(ns)  Path(ns)    Netlist Resource(s)
  -------------------------------------------------------------------    -------------------
    SLICE_X13Y96         FDRE                         0.000     0.000 r  add_sl/laser_y_reg[1]/C
    SLICE_X13Y96         FDRE (Prop_fdre_C_Q)         0.141     0.141 f  add_sl/laser_y_reg[1]/Q
                         net (fo=20, routed)          0.276     0.417    add_sl/laser_y_reg[1]_0[1]
    SLICE_X13Y96         LUT4 (Prop_lut4_I1_O)        0.045     0.462 r  add_sl/laser_y[1]_i_1/O
                         net (fo=1, routed)           0.000     0.462    add_sl/laser_y[1]_i_1_n_0
    SLICE_X13Y96         FDRE                                         r  add_sl/laser_y_reg[1]/D
  -------------------------------------------------------------------    -------------------

Slack:                    inf
  Source:                 add_sl/laser_shot_reg_inv/C
                            (rising edge-triggered cell FDRE)
  Destination:            add_sl/laser_y_reg[8]/D
  Path Group:             (none)
  Path Type:              Min at Fast Process Corner
  Data Path Delay:        0.484ns  (logic 0.209ns (43.139%)  route 0.275ns (56.861%))
  Logic Levels:           2  (FDRE=1 LUT6=1)

    Location             Delay type                Incr(ns)  Path(ns)    Netlist Resource(s)
  -------------------------------------------------------------------    -------------------
    SLICE_X14Y96         FDRE                         0.000     0.000 r  add_sl/laser_shot_reg_inv/C
    SLICE_X14Y96         FDRE (Prop_fdre_C_Q)         0.164     0.164 r  add_sl/laser_shot_reg_inv/Q
                         net (fo=22, routed)          0.275     0.439    add_sl/laser_shot
    SLICE_X11Y98         LUT6 (Prop_lut6_I2_O)        0.045     0.484 r  add_sl/laser_y[8]_i_1/O
                         net (fo=1, routed)           0.000     0.484    add_sl/laser_y[8]_i_1_n_0
    SLICE_X11Y98         FDRE                                         r  add_sl/laser_y_reg[8]/D
  -------------------------------------------------------------------    -------------------

Slack:                    inf
  Source:                 add_sl/laser_y_reg[10]/C
                            (rising edge-triggered cell FDRE)
  Destination:            add_sl/laser_y_reg[10]/R
  Path Group:             (none)
  Path Type:              Min at Fast Process Corner
  Data Path Delay:        0.510ns  (logic 0.186ns (36.442%)  route 0.324ns (63.558%))
  Logic Levels:           2  (FDRE=1 LUT6=1)

    Location             Delay type                Incr(ns)  Path(ns)    Netlist Resource(s)
  -------------------------------------------------------------------    -------------------
    SLICE_X9Y98          FDRE                         0.000     0.000 r  add_sl/laser_y_reg[10]/C
    SLICE_X9Y98          FDRE (Prop_fdre_C_Q)         0.141     0.141 f  add_sl/laser_y_reg[10]/Q
                         net (fo=7, routed)           0.193     0.334    add_sl/laser_y[10]
    SLICE_X9Y98          LUT6 (Prop_lut6_I0_O)        0.045     0.379 r  add_sl/laser_y[10]_i_1/O
                         net (fo=11, routed)          0.131     0.510    add_sl/laser_y[10]_i_1_n_0
    SLICE_X9Y98          FDRE                                         r  add_sl/laser_y_reg[10]/R
  -------------------------------------------------------------------    -------------------

Slack:                    inf
  Source:                 add_sl/laser_shot_reg_inv/C
                            (rising edge-triggered cell FDRE)
  Destination:            add_sl/laser_y_reg[6]/D
  Path Group:             (none)
  Path Type:              Min at Fast Process Corner
  Data Path Delay:        0.529ns  (logic 0.209ns (39.497%)  route 0.320ns (60.503%))
  Logic Levels:           2  (FDRE=1 LUT5=1)

    Location             Delay type                Incr(ns)  Path(ns)    Netlist Resource(s)
  -------------------------------------------------------------------    -------------------
    SLICE_X14Y96         FDRE                         0.000     0.000 r  add_sl/laser_shot_reg_inv/C
    SLICE_X14Y96         FDRE (Prop_fdre_C_Q)         0.164     0.164 r  add_sl/laser_shot_reg_inv/Q
                         net (fo=22, routed)          0.320     0.484    add_sl/laser_shot
    SLICE_X12Y97         LUT5 (Prop_lut5_I2_O)        0.045     0.529 r  add_sl/laser_y[6]_i_1/O
                         net (fo=1, routed)           0.000     0.529    add_sl/laser_y[6]_i_1_n_0
    SLICE_X12Y97         FDRE                                         r  add_sl/laser_y_reg[6]/D
  -------------------------------------------------------------------    -------------------





--------------------------------------------------------------------------------------
Path Group:  (none)
From Clock:  clk_out1_clk_wiz_0
  To Clock:  

Max Delay             5 Endpoints
Min Delay             5 Endpoints
--------------------------------------------------------------------------------------


Max Delay Paths
--------------------------------------------------------------------------------------
Slack:                    inf
  Source:                 vga_driver/green_out_reg[3]/C
                            (rising edge-triggered cell FDRE clocked by clk_out1_clk_wiz_0  {rise@0.000ns fall@12.469ns period=24.938ns})
  Destination:            VGA_green[3]
                            (output port)
  Path Group:             (none)
  Path Type:              Max at Slow Process Corner
  Data Path Delay:        9.366ns  (logic 4.198ns (44.828%)  route 5.167ns (55.172%))
  Logic Levels:           1  (OBUF=1)
  Clock Uncertainty:      0.178ns  ((TSJ^2 + DJ^2)^1/2) / 2 + PE
    Total System Jitter     (TSJ):    0.050ns
    Discrete Jitter          (DJ):    0.152ns
    Phase Error              (PE):    0.098ns

    Location             Delay type                Incr(ns)  Path(ns)    Netlist Resource(s)
  -------------------------------------------------------------------    -------------------
                         (clock clk_out1_clk_wiz_0 rise edge)
                                                      0.000     0.000 r  
    E3                                                0.000     0.000 r  clk_in (IN)
                         net (fo=0)                   0.000     0.000    clk_in
    E3                   IBUF (Prop_ibuf_I_O)         1.482     1.482 r  clk_in_IBUF_inst/O
                         net (fo=1, routed)           2.025     3.506    clk_in_IBUF
    BUFGCTRL_X0Y16       BUFG (Prop_bufg_I_O)         0.096     3.602 r  clk_in_IBUF_BUFG_inst/O
                         net (fo=63, routed)          1.809     5.412    clk_wiz_0_inst/U0/clk_in1
    MMCME2_ADV_X0Y0      MMCME2_ADV (Prop_mmcme2_adv_CLKIN1_CLKOUT0)
                                                     -3.922     1.490 r  clk_wiz_0_inst/U0/mmcm_adv_inst/CLKOUT0
                         net (fo=1, routed)           2.018     3.508    clk_wiz_0_inst/U0/clk_out1_clk_wiz_0
    BUFGCTRL_X0Y0        BUFG (Prop_bufg_I_O)         0.096     3.604 r  clk_wiz_0_inst/U0/clkout1_buf/O
                         net (fo=50, routed)          1.645     5.250    vga_driver/CLK
    SLICE_X8Y99          FDRE                                         r  vga_driver/green_out_reg[3]/C
  -------------------------------------------------------------------    -------------------
    SLICE_X8Y99          FDRE (Prop_fdre_C_Q)         0.478     5.728 r  vga_driver/green_out_reg[3]/Q
                         net (fo=1, routed)           5.167    10.895    VGA_blue_OBUF[3]
    A6                   OBUF (Prop_obuf_I_O)         3.720    14.616 r  VGA_green_OBUF[3]_inst/O
                         net (fo=0)                   0.000    14.616    VGA_green[3]
    A6                                                                r  VGA_green[3] (OUT)
  -------------------------------------------------------------------    -------------------

Slack:                    inf
  Source:                 vga_driver/red_out_reg[3]/C
                            (rising edge-triggered cell FDRE clocked by clk_out1_clk_wiz_0  {rise@0.000ns fall@12.469ns period=24.938ns})
  Destination:            VGA_red[3]
                            (output port)
  Path Group:             (none)
  Path Type:              Max at Slow Process Corner
  Data Path Delay:        8.948ns  (logic 4.008ns (44.789%)  route 4.940ns (55.211%))
  Logic Levels:           1  (OBUF=1)
  Clock Uncertainty:      0.178ns  ((TSJ^2 + DJ^2)^1/2) / 2 + PE
    Total System Jitter     (TSJ):    0.050ns
    Discrete Jitter          (DJ):    0.152ns
    Phase Error              (PE):    0.098ns

    Location             Delay type                Incr(ns)  Path(ns)    Netlist Resource(s)
  -------------------------------------------------------------------    -------------------
                         (clock clk_out1_clk_wiz_0 rise edge)
                                                      0.000     0.000 r  
    E3                                                0.000     0.000 r  clk_in (IN)
                         net (fo=0)                   0.000     0.000    clk_in
    E3                   IBUF (Prop_ibuf_I_O)         1.482     1.482 r  clk_in_IBUF_inst/O
                         net (fo=1, routed)           2.025     3.506    clk_in_IBUF
    BUFGCTRL_X0Y16       BUFG (Prop_bufg_I_O)         0.096     3.602 r  clk_in_IBUF_BUFG_inst/O
                         net (fo=63, routed)          1.809     5.412    clk_wiz_0_inst/U0/clk_in1
    MMCME2_ADV_X0Y0      MMCME2_ADV (Prop_mmcme2_adv_CLKIN1_CLKOUT0)
                                                     -3.922     1.490 r  clk_wiz_0_inst/U0/mmcm_adv_inst/CLKOUT0
                         net (fo=1, routed)           2.018     3.508    clk_wiz_0_inst/U0/clk_out1_clk_wiz_0
    BUFGCTRL_X0Y0        BUFG (Prop_bufg_I_O)         0.096     3.604 r  clk_wiz_0_inst/U0/clkout1_buf/O
                         net (fo=50, routed)          1.645     5.250    vga_driver/CLK
    SLICE_X9Y99          FDRE                                         r  vga_driver/red_out_reg[3]/C
  -------------------------------------------------------------------    -------------------
    SLICE_X9Y99          FDRE (Prop_fdre_C_Q)         0.456     5.706 r  vga_driver/red_out_reg[3]/Q
                         net (fo=1, routed)           4.940    10.646    VGA_red_OBUF[3]
    A4                   OBUF (Prop_obuf_I_O)         3.552    14.197 r  VGA_red_OBUF[3]_inst/O
                         net (fo=0)                   0.000    14.197    VGA_red[3]
    A4                                                                r  VGA_red[3] (OUT)
  -------------------------------------------------------------------    -------------------

Slack:                    inf
  Source:                 vga_driver/green_out_reg[3]_lopt_replica/C
                            (rising edge-triggered cell FDRE clocked by clk_out1_clk_wiz_0  {rise@0.000ns fall@12.469ns period=24.938ns})
  Destination:            VGA_blue[3]
                            (output port)
  Path Group:             (none)
  Path Type:              Max at Slow Process Corner
  Data Path Delay:        8.914ns  (logic 4.070ns (45.654%)  route 4.844ns (54.346%))
  Logic Levels:           1  (OBUF=1)
  Clock Uncertainty:      0.178ns  ((TSJ^2 + DJ^2)^1/2) / 2 + PE
    Total System Jitter     (TSJ):    0.050ns
    Discrete Jitter          (DJ):    0.152ns
    Phase Error              (PE):    0.098ns

    Location             Delay type                Incr(ns)  Path(ns)    Netlist Resource(s)
  -------------------------------------------------------------------    -------------------
                         (clock clk_out1_clk_wiz_0 rise edge)
                                                      0.000     0.000 r  
    E3                                                0.000     0.000 r  clk_in (IN)
                         net (fo=0)                   0.000     0.000    clk_in
    E3                   IBUF (Prop_ibuf_I_O)         1.482     1.482 r  clk_in_IBUF_inst/O
                         net (fo=1, routed)           2.025     3.506    clk_in_IBUF
    BUFGCTRL_X0Y16       BUFG (Prop_bufg_I_O)         0.096     3.602 r  clk_in_IBUF_BUFG_inst/O
                         net (fo=63, routed)          1.809     5.412    clk_wiz_0_inst/U0/clk_in1
    MMCME2_ADV_X0Y0      MMCME2_ADV (Prop_mmcme2_adv_CLKIN1_CLKOUT0)
                                                     -3.922     1.490 r  clk_wiz_0_inst/U0/mmcm_adv_inst/CLKOUT0
                         net (fo=1, routed)           2.018     3.508    clk_wiz_0_inst/U0/clk_out1_clk_wiz_0
    BUFGCTRL_X0Y0        BUFG (Prop_bufg_I_O)         0.096     3.604 r  clk_wiz_0_inst/U0/clkout1_buf/O
                         net (fo=50, routed)          1.645     5.250    vga_driver/CLK
    SLICE_X8Y98          FDRE                                         r  vga_driver/green_out_reg[3]_lopt_replica/C
  -------------------------------------------------------------------    -------------------
    SLICE_X8Y98          FDRE (Prop_fdre_C_Q)         0.518     5.768 r  vga_driver/green_out_reg[3]_lopt_replica/Q
                         net (fo=1, routed)           4.844    10.612    lopt
    D8                   OBUF (Prop_obuf_I_O)         3.552    14.164 r  VGA_blue_OBUF[3]_inst/O
                         net (fo=0)                   0.000    14.164    VGA_blue[3]
    D8                                                                r  VGA_blue[3] (OUT)
  -------------------------------------------------------------------    -------------------

Slack:                    inf
  Source:                 vga_driver/vsync_reg_lopt_replica/C
                            (rising edge-triggered cell FDRE clocked by clk_out1_clk_wiz_0  {rise@0.000ns fall@12.469ns period=24.938ns})
  Destination:            VGA_vsync
                            (output port)
  Path Group:             (none)
  Path Type:              Max at Slow Process Corner
  Data Path Delay:        7.358ns  (logic 4.083ns (55.494%)  route 3.275ns (44.506%))
  Logic Levels:           1  (OBUF=1)
  Clock Uncertainty:      0.178ns  ((TSJ^2 + DJ^2)^1/2) / 2 + PE
    Total System Jitter     (TSJ):    0.050ns
    Discrete Jitter          (DJ):    0.152ns
    Phase Error              (PE):    0.098ns

    Location             Delay type                Incr(ns)  Path(ns)    Netlist Resource(s)
  -------------------------------------------------------------------    -------------------
                         (clock clk_out1_clk_wiz_0 rise edge)
                                                      0.000     0.000 r  
    E3                                                0.000     0.000 r  clk_in (IN)
                         net (fo=0)                   0.000     0.000    clk_in
    E3                   IBUF (Prop_ibuf_I_O)         1.482     1.482 r  clk_in_IBUF_inst/O
                         net (fo=1, routed)           2.025     3.506    clk_in_IBUF
    BUFGCTRL_X0Y16       BUFG (Prop_bufg_I_O)         0.096     3.602 r  clk_in_IBUF_BUFG_inst/O
                         net (fo=63, routed)          1.809     5.412    clk_wiz_0_inst/U0/clk_in1
    MMCME2_ADV_X0Y0      MMCME2_ADV (Prop_mmcme2_adv_CLKIN1_CLKOUT0)
                                                     -3.922     1.490 r  clk_wiz_0_inst/U0/mmcm_adv_inst/CLKOUT0
                         net (fo=1, routed)           2.018     3.508    clk_wiz_0_inst/U0/clk_out1_clk_wiz_0
    BUFGCTRL_X0Y0        BUFG (Prop_bufg_I_O)         0.096     3.604 r  clk_wiz_0_inst/U0/clkout1_buf/O
                         net (fo=50, routed)          1.723     5.328    vga_driver/CLK
    SLICE_X2Y94          FDRE                                         r  vga_driver/vsync_reg_lopt_replica/C
  -------------------------------------------------------------------    -------------------
    SLICE_X2Y94          FDRE (Prop_fdre_C_Q)         0.518     5.846 r  vga_driver/vsync_reg_lopt_replica/Q
                         net (fo=1, routed)           3.275     9.120    lopt_2
    B12                  OBUF (Prop_obuf_I_O)         3.565    12.686 r  VGA_vsync_OBUF_inst/O
                         net (fo=0)                   0.000    12.686    VGA_vsync
    B12                                                               r  VGA_vsync (OUT)
  -------------------------------------------------------------------    -------------------

Slack:                    inf
  Source:                 vga_driver/hsync_reg/C
                            (rising edge-triggered cell FDRE clocked by clk_out1_clk_wiz_0  {rise@0.000ns fall@12.469ns period=24.938ns})
  Destination:            VGA_hsync
                            (output port)
  Path Group:             (none)
  Path Type:              Max at Slow Process Corner
  Data Path Delay:        6.707ns  (logic 4.021ns (59.948%)  route 2.686ns (40.052%))
  Logic Levels:           1  (OBUF=1)
  Clock Uncertainty:      0.178ns  ((TSJ^2 + DJ^2)^1/2) / 2 + PE
    Total System Jitter     (TSJ):    0.050ns
    Discrete Jitter          (DJ):    0.152ns
    Phase Error              (PE):    0.098ns

    Location             Delay type                Incr(ns)  Path(ns)    Netlist Resource(s)
  -------------------------------------------------------------------    -------------------
                         (clock clk_out1_clk_wiz_0 rise edge)
                                                      0.000     0.000 r  
    E3                                                0.000     0.000 r  clk_in (IN)
                         net (fo=0)                   0.000     0.000    clk_in
    E3                   IBUF (Prop_ibuf_I_O)         1.482     1.482 r  clk_in_IBUF_inst/O
                         net (fo=1, routed)           2.025     3.506    clk_in_IBUF
    BUFGCTRL_X0Y16       BUFG (Prop_bufg_I_O)         0.096     3.602 r  clk_in_IBUF_BUFG_inst/O
                         net (fo=63, routed)          1.809     5.412    clk_wiz_0_inst/U0/clk_in1
    MMCME2_ADV_X0Y0      MMCME2_ADV (Prop_mmcme2_adv_CLKIN1_CLKOUT0)
                                                     -3.922     1.490 r  clk_wiz_0_inst/U0/mmcm_adv_inst/CLKOUT0
                         net (fo=1, routed)           2.018     3.508    clk_wiz_0_inst/U0/clk_out1_clk_wiz_0
    BUFGCTRL_X0Y0        BUFG (Prop_bufg_I_O)         0.096     3.604 r  clk_wiz_0_inst/U0/clkout1_buf/O
                         net (fo=50, routed)          1.712     5.316    vga_driver/CLK
    SLICE_X0Y102         FDRE                                         r  vga_driver/hsync_reg/C
  -------------------------------------------------------------------    -------------------
    SLICE_X0Y102         FDRE (Prop_fdre_C_Q)         0.456     5.772 r  vga_driver/hsync_reg/Q
                         net (fo=1, routed)           2.686     8.458    VGA_hsync_OBUF
    B11                  OBUF (Prop_obuf_I_O)         3.565    12.023 r  VGA_hsync_OBUF_inst/O
                         net (fo=0)                   0.000    12.023    VGA_hsync
    B11                                                               r  VGA_hsync (OUT)
  -------------------------------------------------------------------    -------------------





Min Delay Paths
--------------------------------------------------------------------------------------
Slack:                    inf
  Source:                 vga_driver/hsync_reg/C
                            (rising edge-triggered cell FDRE clocked by clk_out1_clk_wiz_0  {rise@0.000ns fall@12.469ns period=24.938ns})
  Destination:            VGA_hsync
                            (output port)
  Path Group:             (none)
  Path Type:              Min at Fast Process Corner
  Data Path Delay:        2.154ns  (logic 1.406ns (65.270%)  route 0.748ns (34.730%))
  Logic Levels:           1  (OBUF=1)
  Clock Uncertainty:      0.178ns  ((TSJ^2 + DJ^2)^1/2) / 2 + PE
    Total System Jitter     (TSJ):    0.050ns
    Discrete Jitter          (DJ):    0.152ns
    Phase Error              (PE):    0.098ns

    Location             Delay type                Incr(ns)  Path(ns)    Netlist Resource(s)
  -------------------------------------------------------------------    -------------------
                         (clock clk_out1_clk_wiz_0 rise edge)
                                                      0.000     0.000 r  
    E3                                                0.000     0.000 r  clk_in (IN)
                         net (fo=0)                   0.000     0.000    clk_in
    E3                   IBUF (Prop_ibuf_I_O)         0.250     0.250 r  clk_in_IBUF_inst/O
                         net (fo=1, routed)           0.644     0.894    clk_in_IBUF
    BUFGCTRL_X0Y16       BUFG (Prop_bufg_I_O)         0.026     0.920 r  clk_in_IBUF_BUFG_inst/O
                         net (fo=63, routed)          0.624     1.544    clk_wiz_0_inst/U0/clk_in1
    MMCME2_ADV_X0Y0      MMCME2_ADV (Prop_mmcme2_adv_CLKIN1_CLKOUT0)
                                                     -1.296     0.248 r  clk_wiz_0_inst/U0/mmcm_adv_inst/CLKOUT0
                         net (fo=1, routed)           0.648     0.896    clk_wiz_0_inst/U0/clk_out1_clk_wiz_0
    BUFGCTRL_X0Y0        BUFG (Prop_bufg_I_O)         0.026     0.922 r  clk_wiz_0_inst/U0/clkout1_buf/O
                         net (fo=50, routed)          0.601     1.522    vga_driver/CLK
    SLICE_X0Y102         FDRE                                         r  vga_driver/hsync_reg/C
  -------------------------------------------------------------------    -------------------
    SLICE_X0Y102         FDRE (Prop_fdre_C_Q)         0.141     1.663 r  vga_driver/hsync_reg/Q
                         net (fo=1, routed)           0.748     2.412    VGA_hsync_OBUF
    B11                  OBUF (Prop_obuf_I_O)         1.265     3.677 r  VGA_hsync_OBUF_inst/O
                         net (fo=0)                   0.000     3.677    VGA_hsync
    B11                                                               r  VGA_hsync (OUT)
  -------------------------------------------------------------------    -------------------

Slack:                    inf
  Source:                 vga_driver/vsync_reg_lopt_replica/C
                            (rising edge-triggered cell FDRE clocked by clk_out1_clk_wiz_0  {rise@0.000ns fall@12.469ns period=24.938ns})
  Destination:            VGA_vsync
                            (output port)
  Path Group:             (none)
  Path Type:              Min at Fast Process Corner
  Data Path Delay:        2.450ns  (logic 1.430ns (58.369%)  route 1.020ns (41.631%))
  Logic Levels:           1  (OBUF=1)
  Clock Uncertainty:      0.178ns  ((TSJ^2 + DJ^2)^1/2) / 2 + PE
    Total System Jitter     (TSJ):    0.050ns
    Discrete Jitter          (DJ):    0.152ns
    Phase Error              (PE):    0.098ns

    Location             Delay type                Incr(ns)  Path(ns)    Netlist Resource(s)
  -------------------------------------------------------------------    -------------------
                         (clock clk_out1_clk_wiz_0 rise edge)
                                                      0.000     0.000 r  
    E3                                                0.000     0.000 r  clk_in (IN)
                         net (fo=0)                   0.000     0.000    clk_in
    E3                   IBUF (Prop_ibuf_I_O)         0.250     0.250 r  clk_in_IBUF_inst/O
                         net (fo=1, routed)           0.644     0.894    clk_in_IBUF
    BUFGCTRL_X0Y16       BUFG (Prop_bufg_I_O)         0.026     0.920 r  clk_in_IBUF_BUFG_inst/O
                         net (fo=63, routed)          0.624     1.544    clk_wiz_0_inst/U0/clk_in1
    MMCME2_ADV_X0Y0      MMCME2_ADV (Prop_mmcme2_adv_CLKIN1_CLKOUT0)
                                                     -1.296     0.248 r  clk_wiz_0_inst/U0/mmcm_adv_inst/CLKOUT0
                         net (fo=1, routed)           0.648     0.896    clk_wiz_0_inst/U0/clk_out1_clk_wiz_0
    BUFGCTRL_X0Y0        BUFG (Prop_bufg_I_O)         0.026     0.922 r  clk_wiz_0_inst/U0/clkout1_buf/O
                         net (fo=50, routed)          0.602     1.523    vga_driver/CLK
    SLICE_X2Y94          FDRE                                         r  vga_driver/vsync_reg_lopt_replica/C
  -------------------------------------------------------------------    -------------------
    SLICE_X2Y94          FDRE (Prop_fdre_C_Q)         0.164     1.687 r  vga_driver/vsync_reg_lopt_replica/Q
                         net (fo=1, routed)           1.020     2.707    lopt_2
    B12                  OBUF (Prop_obuf_I_O)         1.266     3.973 r  VGA_vsync_OBUF_inst/O
                         net (fo=0)                   0.000     3.973    VGA_vsync
    B12                                                               r  VGA_vsync (OUT)
  -------------------------------------------------------------------    -------------------

Slack:                    inf
  Source:                 vga_driver/red_out_reg[3]/C
                            (rising edge-triggered cell FDRE clocked by clk_out1_clk_wiz_0  {rise@0.000ns fall@12.469ns period=24.938ns})
  Destination:            VGA_red[3]
                            (output port)
  Path Group:             (none)
  Path Type:              Min at Fast Process Corner
  Data Path Delay:        3.239ns  (logic 1.393ns (43.010%)  route 1.846ns (56.990%))
  Logic Levels:           1  (OBUF=1)
  Clock Uncertainty:      0.178ns  ((TSJ^2 + DJ^2)^1/2) / 2 + PE
    Total System Jitter     (TSJ):    0.050ns
    Discrete Jitter          (DJ):    0.152ns
    Phase Error              (PE):    0.098ns

    Location             Delay type                Incr(ns)  Path(ns)    Netlist Resource(s)
  -------------------------------------------------------------------    -------------------
                         (clock clk_out1_clk_wiz_0 rise edge)
                                                      0.000     0.000 r  
    E3                                                0.000     0.000 r  clk_in (IN)
                         net (fo=0)                   0.000     0.000    clk_in
    E3                   IBUF (Prop_ibuf_I_O)         0.250     0.250 r  clk_in_IBUF_inst/O
                         net (fo=1, routed)           0.644     0.894    clk_in_IBUF
    BUFGCTRL_X0Y16       BUFG (Prop_bufg_I_O)         0.026     0.920 r  clk_in_IBUF_BUFG_inst/O
                         net (fo=63, routed)          0.624     1.544    clk_wiz_0_inst/U0/clk_in1
    MMCME2_ADV_X0Y0      MMCME2_ADV (Prop_mmcme2_adv_CLKIN1_CLKOUT0)
                                                     -1.296     0.248 r  clk_wiz_0_inst/U0/mmcm_adv_inst/CLKOUT0
                         net (fo=1, routed)           0.648     0.896    clk_wiz_0_inst/U0/clk_out1_clk_wiz_0
    BUFGCTRL_X0Y0        BUFG (Prop_bufg_I_O)         0.026     0.922 r  clk_wiz_0_inst/U0/clkout1_buf/O
                         net (fo=50, routed)          0.574     1.495    vga_driver/CLK
    SLICE_X9Y99          FDRE                                         r  vga_driver/red_out_reg[3]/C
  -------------------------------------------------------------------    -------------------
    SLICE_X9Y99          FDRE (Prop_fdre_C_Q)         0.141     1.636 r  vga_driver/red_out_reg[3]/Q
                         net (fo=1, routed)           1.846     3.482    VGA_red_OBUF[3]
    A4                   OBUF (Prop_obuf_I_O)         1.252     4.735 r  VGA_red_OBUF[3]_inst/O
                         net (fo=0)                   0.000     4.735    VGA_red[3]
    A4                                                                r  VGA_red[3] (OUT)
  -------------------------------------------------------------------    -------------------

Slack:                    inf
  Source:                 vga_driver/green_out_reg[3]_lopt_replica/C
                            (rising edge-triggered cell FDRE clocked by clk_out1_clk_wiz_0  {rise@0.000ns fall@12.469ns period=24.938ns})
  Destination:            VGA_blue[3]
                            (output port)
  Path Group:             (none)
  Path Type:              Min at Fast Process Corner
  Data Path Delay:        3.275ns  (logic 1.416ns (43.237%)  route 1.859ns (56.763%))
  Logic Levels:           1  (OBUF=1)
  Clock Uncertainty:      0.178ns  ((TSJ^2 + DJ^2)^1/2) / 2 + PE
    Total System Jitter     (TSJ):    0.050ns
    Discrete Jitter          (DJ):    0.152ns
    Phase Error              (PE):    0.098ns

    Location             Delay type                Incr(ns)  Path(ns)    Netlist Resource(s)
  -------------------------------------------------------------------    -------------------
                         (clock clk_out1_clk_wiz_0 rise edge)
                                                      0.000     0.000 r  
    E3                                                0.000     0.000 r  clk_in (IN)
                         net (fo=0)                   0.000     0.000    clk_in
    E3                   IBUF (Prop_ibuf_I_O)         0.250     0.250 r  clk_in_IBUF_inst/O
                         net (fo=1, routed)           0.644     0.894    clk_in_IBUF
    BUFGCTRL_X0Y16       BUFG (Prop_bufg_I_O)         0.026     0.920 r  clk_in_IBUF_BUFG_inst/O
                         net (fo=63, routed)          0.624     1.544    clk_wiz_0_inst/U0/clk_in1
    MMCME2_ADV_X0Y0      MMCME2_ADV (Prop_mmcme2_adv_CLKIN1_CLKOUT0)
                                                     -1.296     0.248 r  clk_wiz_0_inst/U0/mmcm_adv_inst/CLKOUT0
                         net (fo=1, routed)           0.648     0.896    clk_wiz_0_inst/U0/clk_out1_clk_wiz_0
    BUFGCTRL_X0Y0        BUFG (Prop_bufg_I_O)         0.026     0.922 r  clk_wiz_0_inst/U0/clkout1_buf/O
                         net (fo=50, routed)          0.574     1.495    vga_driver/CLK
    SLICE_X8Y98          FDRE                                         r  vga_driver/green_out_reg[3]_lopt_replica/C
  -------------------------------------------------------------------    -------------------
    SLICE_X8Y98          FDRE (Prop_fdre_C_Q)         0.164     1.659 r  vga_driver/green_out_reg[3]_lopt_replica/Q
                         net (fo=1, routed)           1.859     3.519    lopt
    D8                   OBUF (Prop_obuf_I_O)         1.252     4.771 r  VGA_blue_OBUF[3]_inst/O
                         net (fo=0)                   0.000     4.771    VGA_blue[3]
    D8                                                                r  VGA_blue[3] (OUT)
  -------------------------------------------------------------------    -------------------

Slack:                    inf
  Source:                 vga_driver/green_out_reg[3]/C
                            (rising edge-triggered cell FDRE clocked by clk_out1_clk_wiz_0  {rise@0.000ns fall@12.469ns period=24.938ns})
  Destination:            VGA_green[3]
                            (output port)
  Path Group:             (none)
  Path Type:              Min at Fast Process Corner
  Data Path Delay:        3.491ns  (logic 1.448ns (41.489%)  route 2.042ns (58.511%))
  Logic Levels:           1  (OBUF=1)
  Clock Uncertainty:      0.178ns  ((TSJ^2 + DJ^2)^1/2) / 2 + PE
    Total System Jitter     (TSJ):    0.050ns
    Discrete Jitter          (DJ):    0.152ns
    Phase Error              (PE):    0.098ns

    Location             Delay type                Incr(ns)  Path(ns)    Netlist Resource(s)
  -------------------------------------------------------------------    -------------------
                         (clock clk_out1_clk_wiz_0 rise edge)
                                                      0.000     0.000 r  
    E3                                                0.000     0.000 r  clk_in (IN)
                         net (fo=0)                   0.000     0.000    clk_in
    E3                   IBUF (Prop_ibuf_I_O)         0.250     0.250 r  clk_in_IBUF_inst/O
                         net (fo=1, routed)           0.644     0.894    clk_in_IBUF
    BUFGCTRL_X0Y16       BUFG (Prop_bufg_I_O)         0.026     0.920 r  clk_in_IBUF_BUFG_inst/O
                         net (fo=63, routed)          0.624     1.544    clk_wiz_0_inst/U0/clk_in1
    MMCME2_ADV_X0Y0      MMCME2_ADV (Prop_mmcme2_adv_CLKIN1_CLKOUT0)
                                                     -1.296     0.248 r  clk_wiz_0_inst/U0/mmcm_adv_inst/CLKOUT0
                         net (fo=1, routed)           0.648     0.896    clk_wiz_0_inst/U0/clk_out1_clk_wiz_0
    BUFGCTRL_X0Y0        BUFG (Prop_bufg_I_O)         0.026     0.922 r  clk_wiz_0_inst/U0/clkout1_buf/O
                         net (fo=50, routed)          0.574     1.495    vga_driver/CLK
    SLICE_X8Y99          FDRE                                         r  vga_driver/green_out_reg[3]/C
  -------------------------------------------------------------------    -------------------
    SLICE_X8Y99          FDRE (Prop_fdre_C_Q)         0.148     1.643 r  vga_driver/green_out_reg[3]/Q
                         net (fo=1, routed)           2.042     3.686    VGA_blue_OBUF[3]
    A6                   OBUF (Prop_obuf_I_O)         1.300     4.986 r  VGA_green_OBUF[3]_inst/O
                         net (fo=0)                   0.000     4.986    VGA_green[3]
    A6                                                                r  VGA_green[3] (OUT)
  -------------------------------------------------------------------    -------------------





--------------------------------------------------------------------------------------
Path Group:  (none)
From Clock:  clkfbout_clk_wiz_0
  To Clock:  

Max Delay             1 Endpoint
Min Delay             1 Endpoint
--------------------------------------------------------------------------------------


Max Delay Paths
--------------------------------------------------------------------------------------
Slack:                    inf
  Source:                 clk_wiz_0_inst/U0/mmcm_adv_inst/CLKFBOUT
                            (clock source 'clkfbout_clk_wiz_0'  {rise@0.000ns fall@5.000ns period=10.000ns})
  Destination:            clk_wiz_0_inst/U0/mmcm_adv_inst/CLKFBIN
  Path Group:             (none)
  Path Type:              Max at Slow Process Corner
  Data Path Delay:        3.922ns  (logic 0.096ns (2.448%)  route 3.826ns (97.552%))
  Logic Levels:           1  (BUFG=1)
  Clock Uncertainty:      0.146ns  ((TSJ^2 + DJ^2)^1/2) / 2 + PE
    Total System Jitter     (TSJ):    0.050ns
    Discrete Jitter          (DJ):    0.082ns
    Phase Error              (PE):    0.098ns

    Location             Delay type                Incr(ns)  Path(ns)    Netlist Resource(s)
  -------------------------------------------------------------------    -------------------
                         (clock clkfbout_clk_wiz_0 fall edge)
                                                      5.000     5.000 f  
    E3                                                0.000     5.000 f  clk_in (IN)
                         net (fo=0)                   0.000     5.000    clk_in
    E3                   IBUF (Prop_ibuf_I_O)         1.482     6.482 f  clk_in_IBUF_inst/O
                         net (fo=1, routed)           2.025     8.506    clk_in_IBUF
    BUFGCTRL_X0Y16       BUFG (Prop_bufg_I_O)         0.096     8.602 f  clk_in_IBUF_BUFG_inst/O
                         net (fo=63, routed)          1.809    10.412    clk_wiz_0_inst/U0/clk_in1
  -------------------------------------------------------------------    -------------------
    MMCME2_ADV_X0Y0      MMCME2_ADV (Prop_mmcme2_adv_CLKIN1_CLKFBOUT)
                                                     -3.922     6.490 f  clk_wiz_0_inst/U0/mmcm_adv_inst/CLKFBOUT
                         net (fo=1, routed)           2.018     8.508    clk_wiz_0_inst/U0/clkfbout_clk_wiz_0
    BUFGCTRL_X0Y1        BUFG (Prop_bufg_I_O)         0.096     8.604 f  clk_wiz_0_inst/U0/clkf_buf/O
                         net (fo=1, routed)           1.807    10.412    clk_wiz_0_inst/U0/clkfbout_buf_clk_wiz_0
    MMCME2_ADV_X0Y0      MMCME2_ADV                                   f  clk_wiz_0_inst/U0/mmcm_adv_inst/CLKFBIN
  -------------------------------------------------------------------    -------------------





Min Delay Paths
--------------------------------------------------------------------------------------
Slack:                    inf
  Source:                 clk_wiz_0_inst/U0/mmcm_adv_inst/CLKFBOUT
                            (clock source 'clkfbout_clk_wiz_0'  {rise@0.000ns fall@5.000ns period=10.000ns})
  Destination:            clk_wiz_0_inst/U0/mmcm_adv_inst/CLKFBIN
  Path Group:             (none)
  Path Type:              Min at Fast Process Corner
  Data Path Delay:        1.296ns  (logic 0.026ns (2.006%)  route 1.270ns (97.994%))
  Logic Levels:           1  (BUFG=1)
  Clock Uncertainty:      0.146ns  ((TSJ^2 + DJ^2)^1/2) / 2 + PE
    Total System Jitter     (TSJ):    0.050ns
    Discrete Jitter          (DJ):    0.082ns
    Phase Error              (PE):    0.098ns

    Location             Delay type                Incr(ns)  Path(ns)    Netlist Resource(s)
  -------------------------------------------------------------------    -------------------
                         (clock clkfbout_clk_wiz_0 rise edge)
                                                      0.000     0.000 r  
    E3                                                0.000     0.000 r  clk_in (IN)
                         net (fo=0)                   0.000     0.000    clk_in
    E3                   IBUF (Prop_ibuf_I_O)         0.250     0.250 r  clk_in_IBUF_inst/O
                         net (fo=1, routed)           0.644     0.894    clk_in_IBUF
    BUFGCTRL_X0Y16       BUFG (Prop_bufg_I_O)         0.026     0.920 r  clk_in_IBUF_BUFG_inst/O
                         net (fo=63, routed)          0.624     1.544    clk_wiz_0_inst/U0/clk_in1
  -------------------------------------------------------------------    -------------------
    MMCME2_ADV_X0Y0      MMCME2_ADV (Prop_mmcme2_adv_CLKIN1_CLKFBOUT)
                                                     -1.296     0.248 r  clk_wiz_0_inst/U0/mmcm_adv_inst/CLKFBOUT
                         net (fo=1, routed)           0.648     0.896    clk_wiz_0_inst/U0/clkfbout_clk_wiz_0
    BUFGCTRL_X0Y1        BUFG (Prop_bufg_I_O)         0.026     0.922 r  clk_wiz_0_inst/U0/clkf_buf/O
                         net (fo=1, routed)           0.622     1.544    clk_wiz_0_inst/U0/clkfbout_buf_clk_wiz_0
    MMCME2_ADV_X0Y0      MMCME2_ADV                                   r  clk_wiz_0_inst/U0/mmcm_adv_inst/CLKFBIN
  -------------------------------------------------------------------    -------------------





--------------------------------------------------------------------------------------
Path Group:  (none)
From Clock:  sys_clk_pin
  To Clock:  

Max Delay            26 Endpoints
Min Delay            26 Endpoints
--------------------------------------------------------------------------------------


Max Delay Paths
--------------------------------------------------------------------------------------
Slack:                    inf
  Source:                 count_reg[19]/C
                            (rising edge-triggered cell FDRE clocked by sys_clk_pin  {rise@0.000ns fall@5.000ns period=10.000ns})
  Destination:            SEG7_anode[2]
                            (output port)
  Path Group:             (none)
  Path Type:              Max at Slow Process Corner
  Data Path Delay:        8.445ns  (logic 4.154ns (49.191%)  route 4.291ns (50.809%))
  Logic Levels:           2  (LUT3=1 OBUF=1)
  Clock Uncertainty:      0.025ns  ((TSJ^2 + TIJ^2)^1/2 + DJ) / 2 + PE
    Total System Jitter     (TSJ):    0.050ns
    Total Input Jitter      (TIJ):    0.000ns
    Discrete Jitter          (DJ):    0.000ns
    Phase Error              (PE):    0.000ns

    Location             Delay type                Incr(ns)  Path(ns)    Netlist Resource(s)
  -------------------------------------------------------------------    -------------------
                         (clock sys_clk_pin rise edge)
                                                      0.000     0.000 r  
    E3                                                0.000     0.000 r  clk_in (IN)
                         net (fo=0)                   0.000     0.000    clk_in
    E3                   IBUF (Prop_ibuf_I_O)         1.482     1.482 r  clk_in_IBUF_inst/O
                         net (fo=1, routed)           2.025     3.506    clk_in_IBUF
    BUFGCTRL_X0Y16       BUFG (Prop_bufg_I_O)         0.096     3.602 r  clk_in_IBUF_BUFG_inst/O
                         net (fo=63, routed)          1.725     5.328    clk_in_IBUF_BUFG
    SLICE_X0Y94          FDRE                                         r  count_reg[19]/C
  -------------------------------------------------------------------    -------------------
    SLICE_X0Y94          FDRE (Prop_fdre_C_Q)         0.456     5.784 r  count_reg[19]/Q
                         net (fo=6, routed)           1.161     6.945    dig[2]
    SLICE_X2Y92          LUT3 (Prop_lut3_I2_O)        0.124     7.069 r  SEG7_anode_OBUF[2]_inst_i_1/O
                         net (fo=1, routed)           3.130    10.199    SEG7_anode_OBUF[2]
    T9                   OBUF (Prop_obuf_I_O)         3.574    13.773 r  SEG7_anode_OBUF[2]_inst/O
                         net (fo=0)                   0.000    13.773    SEG7_anode[2]
    T9                                                                r  SEG7_anode[2] (OUT)
  -------------------------------------------------------------------    -------------------

Slack:                    inf
  Source:                 count_reg[19]/C
                            (rising edge-triggered cell FDRE clocked by sys_clk_pin  {rise@0.000ns fall@5.000ns period=10.000ns})
  Destination:            SEG7_anode[0]
                            (output port)
  Path Group:             (none)
  Path Type:              Max at Slow Process Corner
  Data Path Delay:        7.573ns  (logic 4.342ns (57.331%)  route 3.231ns (42.669%))
  Logic Levels:           2  (LUT3=1 OBUF=1)
  Clock Uncertainty:      0.025ns  ((TSJ^2 + TIJ^2)^1/2 + DJ) / 2 + PE
    Total System Jitter     (TSJ):    0.050ns
    Total Input Jitter      (TIJ):    0.000ns
    Discrete Jitter          (DJ):    0.000ns
    Phase Error              (PE):    0.000ns

    Location             Delay type                Incr(ns)  Path(ns)    Netlist Resource(s)
  -------------------------------------------------------------------    -------------------
                         (clock sys_clk_pin rise edge)
                                                      0.000     0.000 r  
    E3                                                0.000     0.000 r  clk_in (IN)
                         net (fo=0)                   0.000     0.000    clk_in
    E3                   IBUF (Prop_ibuf_I_O)         1.482     1.482 r  clk_in_IBUF_inst/O
                         net (fo=1, routed)           2.025     3.506    clk_in_IBUF
    BUFGCTRL_X0Y16       BUFG (Prop_bufg_I_O)         0.096     3.602 r  clk_in_IBUF_BUFG_inst/O
                         net (fo=63, routed)          1.725     5.328    clk_in_IBUF_BUFG
    SLICE_X0Y94          FDRE                                         r  count_reg[19]/C
  -------------------------------------------------------------------    -------------------
    SLICE_X0Y94          FDRE (Prop_fdre_C_Q)         0.456     5.784 r  count_reg[19]/Q
                         net (fo=6, routed)           1.161     6.945    dig[2]
    SLICE_X2Y92          LUT3 (Prop_lut3_I2_O)        0.146     7.091 r  SEG7_anode_OBUF[0]_inst_i_1/O
                         net (fo=1, routed)           2.070     9.161    SEG7_anode_OBUF[0]
    J17                  OBUF (Prop_obuf_I_O)         3.740    12.900 r  SEG7_anode_OBUF[0]_inst/O
                         net (fo=0)                   0.000    12.900    SEG7_anode[0]
    J17                                                               r  SEG7_anode[0] (OUT)
  -------------------------------------------------------------------    -------------------

Slack:                    inf
  Source:                 count_reg[18]/C
                            (rising edge-triggered cell FDRE clocked by sys_clk_pin  {rise@0.000ns fall@5.000ns period=10.000ns})
  Destination:            SEG7_anode[3]
                            (output port)
  Path Group:             (none)
  Path Type:              Max at Slow Process Corner
  Data Path Delay:        7.503ns  (logic 4.362ns (58.136%)  route 3.141ns (41.864%))
  Logic Levels:           2  (LUT3=1 OBUF=1)
  Clock Uncertainty:      0.025ns  ((TSJ^2 + TIJ^2)^1/2 + DJ) / 2 + PE
    Total System Jitter     (TSJ):    0.050ns
    Total Input Jitter      (TIJ):    0.000ns
    Discrete Jitter          (DJ):    0.000ns
    Phase Error              (PE):    0.000ns

    Location             Delay type                Incr(ns)  Path(ns)    Netlist Resource(s)
  -------------------------------------------------------------------    -------------------
                         (clock sys_clk_pin rise edge)
                                                      0.000     0.000 r  
    E3                                                0.000     0.000 r  clk_in (IN)
                         net (fo=0)                   0.000     0.000    clk_in
    E3                   IBUF (Prop_ibuf_I_O)         1.482     1.482 r  clk_in_IBUF_inst/O
                         net (fo=1, routed)           2.025     3.506    clk_in_IBUF
    BUFGCTRL_X0Y16       BUFG (Prop_bufg_I_O)         0.096     3.602 r  clk_in_IBUF_BUFG_inst/O
                         net (fo=63, routed)          1.725     5.328    clk_in_IBUF_BUFG
    SLICE_X0Y94          FDRE                                         r  count_reg[18]/C
  -------------------------------------------------------------------    -------------------
    SLICE_X0Y94          FDRE (Prop_fdre_C_Q)         0.456     5.784 f  count_reg[18]/Q
                         net (fo=6, routed)           0.872     6.656    dig[1]
    SLICE_X1Y94          LUT3 (Prop_lut3_I0_O)        0.152     6.808 r  SEG7_anode_OBUF[3]_inst_i_1/O
                         net (fo=1, routed)           2.269     9.077    SEG7_anode_OBUF[3]
    J14                  OBUF (Prop_obuf_I_O)         3.754    12.831 r  SEG7_anode_OBUF[3]_inst/O
                         net (fo=0)                   0.000    12.831    SEG7_anode[3]
    J14                                                               r  SEG7_anode[3] (OUT)
  -------------------------------------------------------------------    -------------------

Slack:                    inf
  Source:                 count_reg[18]/C
                            (rising edge-triggered cell FDRE clocked by sys_clk_pin  {rise@0.000ns fall@5.000ns period=10.000ns})
  Destination:            SEG7_anode[1]
                            (output port)
  Path Group:             (none)
  Path Type:              Max at Slow Process Corner
  Data Path Delay:        6.898ns  (logic 4.116ns (59.662%)  route 2.783ns (40.338%))
  Logic Levels:           2  (LUT3=1 OBUF=1)
  Clock Uncertainty:      0.025ns  ((TSJ^2 + TIJ^2)^1/2 + DJ) / 2 + PE
    Total System Jitter     (TSJ):    0.050ns
    Total Input Jitter      (TIJ):    0.000ns
    Discrete Jitter          (DJ):    0.000ns
    Phase Error              (PE):    0.000ns

    Location             Delay type                Incr(ns)  Path(ns)    Netlist Resource(s)
  -------------------------------------------------------------------    -------------------
                         (clock sys_clk_pin rise edge)
                                                      0.000     0.000 r  
    E3                                                0.000     0.000 r  clk_in (IN)
                         net (fo=0)                   0.000     0.000    clk_in
    E3                   IBUF (Prop_ibuf_I_O)         1.482     1.482 r  clk_in_IBUF_inst/O
                         net (fo=1, routed)           2.025     3.506    clk_in_IBUF
    BUFGCTRL_X0Y16       BUFG (Prop_bufg_I_O)         0.096     3.602 r  clk_in_IBUF_BUFG_inst/O
                         net (fo=63, routed)          1.725     5.328    clk_in_IBUF_BUFG
    SLICE_X0Y94          FDRE                                         r  count_reg[18]/C
  -------------------------------------------------------------------    -------------------
    SLICE_X0Y94          FDRE (Prop_fdre_C_Q)         0.456     5.784 r  count_reg[18]/Q
                         net (fo=6, routed)           0.872     6.656    dig[1]
    SLICE_X1Y94          LUT3 (Prop_lut3_I0_O)        0.124     6.780 r  SEG7_anode_OBUF[1]_inst_i_1/O
                         net (fo=1, routed)           1.911     8.690    SEG7_anode_OBUF[1]
    J18                  OBUF (Prop_obuf_I_O)         3.536    12.226 r  SEG7_anode_OBUF[1]_inst/O
                         net (fo=0)                   0.000    12.226    SEG7_anode[1]
    J18                                                               r  SEG7_anode[1] (OUT)
  -------------------------------------------------------------------    -------------------

Slack:                    inf
  Source:                 ship_y_pos_reg[3]/C
                            (rising edge-triggered cell FDRE clocked by sys_clk_pin  {rise@0.000ns fall@5.000ns period=10.000ns})
  Destination:            add_sl/laser_y_reg[5]/D
  Path Group:             (none)
  Path Type:              Max at Slow Process Corner
  Data Path Delay:        3.634ns  (logic 0.982ns (27.020%)  route 2.652ns (72.980%))
  Logic Levels:           2  (LUT4=1 LUT5=1)
  Clock Uncertainty:      0.025ns  ((TSJ^2 + TIJ^2)^1/2 + DJ) / 2 + PE
    Total System Jitter     (TSJ):    0.050ns
    Total Input Jitter      (TIJ):    0.000ns
    Discrete Jitter          (DJ):    0.000ns
    Phase Error              (PE):    0.000ns

    Location             Delay type                Incr(ns)  Path(ns)    Netlist Resource(s)
  -------------------------------------------------------------------    -------------------
                         (clock sys_clk_pin rise edge)
                                                      0.000     0.000 r  
    E3                                                0.000     0.000 r  clk_in (IN)
                         net (fo=0)                   0.000     0.000    clk_in
    E3                   IBUF (Prop_ibuf_I_O)         1.482     1.482 r  clk_in_IBUF_inst/O
                         net (fo=1, routed)           2.025     3.506    clk_in_IBUF
    BUFGCTRL_X0Y16       BUFG (Prop_bufg_I_O)         0.096     3.602 r  clk_in_IBUF_BUFG_inst/O
                         net (fo=63, routed)          1.722     5.325    clk_in_IBUF_BUFG
    SLICE_X7Y90          FDRE                                         r  ship_y_pos_reg[3]/C
  -------------------------------------------------------------------    -------------------
    SLICE_X7Y90          FDRE (Prop_fdre_C_Q)         0.456     5.781 f  ship_y_pos_reg[3]/Q
                         net (fo=32, routed)          1.912     7.693    add_sl/Q[2]
    SLICE_X12Y97         LUT4 (Prop_lut4_I2_O)        0.152     7.845 r  add_sl/laser_y[5]_i_3/O
                         net (fo=1, routed)           0.740     8.585    add_sl/laser_y[5]_i_3_n_0
    SLICE_X12Y96         LUT5 (Prop_lut5_I4_O)        0.374     8.959 r  add_sl/laser_y[5]_i_1/O
                         net (fo=1, routed)           0.000     8.959    add_sl/laser_y[5]_i_1_n_0
    SLICE_X12Y96         FDRE                                         r  add_sl/laser_y_reg[5]/D
  -------------------------------------------------------------------    -------------------

Slack:                    inf
  Source:                 ship_y_pos_reg[3]/C
                            (rising edge-triggered cell FDRE clocked by sys_clk_pin  {rise@0.000ns fall@5.000ns period=10.000ns})
  Destination:            add_sl/laser_y_reg[8]/D
  Path Group:             (none)
  Path Type:              Max at Slow Process Corner
  Data Path Delay:        3.269ns  (logic 0.704ns (21.535%)  route 2.565ns (78.465%))
  Logic Levels:           2  (LUT6=2)
  Clock Uncertainty:      0.025ns  ((TSJ^2 + TIJ^2)^1/2 + DJ) / 2 + PE
    Total System Jitter     (TSJ):    0.050ns
    Total Input Jitter      (TIJ):    0.000ns
    Discrete Jitter          (DJ):    0.000ns
    Phase Error              (PE):    0.000ns

    Location             Delay type                Incr(ns)  Path(ns)    Netlist Resource(s)
  -------------------------------------------------------------------    -------------------
                         (clock sys_clk_pin rise edge)
                                                      0.000     0.000 r  
    E3                                                0.000     0.000 r  clk_in (IN)
                         net (fo=0)                   0.000     0.000    clk_in
    E3                   IBUF (Prop_ibuf_I_O)         1.482     1.482 r  clk_in_IBUF_inst/O
                         net (fo=1, routed)           2.025     3.506    clk_in_IBUF
    BUFGCTRL_X0Y16       BUFG (Prop_bufg_I_O)         0.096     3.602 r  clk_in_IBUF_BUFG_inst/O
                         net (fo=63, routed)          1.722     5.325    clk_in_IBUF_BUFG
    SLICE_X7Y90          FDRE                                         r  ship_y_pos_reg[3]/C
  -------------------------------------------------------------------    -------------------
    SLICE_X7Y90          FDRE (Prop_fdre_C_Q)         0.456     5.781 r  ship_y_pos_reg[3]/Q
                         net (fo=32, routed)          1.739     7.520    add_sl/Q[2]
    SLICE_X10Y98         LUT6 (Prop_lut6_I3_O)        0.124     7.644 r  add_sl/laser_y[10]_i_7/O
                         net (fo=4, routed)           0.826     8.470    add_sl/laser_y[10]_i_7_n_0
    SLICE_X11Y98         LUT6 (Prop_lut6_I4_O)        0.124     8.594 r  add_sl/laser_y[8]_i_1/O
                         net (fo=1, routed)           0.000     8.594    add_sl/laser_y[8]_i_1_n_0
    SLICE_X11Y98         FDRE                                         r  add_sl/laser_y_reg[8]/D
  -------------------------------------------------------------------    -------------------

Slack:                    inf
  Source:                 ship_y_pos_reg[3]/C
                            (rising edge-triggered cell FDRE clocked by sys_clk_pin  {rise@0.000ns fall@5.000ns period=10.000ns})
  Destination:            add_sl/laser_y_reg[10]/D
  Path Group:             (none)
  Path Type:              Max at Slow Process Corner
  Data Path Delay:        3.254ns  (logic 0.704ns (21.632%)  route 2.550ns (78.368%))
  Logic Levels:           2  (LUT6=2)
  Clock Uncertainty:      0.025ns  ((TSJ^2 + TIJ^2)^1/2 + DJ) / 2 + PE
    Total System Jitter     (TSJ):    0.050ns
    Total Input Jitter      (TIJ):    0.000ns
    Discrete Jitter          (DJ):    0.000ns
    Phase Error              (PE):    0.000ns

    Location             Delay type                Incr(ns)  Path(ns)    Netlist Resource(s)
  -------------------------------------------------------------------    -------------------
                         (clock sys_clk_pin rise edge)
                                                      0.000     0.000 r  
    E3                                                0.000     0.000 r  clk_in (IN)
                         net (fo=0)                   0.000     0.000    clk_in
    E3                   IBUF (Prop_ibuf_I_O)         1.482     1.482 r  clk_in_IBUF_inst/O
                         net (fo=1, routed)           2.025     3.506    clk_in_IBUF
    BUFGCTRL_X0Y16       BUFG (Prop_bufg_I_O)         0.096     3.602 r  clk_in_IBUF_BUFG_inst/O
                         net (fo=63, routed)          1.722     5.325    clk_in_IBUF_BUFG
    SLICE_X7Y90          FDRE                                         r  ship_y_pos_reg[3]/C
  -------------------------------------------------------------------    -------------------
    SLICE_X7Y90          FDRE (Prop_fdre_C_Q)         0.456     5.781 r  ship_y_pos_reg[3]/Q
                         net (fo=32, routed)          1.739     7.520    add_sl/Q[2]
    SLICE_X10Y98         LUT6 (Prop_lut6_I3_O)        0.124     7.644 r  add_sl/laser_y[10]_i_7/O
                         net (fo=4, routed)           0.811     8.455    add_sl/laser_y[10]_i_7_n_0
    SLICE_X9Y98          LUT6 (Prop_lut6_I4_O)        0.124     8.579 r  add_sl/laser_y[10]_i_2/O
                         net (fo=1, routed)           0.000     8.579    add_sl/laser_y[10]_i_2_n_0
    SLICE_X9Y98          FDRE                                         r  add_sl/laser_y_reg[10]/D
  -------------------------------------------------------------------    -------------------

Slack:                    inf
  Source:                 ship_y_pos_reg[3]/C
                            (rising edge-triggered cell FDRE clocked by sys_clk_pin  {rise@0.000ns fall@5.000ns period=10.000ns})
  Destination:            add_sl/laser_y_reg[9]/D
  Path Group:             (none)
  Path Type:              Max at Slow Process Corner
  Data Path Delay:        3.124ns  (logic 0.704ns (22.534%)  route 2.420ns (77.466%))
  Logic Levels:           2  (LUT6=2)
  Clock Uncertainty:      0.025ns  ((TSJ^2 + TIJ^2)^1/2 + DJ) / 2 + PE
    Total System Jitter     (TSJ):    0.050ns
    Total Input Jitter      (TIJ):    0.000ns
    Discrete Jitter          (DJ):    0.000ns
    Phase Error              (PE):    0.000ns

    Location             Delay type                Incr(ns)  Path(ns)    Netlist Resource(s)
  -------------------------------------------------------------------    -------------------
                         (clock sys_clk_pin rise edge)
                                                      0.000     0.000 r  
    E3                                                0.000     0.000 r  clk_in (IN)
                         net (fo=0)                   0.000     0.000    clk_in
    E3                   IBUF (Prop_ibuf_I_O)         1.482     1.482 r  clk_in_IBUF_inst/O
                         net (fo=1, routed)           2.025     3.506    clk_in_IBUF
    BUFGCTRL_X0Y16       BUFG (Prop_bufg_I_O)         0.096     3.602 r  clk_in_IBUF_BUFG_inst/O
                         net (fo=63, routed)          1.722     5.325    clk_in_IBUF_BUFG
    SLICE_X7Y90          FDRE                                         r  ship_y_pos_reg[3]/C
  -------------------------------------------------------------------    -------------------
    SLICE_X7Y90          FDRE (Prop_fdre_C_Q)         0.456     5.781 r  ship_y_pos_reg[3]/Q
                         net (fo=32, routed)          1.739     7.520    add_sl/Q[2]
    SLICE_X10Y98         LUT6 (Prop_lut6_I3_O)        0.124     7.644 r  add_sl/laser_y[10]_i_7/O
                         net (fo=4, routed)           0.681     8.325    add_sl/laser_y[10]_i_7_n_0
    SLICE_X10Y98         LUT6 (Prop_lut6_I3_O)        0.124     8.449 r  add_sl/laser_y[9]_i_1/O
                         net (fo=1, routed)           0.000     8.449    add_sl/laser_y[9]_i_1_n_0
    SLICE_X10Y98         FDRE                                         r  add_sl/laser_y_reg[9]/D
  -------------------------------------------------------------------    -------------------

Slack:                    inf
  Source:                 ship_y_pos_reg[3]/C
                            (rising edge-triggered cell FDRE clocked by sys_clk_pin  {rise@0.000ns fall@5.000ns period=10.000ns})
  Destination:            add_sl/laser_y_reg[7]/D
  Path Group:             (none)
  Path Type:              Max at Slow Process Corner
  Data Path Delay:        2.864ns  (logic 0.704ns (24.580%)  route 2.160ns (75.420%))
  Logic Levels:           2  (LUT5=1 LUT6=1)
  Clock Uncertainty:      0.025ns  ((TSJ^2 + TIJ^2)^1/2 + DJ) / 2 + PE
    Total System Jitter     (TSJ):    0.050ns
    Total Input Jitter      (TIJ):    0.000ns
    Discrete Jitter          (DJ):    0.000ns
    Phase Error              (PE):    0.000ns

    Location             Delay type                Incr(ns)  Path(ns)    Netlist Resource(s)
  -------------------------------------------------------------------    -------------------
                         (clock sys_clk_pin rise edge)
                                                      0.000     0.000 r  
    E3                                                0.000     0.000 r  clk_in (IN)
                         net (fo=0)                   0.000     0.000    clk_in
    E3                   IBUF (Prop_ibuf_I_O)         1.482     1.482 r  clk_in_IBUF_inst/O
                         net (fo=1, routed)           2.025     3.506    clk_in_IBUF
    BUFGCTRL_X0Y16       BUFG (Prop_bufg_I_O)         0.096     3.602 r  clk_in_IBUF_BUFG_inst/O
                         net (fo=63, routed)          1.722     5.325    clk_in_IBUF_BUFG
    SLICE_X7Y90          FDRE                                         r  ship_y_pos_reg[3]/C
  -------------------------------------------------------------------    -------------------
    SLICE_X7Y90          FDRE (Prop_fdre_C_Q)         0.456     5.781 r  ship_y_pos_reg[3]/Q
                         net (fo=32, routed)          1.739     7.520    add_sl/Q[2]
    SLICE_X10Y98         LUT6 (Prop_lut6_I3_O)        0.124     7.644 r  add_sl/laser_y[10]_i_7/O
                         net (fo=4, routed)           0.421     8.065    add_sl/laser_y[10]_i_7_n_0
    SLICE_X11Y98         LUT5 (Prop_lut5_I4_O)        0.124     8.189 r  add_sl/laser_y[7]_i_1/O
                         net (fo=1, routed)           0.000     8.189    add_sl/laser_y[7]_i_1_n_0
    SLICE_X11Y98         FDRE                                         r  add_sl/laser_y_reg[7]/D
  -------------------------------------------------------------------    -------------------

Slack:                    inf
  Source:                 ship_y_pos_reg[3]/C
                            (rising edge-triggered cell FDRE clocked by sys_clk_pin  {rise@0.000ns fall@5.000ns period=10.000ns})
  Destination:            add_sl/laser_y_reg[4]/D
  Path Group:             (none)
  Path Type:              Max at Slow Process Corner
  Data Path Delay:        2.782ns  (logic 0.580ns (20.847%)  route 2.202ns (79.153%))
  Logic Levels:           1  (LUT6=1)
  Clock Uncertainty:      0.025ns  ((TSJ^2 + TIJ^2)^1/2 + DJ) / 2 + PE
    Total System Jitter     (TSJ):    0.050ns
    Total Input Jitter      (TIJ):    0.000ns
    Discrete Jitter          (DJ):    0.000ns
    Phase Error              (PE):    0.000ns

    Location             Delay type                Incr(ns)  Path(ns)    Netlist Resource(s)
  -------------------------------------------------------------------    -------------------
                         (clock sys_clk_pin rise edge)
                                                      0.000     0.000 r  
    E3                                                0.000     0.000 r  clk_in (IN)
                         net (fo=0)                   0.000     0.000    clk_in
    E3                   IBUF (Prop_ibuf_I_O)         1.482     1.482 r  clk_in_IBUF_inst/O
                         net (fo=1, routed)           2.025     3.506    clk_in_IBUF
    BUFGCTRL_X0Y16       BUFG (Prop_bufg_I_O)         0.096     3.602 r  clk_in_IBUF_BUFG_inst/O
                         net (fo=63, routed)          1.722     5.325    clk_in_IBUF_BUFG
    SLICE_X7Y90          FDRE                                         r  ship_y_pos_reg[3]/C
  -------------------------------------------------------------------    -------------------
    SLICE_X7Y90          FDRE (Prop_fdre_C_Q)         0.456     5.781 r  ship_y_pos_reg[3]/Q
                         net (fo=32, routed)          2.202     7.983    add_sl/Q[2]
    SLICE_X12Y95         LUT6 (Prop_lut6_I5_O)        0.124     8.107 r  add_sl/laser_y[4]_i_1/O
                         net (fo=1, routed)           0.000     8.107    add_sl/laser_y[4]_i_1_n_0
    SLICE_X12Y95         FDRE                                         r  add_sl/laser_y_reg[4]/D
  -------------------------------------------------------------------    -------------------





Min Delay Paths
--------------------------------------------------------------------------------------
Slack:                    inf
  Source:                 shippos_reg[4]/C
                            (rising edge-triggered cell FDRE clocked by sys_clk_pin  {rise@0.000ns fall@5.000ns period=10.000ns})
  Destination:            add_sl/laser_x_reg[4]/D
  Path Group:             (none)
  Path Type:              Min at Fast Process Corner
  Data Path Delay:        0.278ns  (logic 0.141ns (50.683%)  route 0.137ns (49.317%))
  Logic Levels:           0  
  Clock Uncertainty:      0.025ns  ((TSJ^2 + TIJ^2)^1/2 + DJ) / 2 + PE
    Total System Jitter     (TSJ):    0.050ns
    Total Input Jitter      (TIJ):    0.000ns
    Discrete Jitter          (DJ):    0.000ns
    Phase Error              (PE):    0.000ns

    Location             Delay type                Incr(ns)  Path(ns)    Netlist Resource(s)
  -------------------------------------------------------------------    -------------------
                         (clock sys_clk_pin rise edge)
                                                      0.000     0.000 r  
    E3                                                0.000     0.000 r  clk_in (IN)
                         net (fo=0)                   0.000     0.000    clk_in
    E3                   IBUF (Prop_ibuf_I_O)         0.250     0.250 r  clk_in_IBUF_inst/O
                         net (fo=1, routed)           0.644     0.894    clk_in_IBUF
    BUFGCTRL_X0Y16       BUFG (Prop_bufg_I_O)         0.026     0.920 r  clk_in_IBUF_BUFG_inst/O
                         net (fo=63, routed)          0.604     1.523    clk_in_IBUF_BUFG
    SLICE_X5Y98          FDRE                                         r  shippos_reg[4]/C
  -------------------------------------------------------------------    -------------------
    SLICE_X5Y98          FDRE (Prop_fdre_C_Q)         0.141     1.664 r  shippos_reg[4]/Q
                         net (fo=6, routed)           0.137     1.802    add_sl/laser_x_reg[10]_0[4]
    SLICE_X2Y97          FDRE                                         r  add_sl/laser_x_reg[4]/D
  -------------------------------------------------------------------    -------------------

Slack:                    inf
  Source:                 shippos_reg[1]/C
                            (rising edge-triggered cell FDRE clocked by sys_clk_pin  {rise@0.000ns fall@5.000ns period=10.000ns})
  Destination:            add_sl/laser_x_reg[1]/D
  Path Group:             (none)
  Path Type:              Min at Fast Process Corner
  Data Path Delay:        0.290ns  (logic 0.141ns (48.547%)  route 0.149ns (51.453%))
  Logic Levels:           0  
  Clock Uncertainty:      0.025ns  ((TSJ^2 + TIJ^2)^1/2 + DJ) / 2 + PE
    Total System Jitter     (TSJ):    0.050ns
    Total Input Jitter      (TIJ):    0.000ns
    Discrete Jitter          (DJ):    0.000ns
    Phase Error              (PE):    0.000ns

    Location             Delay type                Incr(ns)  Path(ns)    Netlist Resource(s)
  -------------------------------------------------------------------    -------------------
                         (clock sys_clk_pin rise edge)
                                                      0.000     0.000 r  
    E3                                                0.000     0.000 r  clk_in (IN)
                         net (fo=0)                   0.000     0.000    clk_in
    E3                   IBUF (Prop_ibuf_I_O)         0.250     0.250 r  clk_in_IBUF_inst/O
                         net (fo=1, routed)           0.644     0.894    clk_in_IBUF
    BUFGCTRL_X0Y16       BUFG (Prop_bufg_I_O)         0.026     0.920 r  clk_in_IBUF_BUFG_inst/O
                         net (fo=63, routed)          0.603     1.522    clk_in_IBUF_BUFG
    SLICE_X5Y96          FDRE                                         r  shippos_reg[1]/C
  -------------------------------------------------------------------    -------------------
    SLICE_X5Y96          FDRE (Prop_fdre_C_Q)         0.141     1.663 r  shippos_reg[1]/Q
                         net (fo=9, routed)           0.149     1.813    add_sl/laser_x_reg[10]_0[1]
    SLICE_X2Y97          FDRE                                         r  add_sl/laser_x_reg[1]/D
  -------------------------------------------------------------------    -------------------

Slack:                    inf
  Source:                 shippos_reg[5]/C
                            (rising edge-triggered cell FDRE clocked by sys_clk_pin  {rise@0.000ns fall@5.000ns period=10.000ns})
  Destination:            add_sl/laser_x_reg[5]/D
  Path Group:             (none)
  Path Type:              Min at Fast Process Corner
  Data Path Delay:        0.314ns  (logic 0.141ns (44.861%)  route 0.173ns (55.139%))
  Logic Levels:           0  
  Clock Uncertainty:      0.025ns  ((TSJ^2 + TIJ^2)^1/2 + DJ) / 2 + PE
    Total System Jitter     (TSJ):    0.050ns
    Total Input Jitter      (TIJ):    0.000ns
    Discrete Jitter          (DJ):    0.000ns
    Phase Error              (PE):    0.000ns

    Location             Delay type                Incr(ns)  Path(ns)    Netlist Resource(s)
  -------------------------------------------------------------------    -------------------
                         (clock sys_clk_pin rise edge)
                                                      0.000     0.000 r  
    E3                                                0.000     0.000 r  clk_in (IN)
                         net (fo=0)                   0.000     0.000    clk_in
    E3                   IBUF (Prop_ibuf_I_O)         0.250     0.250 r  clk_in_IBUF_inst/O
                         net (fo=1, routed)           0.644     0.894    clk_in_IBUF
    BUFGCTRL_X0Y16       BUFG (Prop_bufg_I_O)         0.026     0.920 r  clk_in_IBUF_BUFG_inst/O
                         net (fo=63, routed)          0.604     1.523    clk_in_IBUF_BUFG
    SLICE_X3Y96          FDRE                                         r  shippos_reg[5]/C
  -------------------------------------------------------------------    -------------------
    SLICE_X3Y96          FDRE (Prop_fdre_C_Q)         0.141     1.664 r  shippos_reg[5]/Q
                         net (fo=4, routed)           0.173     1.838    add_sl/laser_x_reg[10]_0[5]
    SLICE_X1Y98          FDRE                                         r  add_sl/laser_x_reg[5]/D
  -------------------------------------------------------------------    -------------------

Slack:                    inf
  Source:                 shippos_reg[3]/C
                            (rising edge-triggered cell FDRE clocked by sys_clk_pin  {rise@0.000ns fall@5.000ns period=10.000ns})
  Destination:            add_sl/laser_x_reg[3]/D
  Path Group:             (none)
  Path Type:              Min at Fast Process Corner
  Data Path Delay:        0.410ns  (logic 0.141ns (34.391%)  route 0.269ns (65.609%))
  Logic Levels:           0  
  Clock Uncertainty:      0.025ns  ((TSJ^2 + TIJ^2)^1/2 + DJ) / 2 + PE
    Total System Jitter     (TSJ):    0.050ns
    Total Input Jitter      (TIJ):    0.000ns
    Discrete Jitter          (DJ):    0.000ns
    Phase Error              (PE):    0.000ns

    Location             Delay type                Incr(ns)  Path(ns)    Netlist Resource(s)
  -------------------------------------------------------------------    -------------------
                         (clock sys_clk_pin rise edge)
                                                      0.000     0.000 r  
    E3                                                0.000     0.000 r  clk_in (IN)
                         net (fo=0)                   0.000     0.000    clk_in
    E3                   IBUF (Prop_ibuf_I_O)         0.250     0.250 r  clk_in_IBUF_inst/O
                         net (fo=1, routed)           0.644     0.894    clk_in_IBUF
    BUFGCTRL_X0Y16       BUFG (Prop_bufg_I_O)         0.026     0.920 r  clk_in_IBUF_BUFG_inst/O
                         net (fo=63, routed)          0.602     1.521    clk_in_IBUF_BUFG
    SLICE_X4Y92          FDRE                                         r  shippos_reg[3]/C
  -------------------------------------------------------------------    -------------------
    SLICE_X4Y92          FDRE (Prop_fdre_C_Q)         0.141     1.662 r  shippos_reg[3]/Q
                         net (fo=3, routed)           0.269     1.931    add_sl/laser_x_reg[10]_0[3]
    SLICE_X2Y97          FDRE                                         r  add_sl/laser_x_reg[3]/D
  -------------------------------------------------------------------    -------------------

Slack:                    inf
  Source:                 shippos_reg[0]/C
                            (rising edge-triggered cell FDRE clocked by sys_clk_pin  {rise@0.000ns fall@5.000ns period=10.000ns})
  Destination:            add_sl/laser_x_reg[0]/D
  Path Group:             (none)
  Path Type:              Min at Fast Process Corner
  Data Path Delay:        0.429ns  (logic 0.141ns (32.865%)  route 0.288ns (67.135%))
  Logic Levels:           0  
  Clock Uncertainty:      0.025ns  ((TSJ^2 + TIJ^2)^1/2 + DJ) / 2 + PE
    Total System Jitter     (TSJ):    0.050ns
    Total Input Jitter      (TIJ):    0.000ns
    Discrete Jitter          (DJ):    0.000ns
    Phase Error              (PE):    0.000ns

    Location             Delay type                Incr(ns)  Path(ns)    Netlist Resource(s)
  -------------------------------------------------------------------    -------------------
                         (clock sys_clk_pin rise edge)
                                                      0.000     0.000 r  
    E3                                                0.000     0.000 r  clk_in (IN)
                         net (fo=0)                   0.000     0.000    clk_in
    E3                   IBUF (Prop_ibuf_I_O)         0.250     0.250 r  clk_in_IBUF_inst/O
                         net (fo=1, routed)           0.644     0.894    clk_in_IBUF
    BUFGCTRL_X0Y16       BUFG (Prop_bufg_I_O)         0.026     0.920 r  clk_in_IBUF_BUFG_inst/O
                         net (fo=63, routed)          0.603     1.522    clk_in_IBUF_BUFG
    SLICE_X5Y95          FDRE                                         r  shippos_reg[0]/C
  -------------------------------------------------------------------    -------------------
    SLICE_X5Y95          FDRE (Prop_fdre_C_Q)         0.141     1.663 r  shippos_reg[0]/Q
                         net (fo=23, routed)          0.288     1.951    add_sl/laser_x_reg[10]_0[0]
    SLICE_X1Y98          FDRE                                         r  add_sl/laser_x_reg[0]/D
  -------------------------------------------------------------------    -------------------

Slack:                    inf
  Source:                 shippos_reg[2]/C
                            (rising edge-triggered cell FDRE clocked by sys_clk_pin  {rise@0.000ns fall@5.000ns period=10.000ns})
  Destination:            add_sl/laser_x_reg[2]/D
  Path Group:             (none)
  Path Type:              Min at Fast Process Corner
  Data Path Delay:        0.456ns  (logic 0.141ns (30.902%)  route 0.315ns (69.098%))
  Logic Levels:           0  
  Clock Uncertainty:      0.025ns  ((TSJ^2 + TIJ^2)^1/2 + DJ) / 2 + PE
    Total System Jitter     (TSJ):    0.050ns
    Total Input Jitter      (TIJ):    0.000ns
    Discrete Jitter          (DJ):    0.000ns
    Phase Error              (PE):    0.000ns

    Location             Delay type                Incr(ns)  Path(ns)    Netlist Resource(s)
  -------------------------------------------------------------------    -------------------
                         (clock sys_clk_pin rise edge)
                                                      0.000     0.000 r  
    E3                                                0.000     0.000 r  clk_in (IN)
                         net (fo=0)                   0.000     0.000    clk_in
    E3                   IBUF (Prop_ibuf_I_O)         0.250     0.250 r  clk_in_IBUF_inst/O
                         net (fo=1, routed)           0.644     0.894    clk_in_IBUF
    BUFGCTRL_X0Y16       BUFG (Prop_bufg_I_O)         0.026     0.920 r  clk_in_IBUF_BUFG_inst/O
                         net (fo=63, routed)          0.602     1.521    clk_in_IBUF_BUFG
    SLICE_X5Y90          FDRE                                         r  shippos_reg[2]/C
  -------------------------------------------------------------------    -------------------
    SLICE_X5Y90          FDRE (Prop_fdre_C_Q)         0.141     1.662 r  shippos_reg[2]/Q
                         net (fo=4, routed)           0.315     1.978    add_sl/laser_x_reg[10]_0[2]
    SLICE_X2Y97          FDRE                                         r  add_sl/laser_x_reg[2]/D
  -------------------------------------------------------------------    -------------------

Slack:                    inf
  Source:                 shippos_reg[8]/C
                            (rising edge-triggered cell FDRE clocked by sys_clk_pin  {rise@0.000ns fall@5.000ns period=10.000ns})
  Destination:            add_sl/laser_x_reg[8]/D
  Path Group:             (none)
  Path Type:              Min at Fast Process Corner
  Data Path Delay:        0.463ns  (logic 0.141ns (30.433%)  route 0.322ns (69.567%))
  Logic Levels:           0  
  Clock Uncertainty:      0.025ns  ((TSJ^2 + TIJ^2)^1/2 + DJ) / 2 + PE
    Total System Jitter     (TSJ):    0.050ns
    Total Input Jitter      (TIJ):    0.000ns
    Discrete Jitter          (DJ):    0.000ns
    Phase Error              (PE):    0.000ns

    Location             Delay type                Incr(ns)  Path(ns)    Netlist Resource(s)
  -------------------------------------------------------------------    -------------------
                         (clock sys_clk_pin rise edge)
                                                      0.000     0.000 r  
    E3                                                0.000     0.000 r  clk_in (IN)
                         net (fo=0)                   0.000     0.000    clk_in
    E3                   IBUF (Prop_ibuf_I_O)         0.250     0.250 r  clk_in_IBUF_inst/O
                         net (fo=1, routed)           0.644     0.894    clk_in_IBUF
    BUFGCTRL_X0Y16       BUFG (Prop_bufg_I_O)         0.026     0.920 r  clk_in_IBUF_BUFG_inst/O
                         net (fo=63, routed)          0.604     1.523    clk_in_IBUF_BUFG
    SLICE_X4Y98          FDRE                                         r  shippos_reg[8]/C
  -------------------------------------------------------------------    -------------------
    SLICE_X4Y98          FDRE (Prop_fdre_C_Q)         0.141     1.664 r  shippos_reg[8]/Q
                         net (fo=25, routed)          0.322     1.987    add_sl/laser_x_reg[10]_0[8]
    SLICE_X2Y99          FDRE                                         r  add_sl/laser_x_reg[8]/D
  -------------------------------------------------------------------    -------------------

Slack:                    inf
  Source:                 shippos_reg[6]/C
                            (rising edge-triggered cell FDRE clocked by sys_clk_pin  {rise@0.000ns fall@5.000ns period=10.000ns})
  Destination:            add_sl/laser_x_reg[6]/D
  Path Group:             (none)
  Path Type:              Min at Fast Process Corner
  Data Path Delay:        0.469ns  (logic 0.141ns (30.087%)  route 0.328ns (69.913%))
  Logic Levels:           0  
  Clock Uncertainty:      0.025ns  ((TSJ^2 + TIJ^2)^1/2 + DJ) / 2 + PE
    Total System Jitter     (TSJ):    0.050ns
    Total Input Jitter      (TIJ):    0.000ns
    Discrete Jitter          (DJ):    0.000ns
    Phase Error              (PE):    0.000ns

    Location             Delay type                Incr(ns)  Path(ns)    Netlist Resource(s)
  -------------------------------------------------------------------    -------------------
                         (clock sys_clk_pin rise edge)
                                                      0.000     0.000 r  
    E3                                                0.000     0.000 r  clk_in (IN)
                         net (fo=0)                   0.000     0.000    clk_in
    E3                   IBUF (Prop_ibuf_I_O)         0.250     0.250 r  clk_in_IBUF_inst/O
                         net (fo=1, routed)           0.644     0.894    clk_in_IBUF
    BUFGCTRL_X0Y16       BUFG (Prop_bufg_I_O)         0.026     0.920 r  clk_in_IBUF_BUFG_inst/O
                         net (fo=63, routed)          0.604     1.523    clk_in_IBUF_BUFG
    SLICE_X1Y95          FDRE                                         r  shippos_reg[6]/C
  -------------------------------------------------------------------    -------------------
    SLICE_X1Y95          FDRE (Prop_fdre_C_Q)         0.141     1.664 r  shippos_reg[6]/Q
                         net (fo=23, routed)          0.328     1.992    add_sl/laser_x_reg[10]_0[6]
    SLICE_X2Y97          FDRE                                         r  add_sl/laser_x_reg[6]/D
  -------------------------------------------------------------------    -------------------

Slack:                    inf
  Source:                 shippos_reg[10]/C
                            (rising edge-triggered cell FDRE clocked by sys_clk_pin  {rise@0.000ns fall@5.000ns period=10.000ns})
  Destination:            add_sl/laser_x_reg[10]/D
  Path Group:             (none)
  Path Type:              Min at Fast Process Corner
  Data Path Delay:        0.548ns  (logic 0.164ns (29.948%)  route 0.384ns (70.052%))
  Logic Levels:           0  
  Clock Uncertainty:      0.025ns  ((TSJ^2 + TIJ^2)^1/2 + DJ) / 2 + PE
    Total System Jitter     (TSJ):    0.050ns
    Total Input Jitter      (TIJ):    0.000ns
    Discrete Jitter          (DJ):    0.000ns
    Phase Error              (PE):    0.000ns

    Location             Delay type                Incr(ns)  Path(ns)    Netlist Resource(s)
  -------------------------------------------------------------------    -------------------
                         (clock sys_clk_pin rise edge)
                                                      0.000     0.000 r  
    E3                                                0.000     0.000 r  clk_in (IN)
                         net (fo=0)                   0.000     0.000    clk_in
    E3                   IBUF (Prop_ibuf_I_O)         0.250     0.250 r  clk_in_IBUF_inst/O
                         net (fo=1, routed)           0.644     0.894    clk_in_IBUF
    BUFGCTRL_X0Y16       BUFG (Prop_bufg_I_O)         0.026     0.920 r  clk_in_IBUF_BUFG_inst/O
                         net (fo=63, routed)          0.603     1.522    clk_in_IBUF_BUFG
    SLICE_X6Y95          FDRE                                         r  shippos_reg[10]/C
  -------------------------------------------------------------------    -------------------
    SLICE_X6Y95          FDRE (Prop_fdre_C_Q)         0.164     1.686 r  shippos_reg[10]/Q
                         net (fo=13, routed)          0.384     2.070    add_sl/laser_x_reg[10]_0[10]
    SLICE_X1Y98          FDRE                                         r  add_sl/laser_x_reg[10]/D
  -------------------------------------------------------------------    -------------------

Slack:                    inf
  Source:                 shippos_reg[7]/C
                            (rising edge-triggered cell FDRE clocked by sys_clk_pin  {rise@0.000ns fall@5.000ns period=10.000ns})
  Destination:            add_sl/laser_x_reg[7]/D
  Path Group:             (none)
  Path Type:              Min at Fast Process Corner
  Data Path Delay:        0.609ns  (logic 0.141ns (23.149%)  route 0.468ns (76.851%))
  Logic Levels:           0  
  Clock Uncertainty:      0.025ns  ((TSJ^2 + TIJ^2)^1/2 + DJ) / 2 + PE
    Total System Jitter     (TSJ):    0.050ns
    Total Input Jitter      (TIJ):    0.000ns
    Discrete Jitter          (DJ):    0.000ns
    Phase Error              (PE):    0.000ns

    Location             Delay type                Incr(ns)  Path(ns)    Netlist Resource(s)
  -------------------------------------------------------------------    -------------------
                         (clock sys_clk_pin rise edge)
                                                      0.000     0.000 r  
    E3                                                0.000     0.000 r  clk_in (IN)
                         net (fo=0)                   0.000     0.000    clk_in
    E3                   IBUF (Prop_ibuf_I_O)         0.250     0.250 r  clk_in_IBUF_inst/O
                         net (fo=1, routed)           0.644     0.894    clk_in_IBUF
    BUFGCTRL_X0Y16       BUFG (Prop_bufg_I_O)         0.026     0.920 r  clk_in_IBUF_BUFG_inst/O
                         net (fo=63, routed)          0.603     1.522    clk_in_IBUF_BUFG
    SLICE_X3Y91          FDRE                                         r  shippos_reg[7]/C
  -------------------------------------------------------------------    -------------------
    SLICE_X3Y91          FDRE (Prop_fdre_C_Q)         0.141     1.663 r  shippos_reg[7]/Q
                         net (fo=23, routed)          0.468     2.131    add_sl/laser_x_reg[10]_0[7]
    SLICE_X2Y97          FDRE                                         r  add_sl/laser_x_reg[7]/D
  -------------------------------------------------------------------    -------------------





--------------------------------------------------------------------------------------
Path Group:  (none)
From Clock:  
  To Clock:  clk_out1_clk_wiz_0

Max Delay             1 Endpoint
Min Delay             1 Endpoint
--------------------------------------------------------------------------------------


Max Delay Paths
--------------------------------------------------------------------------------------
Slack:                    inf
  Source:                 add_sl/laser_x_reg[6]/C
                            (rising edge-triggered cell FDRE)
  Destination:            vga_driver/red_out_reg[3]/D
                            (rising edge-triggered cell FDRE clocked by clk_out1_clk_wiz_0  {rise@0.000ns fall@12.469ns period=24.938ns})
  Path Group:             (none)
  Path Type:              Setup (Max at Slow Process Corner)
  Data Path Delay:        6.092ns  (logic 1.801ns (29.563%)  route 4.291ns (70.437%))
  Logic Levels:           6  (CARRY4=1 FDRE=1 LUT5=1 LUT6=3)
  Clock Uncertainty:      0.178ns  ((TSJ^2 + DJ^2)^1/2) / 2 + PE
    Total System Jitter     (TSJ):    0.050ns
    Discrete Jitter          (DJ):    0.152ns
    Phase Error              (PE):    0.098ns

    Location             Delay type                Incr(ns)  Path(ns)    Netlist Resource(s)
  -------------------------------------------------------------------    -------------------
    SLICE_X2Y97          FDRE                         0.000     0.000 r  add_sl/laser_x_reg[6]/C
    SLICE_X2Y97          FDRE (Prop_fdre_C_Q)         0.478     0.478 r  add_sl/laser_x_reg[6]/Q
                         net (fo=7, routed)           1.189     1.667    add_sl/laser_x[6]
    SLICE_X1Y98          LUT6 (Prop_lut6_I2_O)        0.301     1.968 r  add_sl/geqOp_carry__0_i_5/O
                         net (fo=4, routed)           1.125     3.093    add_sl/geqOp_carry__0_i_5_n_0
    SLICE_X4Y98          LUT6 (Prop_lut6_I3_O)        0.124     3.217 r  add_sl/geqOp_carry__0_i_1/O
                         net (fo=1, routed)           0.338     3.555    add_sl/geqOp_carry__0_i_1_n_0
    SLICE_X3Y98          CARRY4 (Prop_carry4_DI[1]_CO[1])
                                                      0.445     4.000 r  add_sl/geqOp_carry__0/CO[1]
                         net (fo=1, routed)           0.805     4.805    add_sl/geqOp2_in
    SLICE_X1Y98          LUT5 (Prop_lut5_I4_O)        0.329     5.134 f  add_sl/red_out[3]_i_3/O
                         net (fo=1, routed)           0.834     5.968    add_sl/red_out[3]_i_3_n_0
    SLICE_X9Y99          LUT6 (Prop_lut6_I5_O)        0.124     6.092 r  add_sl/red_out[3]_i_1/O
                         net (fo=1, routed)           0.000     6.092    vga_driver/red_out_reg[3]_0
    SLICE_X9Y99          FDRE                                         r  vga_driver/red_out_reg[3]/D
  -------------------------------------------------------------------    -------------------

                         (clock clk_out1_clk_wiz_0 rise edge)
                                                      0.000     0.000 r  
    E3                                                0.000     0.000 r  clk_in (IN)
                         net (fo=0)                   0.000     0.000    clk_in
    E3                   IBUF (Prop_ibuf_I_O)         1.411     1.411 r  clk_in_IBUF_inst/O
                         net (fo=1, routed)           1.920     3.331    clk_in_IBUF
    BUFGCTRL_X0Y16       BUFG (Prop_bufg_I_O)         0.091     3.422 r  clk_in_IBUF_BUFG_inst/O
                         net (fo=63, routed)          1.683     5.105    clk_wiz_0_inst/U0/clk_in1
    MMCME2_ADV_X0Y0      MMCME2_ADV (Prop_mmcme2_adv_CLKIN1_CLKOUT0)
                                                     -3.694     1.411 r  clk_wiz_0_inst/U0/mmcm_adv_inst/CLKOUT0
                         net (fo=1, routed)           1.923     3.334    clk_wiz_0_inst/U0/clk_out1_clk_wiz_0
    BUFGCTRL_X0Y0        BUFG (Prop_bufg_I_O)         0.091     3.425 r  clk_wiz_0_inst/U0/clkout1_buf/O
                         net (fo=50, routed)          1.522     4.948    vga_driver/CLK
    SLICE_X9Y99          FDRE                                         r  vga_driver/red_out_reg[3]/C





Min Delay Paths
--------------------------------------------------------------------------------------
Slack:                    inf
  Source:                 add_sl/laser_x_reg[5]/C
                            (rising edge-triggered cell FDRE)
  Destination:            vga_driver/red_out_reg[3]/D
                            (rising edge-triggered cell FDRE clocked by clk_out1_clk_wiz_0  {rise@0.000ns fall@12.469ns period=24.938ns})
  Path Group:             (none)
  Path Type:              Hold (Min at Fast Process Corner)
  Data Path Delay:        0.800ns  (logic 0.231ns (28.877%)  route 0.569ns (71.123%))
  Logic Levels:           3  (FDRE=1 LUT5=1 LUT6=1)
  Clock Uncertainty:      0.178ns  ((TSJ^2 + DJ^2)^1/2) / 2 + PE
    Total System Jitter     (TSJ):    0.050ns
    Discrete Jitter          (DJ):    0.152ns
    Phase Error              (PE):    0.098ns

    Location             Delay type                Incr(ns)  Path(ns)    Netlist Resource(s)
  -------------------------------------------------------------------    -------------------
    SLICE_X1Y98          FDRE                         0.000     0.000 r  add_sl/laser_x_reg[5]/C
    SLICE_X1Y98          FDRE (Prop_fdre_C_Q)         0.141     0.141 f  add_sl/laser_x_reg[5]/Q
                         net (fo=9, routed)           0.242     0.383    add_sl/laser_x[5]
    SLICE_X1Y98          LUT5 (Prop_lut5_I3_O)        0.045     0.428 f  add_sl/red_out[3]_i_3/O
                         net (fo=1, routed)           0.327     0.755    add_sl/red_out[3]_i_3_n_0
    SLICE_X9Y99          LUT6 (Prop_lut6_I5_O)        0.045     0.800 r  add_sl/red_out[3]_i_1/O
                         net (fo=1, routed)           0.000     0.800    vga_driver/red_out_reg[3]_0
    SLICE_X9Y99          FDRE                                         r  vga_driver/red_out_reg[3]/D
  -------------------------------------------------------------------    -------------------

                         (clock clk_out1_clk_wiz_0 rise edge)
                                                      0.000     0.000 r  
    E3                                                0.000     0.000 r  clk_in (IN)
                         net (fo=0)                   0.000     0.000    clk_in
    E3                   IBUF (Prop_ibuf_I_O)         0.438     0.438 r  clk_in_IBUF_inst/O
                         net (fo=1, routed)           0.699     1.136    clk_in_IBUF
    BUFGCTRL_X0Y16       BUFG (Prop_bufg_I_O)         0.029     1.165 r  clk_in_IBUF_BUFG_inst/O
                         net (fo=63, routed)          0.898     2.063    clk_wiz_0_inst/U0/clk_in1
    MMCME2_ADV_X0Y0      MMCME2_ADV (Prop_mmcme2_adv_CLKIN1_CLKOUT0)
                                                     -1.625     0.438 r  clk_wiz_0_inst/U0/mmcm_adv_inst/CLKOUT0
                         net (fo=1, routed)           0.700     1.138    clk_wiz_0_inst/U0/clk_out1_clk_wiz_0
    BUFGCTRL_X0Y0        BUFG (Prop_bufg_I_O)         0.029     1.167 r  clk_wiz_0_inst/U0/clkout1_buf/O
                         net (fo=50, routed)          0.845     2.012    vga_driver/CLK
    SLICE_X9Y99          FDRE                                         r  vga_driver/red_out_reg[3]/C





--------------------------------------------------------------------------------------
Path Group:  (none)
From Clock:  
  To Clock:  sys_clk_pin

Max Delay            73 Endpoints
Min Delay            73 Endpoints
--------------------------------------------------------------------------------------


Max Delay Paths
--------------------------------------------------------------------------------------
Slack:                    inf
  Source:                 btnl
                            (input port)
  Destination:            shippos_reg[8]/D
                            (rising edge-triggered cell FDRE clocked by sys_clk_pin  {rise@0.000ns fall@5.000ns period=10.000ns})
  Path Group:             (none)
  Path Type:              Setup (Max at Slow Process Corner)
  Data Path Delay:        6.036ns  (logic 2.352ns (38.966%)  route 3.684ns (61.034%))
  Logic Levels:           5  (CARRY4=3 IBUF=1 LUT6=1)
  Clock Path Skew:        5.027ns (DCD - SCD + CPR)
    Destination Clock Delay (DCD):    5.027ns
    Source Clock Delay      (SCD):    0.000ns
    Clock Pessimism Removal (CPR):    0.000ns
  Clock Uncertainty:      0.025ns  ((TSJ^2 + TIJ^2)^1/2 + DJ) / 2 + PE
    Total System Jitter     (TSJ):    0.050ns
    Total Input Jitter      (TIJ):    0.000ns
    Discrete Jitter          (DJ):    0.000ns
    Phase Error              (PE):    0.000ns

    Location             Delay type                Incr(ns)  Path(ns)    Netlist Resource(s)
  -------------------------------------------------------------------    -------------------
    P17                                               0.000     0.000 r  btnl (IN)
                         net (fo=0)                   0.000     0.000    btnl
    P17                  IBUF (Prop_ibuf_I_O)         1.488     1.488 r  btnl_IBUF_inst/O
                         net (fo=5, routed)           1.954     3.442    btnl_IBUF
    SLICE_X6Y91          LUT6 (Prop_lut6_I4_O)        0.124     3.566 r  shippos[3]_i_2/O
                         net (fo=1, routed)           0.738     4.303    shippos1
    SLICE_X6Y93          CARRY4 (Prop_carry4_DI[2]_CO[3])
                                                      0.404     4.707 r  shippos_reg[3]_i_1/CO[3]
                         net (fo=1, routed)           0.000     4.707    shippos_reg[3]_i_1_n_0
    SLICE_X6Y94          CARRY4 (Prop_carry4_CI_CO[3])
                                                      0.117     4.824 r  shippos_reg[7]_i_1/CO[3]
                         net (fo=1, routed)           0.000     4.824    shippos_reg[7]_i_1_n_0
    SLICE_X6Y95          CARRY4 (Prop_carry4_CI_O[0])
                                                      0.219     5.043 r  shippos_reg[10]_i_2/O[0]
                         net (fo=1, routed)           0.992     6.036    shippos_reg[10]_i_2_n_7
    SLICE_X4Y98          FDRE                                         r  shippos_reg[8]/D
  -------------------------------------------------------------------    -------------------

                         (clock sys_clk_pin rise edge)
                                                      0.000     0.000 r  
    E3                                                0.000     0.000 r  clk_in (IN)
                         net (fo=0)                   0.000     0.000    clk_in
    E3                   IBUF (Prop_ibuf_I_O)         1.411     1.411 r  clk_in_IBUF_inst/O
                         net (fo=1, routed)           1.920     3.331    clk_in_IBUF
    BUFGCTRL_X0Y16       BUFG (Prop_bufg_I_O)         0.091     3.422 r  clk_in_IBUF_BUFG_inst/O
                         net (fo=63, routed)          1.604     5.027    clk_in_IBUF_BUFG
    SLICE_X4Y98          FDRE                                         r  shippos_reg[8]/C

Slack:                    inf
  Source:                 btnl
                            (input port)
  Destination:            shippos_reg[4]/D
                            (rising edge-triggered cell FDRE clocked by sys_clk_pin  {rise@0.000ns fall@5.000ns period=10.000ns})
  Path Group:             (none)
  Path Type:              Setup (Max at Slow Process Corner)
  Data Path Delay:        5.844ns  (logic 2.235ns (38.242%)  route 3.609ns (61.758%))
  Logic Levels:           4  (CARRY4=2 IBUF=1 LUT6=1)
  Clock Path Skew:        5.027ns (DCD - SCD + CPR)
    Destination Clock Delay (DCD):    5.027ns
    Source Clock Delay      (SCD):    0.000ns
    Clock Pessimism Removal (CPR):    0.000ns
  Clock Uncertainty:      0.025ns  ((TSJ^2 + TIJ^2)^1/2 + DJ) / 2 + PE
    Total System Jitter     (TSJ):    0.050ns
    Total Input Jitter      (TIJ):    0.000ns
    Discrete Jitter          (DJ):    0.000ns
    Phase Error              (PE):    0.000ns

    Location             Delay type                Incr(ns)  Path(ns)    Netlist Resource(s)
  -------------------------------------------------------------------    -------------------
    P17                                               0.000     0.000 r  btnl (IN)
                         net (fo=0)                   0.000     0.000    btnl
    P17                  IBUF (Prop_ibuf_I_O)         1.488     1.488 r  btnl_IBUF_inst/O
                         net (fo=5, routed)           1.954     3.442    btnl_IBUF
    SLICE_X6Y91          LUT6 (Prop_lut6_I4_O)        0.124     3.566 r  shippos[3]_i_2/O
                         net (fo=1, routed)           0.738     4.303    shippos1
    SLICE_X6Y93          CARRY4 (Prop_carry4_DI[2]_CO[3])
                                                      0.404     4.707 r  shippos_reg[3]_i_1/CO[3]
                         net (fo=1, routed)           0.000     4.707    shippos_reg[3]_i_1_n_0
    SLICE_X6Y94          CARRY4 (Prop_carry4_CI_O[0])
                                                      0.219     4.926 r  shippos_reg[7]_i_1/O[0]
                         net (fo=2, routed)           0.918     5.844    shippos_reg[7]_i_1_n_7
    SLICE_X5Y98          FDRE                                         r  shippos_reg[4]/D
  -------------------------------------------------------------------    -------------------

                         (clock sys_clk_pin rise edge)
                                                      0.000     0.000 r  
    E3                                                0.000     0.000 r  clk_in (IN)
                         net (fo=0)                   0.000     0.000    clk_in
    E3                   IBUF (Prop_ibuf_I_O)         1.411     1.411 r  clk_in_IBUF_inst/O
                         net (fo=1, routed)           1.920     3.331    clk_in_IBUF
    BUFGCTRL_X0Y16       BUFG (Prop_bufg_I_O)         0.091     3.422 r  clk_in_IBUF_BUFG_inst/O
                         net (fo=63, routed)          1.604     5.027    clk_in_IBUF_BUFG
    SLICE_X5Y98          FDRE                                         r  shippos_reg[4]/C

Slack:                    inf
  Source:                 btnl
                            (input port)
  Destination:            shippos_reg[3]_replica_1/D
                            (rising edge-triggered cell FDRE clocked by sys_clk_pin  {rise@0.000ns fall@5.000ns period=10.000ns})
  Path Group:             (none)
  Path Type:              Setup (Max at Slow Process Corner)
  Data Path Delay:        5.800ns  (logic 2.059ns (35.501%)  route 3.741ns (64.499%))
  Logic Levels:           3  (CARRY4=1 IBUF=1 LUT6=1)
  Clock Path Skew:        4.947ns (DCD - SCD + CPR)
    Destination Clock Delay (DCD):    4.947ns
    Source Clock Delay      (SCD):    0.000ns
    Clock Pessimism Removal (CPR):    0.000ns
  Clock Uncertainty:      0.025ns  ((TSJ^2 + TIJ^2)^1/2 + DJ) / 2 + PE
    Total System Jitter     (TSJ):    0.050ns
    Total Input Jitter      (TIJ):    0.000ns
    Discrete Jitter          (DJ):    0.000ns
    Phase Error              (PE):    0.000ns

    Location             Delay type                Incr(ns)  Path(ns)    Netlist Resource(s)
  -------------------------------------------------------------------    -------------------
    P17                                               0.000     0.000 r  btnl (IN)
                         net (fo=0)                   0.000     0.000    btnl
    P17                  IBUF (Prop_ibuf_I_O)         1.488     1.488 r  btnl_IBUF_inst/O
                         net (fo=5, routed)           1.954     3.442    btnl_IBUF
    SLICE_X6Y91          LUT6 (Prop_lut6_I4_O)        0.124     3.566 r  shippos[3]_i_2/O
                         net (fo=1, routed)           0.738     4.303    shippos1
    SLICE_X6Y93          CARRY4 (Prop_carry4_DI[2]_O[3])
                                                      0.447     4.750 r  shippos_reg[3]_i_1/O[3]
                         net (fo=4, routed)           1.049     5.800    shippos_reg[3]_i_1_n_4
    SLICE_X9Y94          FDRE                                         r  shippos_reg[3]_replica_1/D
  -------------------------------------------------------------------    -------------------

                         (clock sys_clk_pin rise edge)
                                                      0.000     0.000 r  
    E3                                                0.000     0.000 r  clk_in (IN)
                         net (fo=0)                   0.000     0.000    clk_in
    E3                   IBUF (Prop_ibuf_I_O)         1.411     1.411 r  clk_in_IBUF_inst/O
                         net (fo=1, routed)           1.920     3.331    clk_in_IBUF
    BUFGCTRL_X0Y16       BUFG (Prop_bufg_I_O)         0.091     3.422 r  clk_in_IBUF_BUFG_inst/O
                         net (fo=63, routed)          1.524     4.947    clk_in_IBUF_BUFG
    SLICE_X9Y94          FDRE                                         r  shippos_reg[3]_replica_1/C

Slack:                    inf
  Source:                 btnl
                            (input port)
  Destination:            shippos_reg[5]_replica/D
                            (rising edge-triggered cell FDRE clocked by sys_clk_pin  {rise@0.000ns fall@5.000ns period=10.000ns})
  Path Group:             (none)
  Path Type:              Setup (Max at Slow Process Corner)
  Data Path Delay:        5.744ns  (logic 2.339ns (40.721%)  route 3.405ns (59.279%))
  Logic Levels:           4  (CARRY4=2 IBUF=1 LUT6=1)
  Clock Path Skew:        5.024ns (DCD - SCD + CPR)
    Destination Clock Delay (DCD):    5.024ns
    Source Clock Delay      (SCD):    0.000ns
    Clock Pessimism Removal (CPR):    0.000ns
  Clock Uncertainty:      0.025ns  ((TSJ^2 + TIJ^2)^1/2 + DJ) / 2 + PE
    Total System Jitter     (TSJ):    0.050ns
    Total Input Jitter      (TIJ):    0.000ns
    Discrete Jitter          (DJ):    0.000ns
    Phase Error              (PE):    0.000ns

    Location             Delay type                Incr(ns)  Path(ns)    Netlist Resource(s)
  -------------------------------------------------------------------    -------------------
    P17                                               0.000     0.000 r  btnl (IN)
                         net (fo=0)                   0.000     0.000    btnl
    P17                  IBUF (Prop_ibuf_I_O)         1.488     1.488 r  btnl_IBUF_inst/O
                         net (fo=5, routed)           1.954     3.442    btnl_IBUF
    SLICE_X6Y91          LUT6 (Prop_lut6_I4_O)        0.124     3.566 r  shippos[3]_i_2/O
                         net (fo=1, routed)           0.738     4.303    shippos1
    SLICE_X6Y93          CARRY4 (Prop_carry4_DI[2]_CO[3])
                                                      0.404     4.707 r  shippos_reg[3]_i_1/CO[3]
                         net (fo=1, routed)           0.000     4.707    shippos_reg[3]_i_1_n_0
    SLICE_X6Y94          CARRY4 (Prop_carry4_CI_O[1])
                                                      0.323     5.030 r  shippos_reg[7]_i_1/O[1]
                         net (fo=3, routed)           0.713     5.744    shippos_reg[7]_i_1_n_6
    SLICE_X5Y90          FDRE                                         r  shippos_reg[5]_replica/D
  -------------------------------------------------------------------    -------------------

                         (clock sys_clk_pin rise edge)
                                                      0.000     0.000 r  
    E3                                                0.000     0.000 r  clk_in (IN)
                         net (fo=0)                   0.000     0.000    clk_in
    E3                   IBUF (Prop_ibuf_I_O)         1.411     1.411 r  clk_in_IBUF_inst/O
                         net (fo=1, routed)           1.920     3.331    clk_in_IBUF
    BUFGCTRL_X0Y16       BUFG (Prop_bufg_I_O)         0.091     3.422 r  clk_in_IBUF_BUFG_inst/O
                         net (fo=63, routed)          1.601     5.024    clk_in_IBUF_BUFG
    SLICE_X5Y90          FDRE                                         r  shippos_reg[5]_replica/C

Slack:                    inf
  Source:                 btnl
                            (input port)
  Destination:            shippos_reg[9]/D
                            (rising edge-triggered cell FDRE clocked by sys_clk_pin  {rise@0.000ns fall@5.000ns period=10.000ns})
  Path Group:             (none)
  Path Type:              Setup (Max at Slow Process Corner)
  Data Path Delay:        5.700ns  (logic 2.456ns (43.088%)  route 3.244ns (56.912%))
  Logic Levels:           5  (CARRY4=3 IBUF=1 LUT6=1)
  Clock Path Skew:        5.024ns (DCD - SCD + CPR)
    Destination Clock Delay (DCD):    5.024ns
    Source Clock Delay      (SCD):    0.000ns
    Clock Pessimism Removal (CPR):    0.000ns
  Clock Uncertainty:      0.025ns  ((TSJ^2 + TIJ^2)^1/2 + DJ) / 2 + PE
    Total System Jitter     (TSJ):    0.050ns
    Total Input Jitter      (TIJ):    0.000ns
    Discrete Jitter          (DJ):    0.000ns
    Phase Error              (PE):    0.000ns

    Location             Delay type                Incr(ns)  Path(ns)    Netlist Resource(s)
  -------------------------------------------------------------------    -------------------
    P17                                               0.000     0.000 r  btnl (IN)
                         net (fo=0)                   0.000     0.000    btnl
    P17                  IBUF (Prop_ibuf_I_O)         1.488     1.488 r  btnl_IBUF_inst/O
                         net (fo=5, routed)           1.954     3.442    btnl_IBUF
    SLICE_X6Y91          LUT6 (Prop_lut6_I4_O)        0.124     3.566 r  shippos[3]_i_2/O
                         net (fo=1, routed)           0.738     4.303    shippos1
    SLICE_X6Y93          CARRY4 (Prop_carry4_DI[2]_CO[3])
                                                      0.404     4.707 r  shippos_reg[3]_i_1/CO[3]
                         net (fo=1, routed)           0.000     4.707    shippos_reg[3]_i_1_n_0
    SLICE_X6Y94          CARRY4 (Prop_carry4_CI_CO[3])
                                                      0.117     4.824 r  shippos_reg[7]_i_1/CO[3]
                         net (fo=1, routed)           0.000     4.824    shippos_reg[7]_i_1_n_0
    SLICE_X6Y95          CARRY4 (Prop_carry4_CI_O[1])
                                                      0.323     5.147 r  shippos_reg[10]_i_2/O[1]
                         net (fo=1, routed)           0.552     5.700    shippos_reg[10]_i_2_n_6
    SLICE_X5Y90          FDRE                                         r  shippos_reg[9]/D
  -------------------------------------------------------------------    -------------------

                         (clock sys_clk_pin rise edge)
                                                      0.000     0.000 r  
    E3                                                0.000     0.000 r  clk_in (IN)
                         net (fo=0)                   0.000     0.000    clk_in
    E3                   IBUF (Prop_ibuf_I_O)         1.411     1.411 r  clk_in_IBUF_inst/O
                         net (fo=1, routed)           1.920     3.331    clk_in_IBUF
    BUFGCTRL_X0Y16       BUFG (Prop_bufg_I_O)         0.091     3.422 r  clk_in_IBUF_BUFG_inst/O
                         net (fo=63, routed)          1.601     5.024    clk_in_IBUF_BUFG
    SLICE_X5Y90          FDRE                                         r  shippos_reg[9]/C

Slack:                    inf
  Source:                 btnl
                            (input port)
  Destination:            shippos_reg[5]/D
                            (rising edge-triggered cell FDRE clocked by sys_clk_pin  {rise@0.000ns fall@5.000ns period=10.000ns})
  Path Group:             (none)
  Path Type:              Setup (Max at Slow Process Corner)
  Data Path Delay:        5.699ns  (logic 2.339ns (41.040%)  route 3.360ns (58.960%))
  Logic Levels:           4  (CARRY4=2 IBUF=1 LUT6=1)
  Clock Path Skew:        5.028ns (DCD - SCD + CPR)
    Destination Clock Delay (DCD):    5.028ns
    Source Clock Delay      (SCD):    0.000ns
    Clock Pessimism Removal (CPR):    0.000ns
  Clock Uncertainty:      0.025ns  ((TSJ^2 + TIJ^2)^1/2 + DJ) / 2 + PE
    Total System Jitter     (TSJ):    0.050ns
    Total Input Jitter      (TIJ):    0.000ns
    Discrete Jitter          (DJ):    0.000ns
    Phase Error              (PE):    0.000ns

    Location             Delay type                Incr(ns)  Path(ns)    Netlist Resource(s)
  -------------------------------------------------------------------    -------------------
    P17                                               0.000     0.000 r  btnl (IN)
                         net (fo=0)                   0.000     0.000    btnl
    P17                  IBUF (Prop_ibuf_I_O)         1.488     1.488 r  btnl_IBUF_inst/O
                         net (fo=5, routed)           1.954     3.442    btnl_IBUF
    SLICE_X6Y91          LUT6 (Prop_lut6_I4_O)        0.124     3.566 r  shippos[3]_i_2/O
                         net (fo=1, routed)           0.738     4.303    shippos1
    SLICE_X6Y93          CARRY4 (Prop_carry4_DI[2]_CO[3])
                                                      0.404     4.707 r  shippos_reg[3]_i_1/CO[3]
                         net (fo=1, routed)           0.000     4.707    shippos_reg[3]_i_1_n_0
    SLICE_X6Y94          CARRY4 (Prop_carry4_CI_O[1])
                                                      0.323     5.030 r  shippos_reg[7]_i_1/O[1]
                         net (fo=3, routed)           0.669     5.699    shippos_reg[7]_i_1_n_6
    SLICE_X3Y96          FDRE                                         r  shippos_reg[5]/D
  -------------------------------------------------------------------    -------------------

                         (clock sys_clk_pin rise edge)
                                                      0.000     0.000 r  
    E3                                                0.000     0.000 r  clk_in (IN)
                         net (fo=0)                   0.000     0.000    clk_in
    E3                   IBUF (Prop_ibuf_I_O)         1.411     1.411 r  clk_in_IBUF_inst/O
                         net (fo=1, routed)           1.920     3.331    clk_in_IBUF
    BUFGCTRL_X0Y16       BUFG (Prop_bufg_I_O)         0.091     3.422 r  clk_in_IBUF_BUFG_inst/O
                         net (fo=63, routed)          1.605     5.028    clk_in_IBUF_BUFG
    SLICE_X3Y96          FDRE                                         r  shippos_reg[5]/C

Slack:                    inf
  Source:                 btnl
                            (input port)
  Destination:            shippos_reg[7]/D
                            (rising edge-triggered cell FDRE clocked by sys_clk_pin  {rise@0.000ns fall@5.000ns period=10.000ns})
  Path Group:             (none)
  Path Type:              Setup (Max at Slow Process Corner)
  Data Path Delay:        5.671ns  (logic 2.331ns (41.102%)  route 3.340ns (58.898%))
  Logic Levels:           4  (CARRY4=2 IBUF=1 LUT6=1)
  Clock Path Skew:        5.027ns (DCD - SCD + CPR)
    Destination Clock Delay (DCD):    5.027ns
    Source Clock Delay      (SCD):    0.000ns
    Clock Pessimism Removal (CPR):    0.000ns
  Clock Uncertainty:      0.025ns  ((TSJ^2 + TIJ^2)^1/2 + DJ) / 2 + PE
    Total System Jitter     (TSJ):    0.050ns
    Total Input Jitter      (TIJ):    0.000ns
    Discrete Jitter          (DJ):    0.000ns
    Phase Error              (PE):    0.000ns

    Location             Delay type                Incr(ns)  Path(ns)    Netlist Resource(s)
  -------------------------------------------------------------------    -------------------
    P17                                               0.000     0.000 r  btnl (IN)
                         net (fo=0)                   0.000     0.000    btnl
    P17                  IBUF (Prop_ibuf_I_O)         1.488     1.488 r  btnl_IBUF_inst/O
                         net (fo=5, routed)           1.954     3.442    btnl_IBUF
    SLICE_X6Y91          LUT6 (Prop_lut6_I4_O)        0.124     3.566 r  shippos[3]_i_2/O
                         net (fo=1, routed)           0.738     4.303    shippos1
    SLICE_X6Y93          CARRY4 (Prop_carry4_DI[2]_CO[3])
                                                      0.404     4.707 r  shippos_reg[3]_i_1/CO[3]
                         net (fo=1, routed)           0.000     4.707    shippos_reg[3]_i_1_n_0
    SLICE_X6Y94          CARRY4 (Prop_carry4_CI_O[3])
                                                      0.315     5.022 r  shippos_reg[7]_i_1/O[3]
                         net (fo=1, routed)           0.649     5.671    shippos_reg[7]_i_1_n_4
    SLICE_X3Y91          FDRE                                         r  shippos_reg[7]/D
  -------------------------------------------------------------------    -------------------

                         (clock sys_clk_pin rise edge)
                                                      0.000     0.000 r  
    E3                                                0.000     0.000 r  clk_in (IN)
                         net (fo=0)                   0.000     0.000    clk_in
    E3                   IBUF (Prop_ibuf_I_O)         1.411     1.411 r  clk_in_IBUF_inst/O
                         net (fo=1, routed)           1.920     3.331    clk_in_IBUF
    BUFGCTRL_X0Y16       BUFG (Prop_bufg_I_O)         0.091     3.422 r  clk_in_IBUF_BUFG_inst/O
                         net (fo=63, routed)          1.604     5.027    clk_in_IBUF_BUFG
    SLICE_X3Y91          FDRE                                         r  shippos_reg[7]/C

Slack:                    inf
  Source:                 btnu
                            (input port)
  Destination:            ship_y_pos_reg[8]/D
                            (rising edge-triggered cell FDRE clocked by sys_clk_pin  {rise@0.000ns fall@5.000ns period=10.000ns})
  Path Group:             (none)
  Path Type:              Setup (Max at Slow Process Corner)
  Data Path Delay:        5.640ns  (logic 2.344ns (41.554%)  route 3.297ns (58.446%))
  Logic Levels:           5  (CARRY4=3 IBUF=1 LUT6=1)
  Clock Path Skew:        5.027ns (DCD - SCD + CPR)
    Destination Clock Delay (DCD):    5.027ns
    Source Clock Delay      (SCD):    0.000ns
    Clock Pessimism Removal (CPR):    0.000ns
  Clock Uncertainty:      0.025ns  ((TSJ^2 + TIJ^2)^1/2 + DJ) / 2 + PE
    Total System Jitter     (TSJ):    0.050ns
    Total Input Jitter      (TIJ):    0.000ns
    Discrete Jitter          (DJ):    0.000ns
    Phase Error              (PE):    0.000ns

    Location             Delay type                Incr(ns)  Path(ns)    Netlist Resource(s)
  -------------------------------------------------------------------    -------------------
    M18                                               0.000     0.000 r  btnu (IN)
                         net (fo=0)                   0.000     0.000    btnu
    M18                  IBUF (Prop_ibuf_I_O)         1.486     1.486 r  btnu_IBUF_inst/O
                         net (fo=6, routed)           1.578     3.064    btnu_IBUF
    SLICE_X10Y95         LUT6 (Prop_lut6_I5_O)        0.124     3.188 r  ship_y_pos[3]_i_2/O
                         net (fo=1, routed)           0.790     3.978    ship_y_pos1
    SLICE_X7Y90          CARRY4 (Prop_carry4_DI[2]_CO[3])
                                                      0.398     4.376 r  ship_y_pos_reg[3]_i_1/CO[3]
                         net (fo=1, routed)           0.000     4.376    ship_y_pos_reg[3]_i_1_n_0
    SLICE_X7Y91          CARRY4 (Prop_carry4_CI_CO[3])
                                                      0.114     4.490 r  ship_y_pos_reg[7]_i_1/CO[3]
                         net (fo=1, routed)           0.000     4.490    ship_y_pos_reg[7]_i_1_n_0
    SLICE_X7Y92          CARRY4 (Prop_carry4_CI_O[0])
                                                      0.222     4.712 r  ship_y_pos_reg[10]_i_2/O[0]
                         net (fo=1, routed)           0.929     5.640    ship_y_pos_reg[10]_i_2_n_7
    SLICE_X5Y97          FDRE                                         r  ship_y_pos_reg[8]/D
  -------------------------------------------------------------------    -------------------

                         (clock sys_clk_pin rise edge)
                                                      0.000     0.000 r  
    E3                                                0.000     0.000 r  clk_in (IN)
                         net (fo=0)                   0.000     0.000    clk_in
    E3                   IBUF (Prop_ibuf_I_O)         1.411     1.411 r  clk_in_IBUF_inst/O
                         net (fo=1, routed)           1.920     3.331    clk_in_IBUF
    BUFGCTRL_X0Y16       BUFG (Prop_bufg_I_O)         0.091     3.422 r  clk_in_IBUF_BUFG_inst/O
                         net (fo=63, routed)          1.604     5.027    clk_in_IBUF_BUFG
    SLICE_X5Y97          FDRE                                         r  ship_y_pos_reg[8]/C

Slack:                    inf
  Source:                 btnl
                            (input port)
  Destination:            shippos_reg[6]/D
                            (rising edge-triggered cell FDRE clocked by sys_clk_pin  {rise@0.000ns fall@5.000ns period=10.000ns})
  Path Group:             (none)
  Path Type:              Setup (Max at Slow Process Corner)
  Data Path Delay:        5.570ns  (logic 2.255ns (40.485%)  route 3.315ns (59.515%))
  Logic Levels:           4  (CARRY4=2 IBUF=1 LUT6=1)
  Clock Path Skew:        5.028ns (DCD - SCD + CPR)
    Destination Clock Delay (DCD):    5.028ns
    Source Clock Delay      (SCD):    0.000ns
    Clock Pessimism Removal (CPR):    0.000ns
  Clock Uncertainty:      0.025ns  ((TSJ^2 + TIJ^2)^1/2 + DJ) / 2 + PE
    Total System Jitter     (TSJ):    0.050ns
    Total Input Jitter      (TIJ):    0.000ns
    Discrete Jitter          (DJ):    0.000ns
    Phase Error              (PE):    0.000ns

    Location             Delay type                Incr(ns)  Path(ns)    Netlist Resource(s)
  -------------------------------------------------------------------    -------------------
    P17                                               0.000     0.000 r  btnl (IN)
                         net (fo=0)                   0.000     0.000    btnl
    P17                  IBUF (Prop_ibuf_I_O)         1.488     1.488 r  btnl_IBUF_inst/O
                         net (fo=5, routed)           1.954     3.442    btnl_IBUF
    SLICE_X6Y91          LUT6 (Prop_lut6_I4_O)        0.124     3.566 r  shippos[3]_i_2/O
                         net (fo=1, routed)           0.738     4.303    shippos1
    SLICE_X6Y93          CARRY4 (Prop_carry4_DI[2]_CO[3])
                                                      0.404     4.707 r  shippos_reg[3]_i_1/CO[3]
                         net (fo=1, routed)           0.000     4.707    shippos_reg[3]_i_1_n_0
    SLICE_X6Y94          CARRY4 (Prop_carry4_CI_O[2])
                                                      0.239     4.946 r  shippos_reg[7]_i_1/O[2]
                         net (fo=1, routed)           0.623     5.570    shippos_reg[7]_i_1_n_5
    SLICE_X1Y95          FDRE                                         r  shippos_reg[6]/D
  -------------------------------------------------------------------    -------------------

                         (clock sys_clk_pin rise edge)
                                                      0.000     0.000 r  
    E3                                                0.000     0.000 r  clk_in (IN)
                         net (fo=0)                   0.000     0.000    clk_in
    E3                   IBUF (Prop_ibuf_I_O)         1.411     1.411 r  clk_in_IBUF_inst/O
                         net (fo=1, routed)           1.920     3.331    clk_in_IBUF
    BUFGCTRL_X0Y16       BUFG (Prop_bufg_I_O)         0.091     3.422 r  clk_in_IBUF_BUFG_inst/O
                         net (fo=63, routed)          1.605     5.028    clk_in_IBUF_BUFG
    SLICE_X1Y95          FDRE                                         r  shippos_reg[6]/C

Slack:                    inf
  Source:                 btnu
                            (input port)
  Destination:            ship_y_pos_reg[9]/D
                            (rising edge-triggered cell FDRE clocked by sys_clk_pin  {rise@0.000ns fall@5.000ns period=10.000ns})
  Path Group:             (none)
  Path Type:              Setup (Max at Slow Process Corner)
  Data Path Delay:        5.469ns  (logic 2.456ns (44.903%)  route 3.013ns (55.097%))
  Logic Levels:           5  (CARRY4=3 IBUF=1 LUT6=1)
  Clock Path Skew:        5.024ns (DCD - SCD + CPR)
    Destination Clock Delay (DCD):    5.024ns
    Source Clock Delay      (SCD):    0.000ns
    Clock Pessimism Removal (CPR):    0.000ns
  Clock Uncertainty:      0.025ns  ((TSJ^2 + TIJ^2)^1/2 + DJ) / 2 + PE
    Total System Jitter     (TSJ):    0.050ns
    Total Input Jitter      (TIJ):    0.000ns
    Discrete Jitter          (DJ):    0.000ns
    Phase Error              (PE):    0.000ns

    Location             Delay type                Incr(ns)  Path(ns)    Netlist Resource(s)
  -------------------------------------------------------------------    -------------------
    M18                                               0.000     0.000 r  btnu (IN)
                         net (fo=0)                   0.000     0.000    btnu
    M18                  IBUF (Prop_ibuf_I_O)         1.486     1.486 r  btnu_IBUF_inst/O
                         net (fo=6, routed)           1.578     3.064    btnu_IBUF
    SLICE_X10Y95         LUT6 (Prop_lut6_I5_O)        0.124     3.188 r  ship_y_pos[3]_i_2/O
                         net (fo=1, routed)           0.790     3.978    ship_y_pos1
    SLICE_X7Y90          CARRY4 (Prop_carry4_DI[2]_CO[3])
                                                      0.398     4.376 r  ship_y_pos_reg[3]_i_1/CO[3]
                         net (fo=1, routed)           0.000     4.376    ship_y_pos_reg[3]_i_1_n_0
    SLICE_X7Y91          CARRY4 (Prop_carry4_CI_CO[3])
                                                      0.114     4.490 r  ship_y_pos_reg[7]_i_1/CO[3]
                         net (fo=1, routed)           0.000     4.490    ship_y_pos_reg[7]_i_1_n_0
    SLICE_X7Y92          CARRY4 (Prop_carry4_CI_O[1])
                                                      0.334     4.824 r  ship_y_pos_reg[10]_i_2/O[1]
                         net (fo=1, routed)           0.645     5.469    ship_y_pos_reg[10]_i_2_n_6
    SLICE_X7Y90          FDRE                                         r  ship_y_pos_reg[9]/D
  -------------------------------------------------------------------    -------------------

                         (clock sys_clk_pin rise edge)
                                                      0.000     0.000 r  
    E3                                                0.000     0.000 r  clk_in (IN)
                         net (fo=0)                   0.000     0.000    clk_in
    E3                   IBUF (Prop_ibuf_I_O)         1.411     1.411 r  clk_in_IBUF_inst/O
                         net (fo=1, routed)           1.920     3.331    clk_in_IBUF
    BUFGCTRL_X0Y16       BUFG (Prop_bufg_I_O)         0.091     3.422 r  clk_in_IBUF_BUFG_inst/O
                         net (fo=63, routed)          1.601     5.024    clk_in_IBUF_BUFG
    SLICE_X7Y90          FDRE                                         r  ship_y_pos_reg[9]/C





Min Delay Paths
--------------------------------------------------------------------------------------
Slack:                    inf
  Source:                 btnu
                            (input port)
  Destination:            ship_y_pos_reg[5]/D
                            (rising edge-triggered cell FDRE clocked by sys_clk_pin  {rise@0.000ns fall@5.000ns period=10.000ns})
  Path Group:             (none)
  Path Type:              Hold (Min at Fast Process Corner)
  Data Path Delay:        0.994ns  (logic 0.405ns (40.711%)  route 0.589ns (59.289%))
  Logic Levels:           3  (CARRY4=1 IBUF=1 LUT4=1)
  Clock Path Skew:        2.038ns (DCD - SCD - CPR)
    Destination Clock Delay (DCD):    2.038ns
    Source Clock Delay      (SCD):    0.000ns
    Clock Pessimism Removal (CPR):    -0.000ns

    Location             Delay type                Incr(ns)  Path(ns)    Netlist Resource(s)
  -------------------------------------------------------------------    -------------------
    M18                                               0.000     0.000 r  btnu (IN)
                         net (fo=0)                   0.000     0.000    btnu
    M18                  IBUF (Prop_ibuf_I_O)         0.254     0.254 r  btnu_IBUF_inst/O
                         net (fo=6, routed)           0.454     0.707    btnu_IBUF
    SLICE_X7Y91          LUT4 (Prop_lut4_I1_O)        0.045     0.752 r  ship_y_pos[7]_i_6/O
                         net (fo=1, routed)           0.000     0.752    ship_y_pos[7]_i_6_n_0
    SLICE_X7Y91          CARRY4 (Prop_carry4_S[0]_O[1])
                                                      0.106     0.858 r  ship_y_pos_reg[7]_i_1/O[1]
                         net (fo=3, routed)           0.136     0.994    ship_y_pos_reg[7]_i_1_n_6
    SLICE_X5Y91          FDRE                                         r  ship_y_pos_reg[5]/D
  -------------------------------------------------------------------    -------------------

                         (clock sys_clk_pin rise edge)
                                                      0.000     0.000 r  
    E3                                                0.000     0.000 r  clk_in (IN)
                         net (fo=0)                   0.000     0.000    clk_in
    E3                   IBUF (Prop_ibuf_I_O)         0.438     0.438 r  clk_in_IBUF_inst/O
                         net (fo=1, routed)           0.699     1.136    clk_in_IBUF
    BUFGCTRL_X0Y16       BUFG (Prop_bufg_I_O)         0.029     1.165 r  clk_in_IBUF_BUFG_inst/O
                         net (fo=63, routed)          0.873     2.038    clk_in_IBUF_BUFG
    SLICE_X5Y91          FDRE                                         r  ship_y_pos_reg[5]/C

Slack:                    inf
  Source:                 btnu
                            (input port)
  Destination:            ship_y_pos_reg[3]/D
                            (rising edge-triggered cell FDRE clocked by sys_clk_pin  {rise@0.000ns fall@5.000ns period=10.000ns})
  Path Group:             (none)
  Path Type:              Hold (Min at Fast Process Corner)
  Data Path Delay:        1.039ns  (logic 0.362ns (34.792%)  route 0.678ns (65.208%))
  Logic Levels:           3  (CARRY4=1 IBUF=1 LUT4=1)
  Clock Path Skew:        2.038ns (DCD - SCD - CPR)
    Destination Clock Delay (DCD):    2.038ns
    Source Clock Delay      (SCD):    0.000ns
    Clock Pessimism Removal (CPR):    -0.000ns

    Location             Delay type                Incr(ns)  Path(ns)    Netlist Resource(s)
  -------------------------------------------------------------------    -------------------
    M18                                               0.000     0.000 r  btnu (IN)
                         net (fo=0)                   0.000     0.000    btnu
    M18                  IBUF (Prop_ibuf_I_O)         0.254     0.254 r  btnu_IBUF_inst/O
                         net (fo=6, routed)           0.539     0.793    btnu_IBUF
    SLICE_X7Y90          LUT4 (Prop_lut4_I0_O)        0.045     0.838 r  ship_y_pos[3]_i_3/O
                         net (fo=1, routed)           0.000     0.838    ship_y_pos[3]_i_3_n_0
    SLICE_X7Y90          CARRY4 (Prop_carry4_S[3]_O[3])
                                                      0.063     0.901 r  ship_y_pos_reg[3]_i_1/O[3]
                         net (fo=1, routed)           0.138     1.039    ship_y_pos_reg[3]_i_1_n_4
    SLICE_X7Y90          FDRE                                         r  ship_y_pos_reg[3]/D
  -------------------------------------------------------------------    -------------------

                         (clock sys_clk_pin rise edge)
                                                      0.000     0.000 r  
    E3                                                0.000     0.000 r  clk_in (IN)
                         net (fo=0)                   0.000     0.000    clk_in
    E3                   IBUF (Prop_ibuf_I_O)         0.438     0.438 r  clk_in_IBUF_inst/O
                         net (fo=1, routed)           0.699     1.136    clk_in_IBUF
    BUFGCTRL_X0Y16       BUFG (Prop_bufg_I_O)         0.029     1.165 r  clk_in_IBUF_BUFG_inst/O
                         net (fo=63, routed)          0.873     2.038    clk_in_IBUF_BUFG
    SLICE_X7Y90          FDRE                                         r  ship_y_pos_reg[3]/C

Slack:                    inf
  Source:                 btnu
                            (input port)
  Destination:            ship_y_pos_reg[4]/D
                            (rising edge-triggered cell FDRE clocked by sys_clk_pin  {rise@0.000ns fall@5.000ns period=10.000ns})
  Path Group:             (none)
  Path Type:              Hold (Min at Fast Process Corner)
  Data Path Delay:        1.074ns  (logic 0.369ns (34.315%)  route 0.706ns (65.685%))
  Logic Levels:           3  (CARRY4=1 IBUF=1 LUT4=1)
  Clock Path Skew:        2.040ns (DCD - SCD - CPR)
    Destination Clock Delay (DCD):    2.040ns
    Source Clock Delay      (SCD):    0.000ns
    Clock Pessimism Removal (CPR):    -0.000ns

    Location             Delay type                Incr(ns)  Path(ns)    Netlist Resource(s)
  -------------------------------------------------------------------    -------------------
    M18                                               0.000     0.000 r  btnu (IN)
                         net (fo=0)                   0.000     0.000    btnu
    M18                  IBUF (Prop_ibuf_I_O)         0.254     0.254 r  btnu_IBUF_inst/O
                         net (fo=6, routed)           0.454     0.707    btnu_IBUF
    SLICE_X7Y91          LUT4 (Prop_lut4_I1_O)        0.045     0.752 r  ship_y_pos[7]_i_6/O
                         net (fo=1, routed)           0.000     0.752    ship_y_pos[7]_i_6_n_0
    SLICE_X7Y91          CARRY4 (Prop_carry4_S[0]_O[0])
                                                      0.070     0.822 r  ship_y_pos_reg[7]_i_1/O[0]
                         net (fo=1, routed)           0.252     1.074    ship_y_pos_reg[7]_i_1_n_7
    SLICE_X4Y97          FDRE                                         r  ship_y_pos_reg[4]/D
  -------------------------------------------------------------------    -------------------

                         (clock sys_clk_pin rise edge)
                                                      0.000     0.000 r  
    E3                                                0.000     0.000 r  clk_in (IN)
                         net (fo=0)                   0.000     0.000    clk_in
    E3                   IBUF (Prop_ibuf_I_O)         0.438     0.438 r  clk_in_IBUF_inst/O
                         net (fo=1, routed)           0.699     1.136    clk_in_IBUF
    BUFGCTRL_X0Y16       BUFG (Prop_bufg_I_O)         0.029     1.165 r  clk_in_IBUF_BUFG_inst/O
                         net (fo=63, routed)          0.875     2.040    clk_in_IBUF_BUFG
    SLICE_X4Y97          FDRE                                         r  ship_y_pos_reg[4]/C

Slack:                    inf
  Source:                 btnu
                            (input port)
  Destination:            ship_y_pos_reg[2]/D
                            (rising edge-triggered cell FDRE clocked by sys_clk_pin  {rise@0.000ns fall@5.000ns period=10.000ns})
  Path Group:             (none)
  Path Type:              Hold (Min at Fast Process Corner)
  Data Path Delay:        1.077ns  (logic 0.365ns (33.867%)  route 0.712ns (66.133%))
  Logic Levels:           3  (CARRY4=1 IBUF=1 LUT4=1)
  Clock Path Skew:        2.038ns (DCD - SCD - CPR)
    Destination Clock Delay (DCD):    2.038ns
    Source Clock Delay      (SCD):    0.000ns
    Clock Pessimism Removal (CPR):    -0.000ns

    Location             Delay type                Incr(ns)  Path(ns)    Netlist Resource(s)
  -------------------------------------------------------------------    -------------------
    M18                                               0.000     0.000 r  btnu (IN)
                         net (fo=0)                   0.000     0.000    btnu
    M18                  IBUF (Prop_ibuf_I_O)         0.254     0.254 r  btnu_IBUF_inst/O
                         net (fo=6, routed)           0.538     0.792    btnu_IBUF
    SLICE_X7Y90          LUT4 (Prop_lut4_I0_O)        0.045     0.837 r  ship_y_pos[3]_i_4/O
                         net (fo=1, routed)           0.000     0.837    ship_y_pos[3]_i_4_n_0
    SLICE_X7Y90          CARRY4 (Prop_carry4_S[2]_O[2])
                                                      0.066     0.903 r  ship_y_pos_reg[3]_i_1/O[2]
                         net (fo=4, routed)           0.173     1.077    ship_y_pos_reg[3]_i_1_n_5
    SLICE_X7Y90          FDRE                                         r  ship_y_pos_reg[2]/D
  -------------------------------------------------------------------    -------------------

                         (clock sys_clk_pin rise edge)
                                                      0.000     0.000 r  
    E3                                                0.000     0.000 r  clk_in (IN)
                         net (fo=0)                   0.000     0.000    clk_in
    E3                   IBUF (Prop_ibuf_I_O)         0.438     0.438 r  clk_in_IBUF_inst/O
                         net (fo=1, routed)           0.699     1.136    clk_in_IBUF
    BUFGCTRL_X0Y16       BUFG (Prop_bufg_I_O)         0.029     1.165 r  clk_in_IBUF_BUFG_inst/O
                         net (fo=63, routed)          0.873     2.038    clk_in_IBUF_BUFG
    SLICE_X7Y90          FDRE                                         r  ship_y_pos_reg[2]/C

Slack:                    inf
  Source:                 btnu
                            (input port)
  Destination:            ship_y_pos_reg[5]_replica/D
                            (rising edge-triggered cell FDRE clocked by sys_clk_pin  {rise@0.000ns fall@5.000ns period=10.000ns})
  Path Group:             (none)
  Path Type:              Hold (Min at Fast Process Corner)
  Data Path Delay:        1.093ns  (logic 0.405ns (37.018%)  route 0.688ns (62.982%))
  Logic Levels:           3  (CARRY4=1 IBUF=1 LUT4=1)
  Clock Path Skew:        2.010ns (DCD - SCD - CPR)
    Destination Clock Delay (DCD):    2.010ns
    Source Clock Delay      (SCD):    0.000ns
    Clock Pessimism Removal (CPR):    -0.000ns

    Location             Delay type                Incr(ns)  Path(ns)    Netlist Resource(s)
  -------------------------------------------------------------------    -------------------
    M18                                               0.000     0.000 r  btnu (IN)
                         net (fo=0)                   0.000     0.000    btnu
    M18                  IBUF (Prop_ibuf_I_O)         0.254     0.254 r  btnu_IBUF_inst/O
                         net (fo=6, routed)           0.454     0.707    btnu_IBUF
    SLICE_X7Y91          LUT4 (Prop_lut4_I1_O)        0.045     0.752 r  ship_y_pos[7]_i_6/O
                         net (fo=1, routed)           0.000     0.752    ship_y_pos[7]_i_6_n_0
    SLICE_X7Y91          CARRY4 (Prop_carry4_S[0]_O[1])
                                                      0.106     0.858 r  ship_y_pos_reg[7]_i_1/O[1]
                         net (fo=3, routed)           0.235     1.093    ship_y_pos_reg[7]_i_1_n_6
    SLICE_X9Y91          FDRE                                         r  ship_y_pos_reg[5]_replica/D
  -------------------------------------------------------------------    -------------------

                         (clock sys_clk_pin rise edge)
                                                      0.000     0.000 r  
    E3                                                0.000     0.000 r  clk_in (IN)
                         net (fo=0)                   0.000     0.000    clk_in
    E3                   IBUF (Prop_ibuf_I_O)         0.438     0.438 r  clk_in_IBUF_inst/O
                         net (fo=1, routed)           0.699     1.136    clk_in_IBUF
    BUFGCTRL_X0Y16       BUFG (Prop_bufg_I_O)         0.029     1.165 r  clk_in_IBUF_BUFG_inst/O
                         net (fo=63, routed)          0.845     2.010    clk_in_IBUF_BUFG
    SLICE_X9Y91          FDRE                                         r  ship_y_pos_reg[5]_replica/C

Slack:                    inf
  Source:                 btnu
                            (input port)
  Destination:            ship_y_pos_reg[7]/D
                            (rising edge-triggered cell FDRE clocked by sys_clk_pin  {rise@0.000ns fall@5.000ns period=10.000ns})
  Path Group:             (none)
  Path Type:              Hold (Min at Fast Process Corner)
  Data Path Delay:        1.100ns  (logic 0.465ns (42.220%)  route 0.636ns (57.780%))
  Logic Levels:           3  (CARRY4=1 IBUF=1 LUT4=1)
  Clock Path Skew:        2.038ns (DCD - SCD - CPR)
    Destination Clock Delay (DCD):    2.038ns
    Source Clock Delay      (SCD):    0.000ns
    Clock Pessimism Removal (CPR):    -0.000ns

    Location             Delay type                Incr(ns)  Path(ns)    Netlist Resource(s)
  -------------------------------------------------------------------    -------------------
    M18                                               0.000     0.000 r  btnu (IN)
                         net (fo=0)                   0.000     0.000    btnu
    M18                  IBUF (Prop_ibuf_I_O)         0.254     0.254 r  btnu_IBUF_inst/O
                         net (fo=6, routed)           0.454     0.707    btnu_IBUF
    SLICE_X7Y91          LUT4 (Prop_lut4_I1_O)        0.045     0.752 r  ship_y_pos[7]_i_6/O
                         net (fo=1, routed)           0.000     0.752    ship_y_pos[7]_i_6_n_0
    SLICE_X7Y91          CARRY4 (Prop_carry4_S[0]_O[3])
                                                      0.166     0.918 r  ship_y_pos_reg[7]_i_1/O[3]
                         net (fo=1, routed)           0.182     1.100    ship_y_pos_reg[7]_i_1_n_4
    SLICE_X4Y91          FDRE                                         r  ship_y_pos_reg[7]/D
  -------------------------------------------------------------------    -------------------

                         (clock sys_clk_pin rise edge)
                                                      0.000     0.000 r  
    E3                                                0.000     0.000 r  clk_in (IN)
                         net (fo=0)                   0.000     0.000    clk_in
    E3                   IBUF (Prop_ibuf_I_O)         0.438     0.438 r  clk_in_IBUF_inst/O
                         net (fo=1, routed)           0.699     1.136    clk_in_IBUF
    BUFGCTRL_X0Y16       BUFG (Prop_bufg_I_O)         0.029     1.165 r  clk_in_IBUF_BUFG_inst/O
                         net (fo=63, routed)          0.873     2.038    clk_in_IBUF_BUFG
    SLICE_X4Y91          FDRE                                         r  ship_y_pos_reg[7]/C

Slack:                    inf
  Source:                 btnu
                            (input port)
  Destination:            ship_y_pos_reg[6]/D
                            (rising edge-triggered cell FDRE clocked by sys_clk_pin  {rise@0.000ns fall@5.000ns period=10.000ns})
  Path Group:             (none)
  Path Type:              Hold (Min at Fast Process Corner)
  Data Path Delay:        1.150ns  (logic 0.445ns (38.657%)  route 0.705ns (61.343%))
  Logic Levels:           3  (CARRY4=1 IBUF=1 LUT4=1)
  Clock Path Skew:        2.042ns (DCD - SCD - CPR)
    Destination Clock Delay (DCD):    2.042ns
    Source Clock Delay      (SCD):    0.000ns
    Clock Pessimism Removal (CPR):    -0.000ns

    Location             Delay type                Incr(ns)  Path(ns)    Netlist Resource(s)
  -------------------------------------------------------------------    -------------------
    M18                                               0.000     0.000 r  btnu (IN)
                         net (fo=0)                   0.000     0.000    btnu
    M18                  IBUF (Prop_ibuf_I_O)         0.254     0.254 r  btnu_IBUF_inst/O
                         net (fo=6, routed)           0.454     0.707    btnu_IBUF
    SLICE_X7Y91          LUT4 (Prop_lut4_I1_O)        0.045     0.752 r  ship_y_pos[7]_i_6/O
                         net (fo=1, routed)           0.000     0.752    ship_y_pos[7]_i_6_n_0
    SLICE_X7Y91          CARRY4 (Prop_carry4_S[0]_O[2])
                                                      0.146     0.898 r  ship_y_pos_reg[7]_i_1/O[2]
                         net (fo=1, routed)           0.252     1.150    ship_y_pos_reg[7]_i_1_n_5
    SLICE_X3Y95          FDRE                                         r  ship_y_pos_reg[6]/D
  -------------------------------------------------------------------    -------------------

                         (clock sys_clk_pin rise edge)
                                                      0.000     0.000 r  
    E3                                                0.000     0.000 r  clk_in (IN)
                         net (fo=0)                   0.000     0.000    clk_in
    E3                   IBUF (Prop_ibuf_I_O)         0.438     0.438 r  clk_in_IBUF_inst/O
                         net (fo=1, routed)           0.699     1.136    clk_in_IBUF
    BUFGCTRL_X0Y16       BUFG (Prop_bufg_I_O)         0.029     1.165 r  clk_in_IBUF_BUFG_inst/O
                         net (fo=63, routed)          0.877     2.042    clk_in_IBUF_BUFG
    SLICE_X3Y95          FDRE                                         r  ship_y_pos_reg[6]/C

Slack:                    inf
  Source:                 btnu
                            (input port)
  Destination:            ship_y_pos_reg[5]_replica_1/D
                            (rising edge-triggered cell FDRE clocked by sys_clk_pin  {rise@0.000ns fall@5.000ns period=10.000ns})
  Path Group:             (none)
  Path Type:              Hold (Min at Fast Process Corner)
  Data Path Delay:        1.151ns  (logic 0.405ns (35.148%)  route 0.746ns (64.852%))
  Logic Levels:           3  (CARRY4=1 IBUF=1 LUT4=1)
  Clock Path Skew:        2.040ns (DCD - SCD - CPR)
    Destination Clock Delay (DCD):    2.040ns
    Source Clock Delay      (SCD):    0.000ns
    Clock Pessimism Removal (CPR):    -0.000ns

    Location             Delay type                Incr(ns)  Path(ns)    Netlist Resource(s)
  -------------------------------------------------------------------    -------------------
    M18                                               0.000     0.000 r  btnu (IN)
                         net (fo=0)                   0.000     0.000    btnu
    M18                  IBUF (Prop_ibuf_I_O)         0.254     0.254 r  btnu_IBUF_inst/O
                         net (fo=6, routed)           0.454     0.707    btnu_IBUF
    SLICE_X7Y91          LUT4 (Prop_lut4_I1_O)        0.045     0.752 r  ship_y_pos[7]_i_6/O
                         net (fo=1, routed)           0.000     0.752    ship_y_pos[7]_i_6_n_0
    SLICE_X7Y91          CARRY4 (Prop_carry4_S[0]_O[1])
                                                      0.106     0.858 r  ship_y_pos_reg[7]_i_1/O[1]
                         net (fo=3, routed)           0.293     1.151    ship_y_pos_reg[7]_i_1_n_6
    SLICE_X4Y97          FDRE                                         r  ship_y_pos_reg[5]_replica_1/D
  -------------------------------------------------------------------    -------------------

                         (clock sys_clk_pin rise edge)
                                                      0.000     0.000 r  
    E3                                                0.000     0.000 r  clk_in (IN)
                         net (fo=0)                   0.000     0.000    clk_in
    E3                   IBUF (Prop_ibuf_I_O)         0.438     0.438 r  clk_in_IBUF_inst/O
                         net (fo=1, routed)           0.699     1.136    clk_in_IBUF
    BUFGCTRL_X0Y16       BUFG (Prop_bufg_I_O)         0.029     1.165 r  clk_in_IBUF_BUFG_inst/O
                         net (fo=63, routed)          0.875     2.040    clk_in_IBUF_BUFG
    SLICE_X4Y97          FDRE                                         r  ship_y_pos_reg[5]_replica_1/C

Slack:                    inf
  Source:                 btnl
                            (input port)
  Destination:            shippos_reg[6]/CE
                            (rising edge-triggered cell FDRE clocked by sys_clk_pin  {rise@0.000ns fall@5.000ns period=10.000ns})
  Path Group:             (none)
  Path Type:              Hold (Min at Fast Process Corner)
  Data Path Delay:        1.158ns  (logic 0.301ns (25.966%)  route 0.857ns (74.034%))
  Logic Levels:           2  (IBUF=1 LUT6=1)
  Clock Path Skew:        2.042ns (DCD - SCD - CPR)
    Destination Clock Delay (DCD):    2.042ns
    Source Clock Delay      (SCD):    0.000ns
    Clock Pessimism Removal (CPR):    -0.000ns

    Location             Delay type                Incr(ns)  Path(ns)    Netlist Resource(s)
  -------------------------------------------------------------------    -------------------
    P17                                               0.000     0.000 r  btnl (IN)
                         net (fo=0)                   0.000     0.000    btnl
    P17                  IBUF (Prop_ibuf_I_O)         0.256     0.256 r  btnl_IBUF_inst/O
                         net (fo=5, routed)           0.757     1.013    btnl_IBUF
    SLICE_X3Y95          LUT6 (Prop_lut6_I0_O)        0.045     1.058 r  shippos[10]_i_1/O
                         net (fo=23, routed)          0.100     1.158    shippos[10]_i_1_n_0
    SLICE_X1Y95          FDRE                                         r  shippos_reg[6]/CE
  -------------------------------------------------------------------    -------------------

                         (clock sys_clk_pin rise edge)
                                                      0.000     0.000 r  
    E3                                                0.000     0.000 r  clk_in (IN)
                         net (fo=0)                   0.000     0.000    clk_in
    E3                   IBUF (Prop_ibuf_I_O)         0.438     0.438 r  clk_in_IBUF_inst/O
                         net (fo=1, routed)           0.699     1.136    clk_in_IBUF
    BUFGCTRL_X0Y16       BUFG (Prop_bufg_I_O)         0.029     1.165 r  clk_in_IBUF_BUFG_inst/O
                         net (fo=63, routed)          0.877     2.042    clk_in_IBUF_BUFG
    SLICE_X1Y95          FDRE                                         r  shippos_reg[6]/C

Slack:                    inf
  Source:                 btnu
                            (input port)
  Destination:            ship_y_pos_reg[2]_replica/D
                            (rising edge-triggered cell FDRE clocked by sys_clk_pin  {rise@0.000ns fall@5.000ns period=10.000ns})
  Path Group:             (none)
  Path Type:              Hold (Min at Fast Process Corner)
  Data Path Delay:        1.160ns  (logic 0.365ns (31.429%)  route 0.795ns (68.571%))
  Logic Levels:           3  (CARRY4=1 IBUF=1 LUT4=1)
  Clock Path Skew:        2.038ns (DCD - SCD - CPR)
    Destination Clock Delay (DCD):    2.038ns
    Source Clock Delay      (SCD):    0.000ns
    Clock Pessimism Removal (CPR):    -0.000ns

    Location             Delay type                Incr(ns)  Path(ns)    Netlist Resource(s)
  -------------------------------------------------------------------    -------------------
    M18                                               0.000     0.000 r  btnu (IN)
                         net (fo=0)                   0.000     0.000    btnu
    M18                  IBUF (Prop_ibuf_I_O)         0.254     0.254 r  btnu_IBUF_inst/O
                         net (fo=6, routed)           0.538     0.792    btnu_IBUF
    SLICE_X7Y90          LUT4 (Prop_lut4_I0_O)        0.045     0.837 r  ship_y_pos[3]_i_4/O
                         net (fo=1, routed)           0.000     0.837    ship_y_pos[3]_i_4_n_0
    SLICE_X7Y90          CARRY4 (Prop_carry4_S[2]_O[2])
                                                      0.066     0.903 r  ship_y_pos_reg[3]_i_1/O[2]
                         net (fo=4, routed)           0.257     1.160    ship_y_pos_reg[3]_i_1_n_5
    SLICE_X5Y91          FDRE                                         r  ship_y_pos_reg[2]_replica/D
  -------------------------------------------------------------------    -------------------

                         (clock sys_clk_pin rise edge)
                                                      0.000     0.000 r  
    E3                                                0.000     0.000 r  clk_in (IN)
                         net (fo=0)                   0.000     0.000    clk_in
    E3                   IBUF (Prop_ibuf_I_O)         0.438     0.438 r  clk_in_IBUF_inst/O
                         net (fo=1, routed)           0.699     1.136    clk_in_IBUF
    BUFGCTRL_X0Y16       BUFG (Prop_bufg_I_O)         0.029     1.165 r  clk_in_IBUF_BUFG_inst/O
                         net (fo=63, routed)          0.873     2.038    clk_in_IBUF_BUFG
    SLICE_X5Y91          FDRE                                         r  ship_y_pos_reg[2]_replica/C





